ply
format ascii 1.0
element vertex 6861
property float x
property float y
property float z
property float nx
property float ny
property float nz
property uchar red
property uchar green
property uchar blue
end_header
4.152099609375 6.355532169342041 26.65558624267578 0.6497851652595071 0.45225237962833514 -0.6109394602816086 166 146 136
-16.695098876953125 -3.1684374809265137 48.93102264404297 -0.032713035562182 -0.8622318241314051 -0.5054563668204582 113 107 73
19.395767211914062 -4.582212924957275 72.67745971679688 -0.14264070350406438 0.9216858453609363 0.36076146158530026 137 125 98
9.553797721862793 9.821854591369629 27.669828414916992 0.10858559239026604 -0.8982018523862416 -0.42596079807322573 65 55 30
6.242605686187744 8.610699653625488 28.5340576171875 0.053048981038765146 -0.8300388358567479 -0.5551768516250685 147 136 104
12.295459747314453 9.71560001373291 28.699254989624023 0.3102065826583439 -0.8445347942456822 -0.43650069574267036 67 57 45
13.72976303100586 11.034167289733887 27.535781860351562 0.272746185300828 -0.7724609733620671 -0.5735098630680854 67 52 47
11.941965103149414 7.706559658050537 32.20806121826172 0.29618743667574954 -0.8284637187818548 -0.475311339037466 73 68 36
-1.2342748641967773 1.1425071954727173 41.40829849243164 0.01569638550708329 -0.9498329615697887 -0.3123635199532384 141 130 102
14.358070373535156 7.938425064086914 32.82203674316406 0.09913835808507919 -0.8511264317953393 -0.5155146778274398 71 71 33
-3.282769203186035 -3.5168275833129883 52.838592529296875 0.31244696603075667 -0.9049996056647315 -0.2887085159202195 95 78 60
-2.978616714477539 -18.53268814086914 106.43478393554688 -0.12353305277883651 0.8926431827940956 0.433506324154985 106 94 68
29.74899673461914 10.189411163330078 38.17099380493164 0.2656973318283037 -0.8645543909658053 -0.4265567171210252 43 38 29
36.218013763427734 8.49625015258789 45.2590446472168 -0.17139955083834435 0.9123284091782988 0.371858935321727 87 80 72
-0.5616907477378845 6.835447311401367 31.398502349853516 0.02465951817966119 -0.8370406294758127 -0.5465847535102693 60 54 30
4.2392377853393555 5.943169593811035 26.293046951293945 0.6733928105168192 0.3593001808513062 -0.6461002265782589 158 140 138
13.625356674194336 8.112139701843262 32.29780960083008 0.11606583186202064 -0.8423331740301354 -0.5263112639897558 81 75 49
8.20965576171875 5.934662818908691 33.67330551147461 0.22046264156833573 -0.8587340607790112 -0.4625711151063164 132 118 92
-14.130217552185059 3.9404337406158447 35.44474792480469 -0.052082017736431535 -0.8813869260816474 -0.46951522867831086 102 96 62
4.272423267364502 6.007126331329346 26.472423553466797 0.7864571092086006 0.17467927360556276 -0.5924292082163776 169 149 143
18.822200775146484 9.73371410369873 31.712739944458008 0.2868386198239177 -0.8566414487169313 -0.4288228474762822 61 46 41
3.5118722915649414 6.059394836425781 25.839927673339844 0.23178102660195446 0.12208607876030328 -0.9650764452002116 172 157 152
-20.718658447265625 -1.9791057109832764 45.6900749206543 -0.0808379631775028 -0.7824486340587026 -0.6174458346842929 135 128 102
-7.98420524597168 0.1828298568725586 42.60475158691406 -0.007100531575802308 -0.906989831671814 -0.42109265927498113 124 110 84
3.5875766277313232 6.399432182312012 26.036287307739258 0.5552143734769308 0.32773572728595574 -0.7644123838249645 170 151 145
17.9466495513916 8.047342300415039 34.30508804321289 0.38591318556503923 -0.8475670499964036 -0.36428163413413717 61 50 46
-3.7666263580322266 5.675095081329346 33.006980895996094 0.300208511634973 -0.8079906261116122 -0.5069773147367433 146 132 106
-6.430002212524414 0.1601635366678238 42.4823112487793 0.05422101163589223 -0.9353963982211696 -0.3494190322407225 106 92 63
-0.5572623014450073 6.652598857879639 31.67793846130371 0.3018552665682251 0.9503598769619274 0.0754950482212987 83 78 59
8.129390716552734 5.585218906402588 34.81829833984375 0.15419971832947654 -0.9053364157808236 -0.3957125486110365 108 96 70
4.4904375076293945 7.857437610626221 27.445756912231445 0.8129120495021751 0.14151994104903112 -0.5649301780394211 179 158 155
23.41051483154297 -1.4327003955841064 63.66933059692383 -0.021920621289740636 0.9652028807496612 0.2605818208448692 123 119 90
-1.2573022842407227 -0.36881956458091736 45.198097229003906 0.11342068040697319 -0.8999844424182734 -0.42090824731892496 121 105 82
28.880001068115234 9.861433982849121 38.22903823852539 0.26149201784326553 -0.8341299292187212 -0.4856430641796795 30 19 23
-8.737675666809082 4.116866588592529 34.93001174926758 0.027549363946548593 -0.8965722780087173 -0.44203979781508324 156 143 101
5.2094292640686035 3.036175012588501 38.83709716796875 0.01490394105682657 -0.9737024359037453 -0.22733552044519467 120 105 62
2.5069923400878906 2.0130090713500977 24.818449020385742 -0.5407403522930764 0.14801960091493058 -0.8280640489400228 159 147 147
15.951991081237793 6.844435214996338 35.70509719848633 0.3062434103584646 -0.7922066331627742 -0.5278481069255798 94 85 70
-4.1378021240234375 -4.815088272094727 56.5599365234375 0.11811763585460756 -0.9523327703972887 -0.2812659213760939 114 103 71
-10.50244140625 1.338944911956787 39.694984436035156 0.06558072965414022 -0.8832735731007674 -0.4642488157872178 111 98 66
-9.170055389404297 1.3909896612167358 40.06169891357422 -0.2868314747165967 -0.8871634261447582 -0.36148134173563723 114 104 69
-8.797615051269531 2.8874707221984863 37.31344223022461 -0.12749018593068212 -0.875863050417825 -0.46541397637387594 102 89 55
20.76697540283203 3.1811392307281494 47.398155212402344 0.331841770971455 -0.8987045882630009 -0.2867247845470614 179 171 124
10.520195960998535 8.015996932983398 31.21175765991211 0.08052175028061895 -0.866226278970187 -0.49312096016414597 118 118 66
6.297241687774658 3.2592079639434814 38.46726608276367 0.09388408019174231 -0.812548046318336 -0.575283801189297 128 113 84
3.7307889461517334 5.982684135437012 25.989501953125 0.585787409097292 0.11924967022359328 -0.8016437035832352 174 158 156
-0.48400169610977173 2.5823287963867188 38.639808654785156 0.14733539240505555 -0.8760833003251229 -0.45909730236224305 127 111 88
-0.6683030128479004 -19.95220184326172 108.82825469970703 -0.12353305277883675 0.8926431827940956 0.4335063241549855 98 85 71
-3.645379066467285 2.2585737705230713 38.88267517089844 0.048516860388978233 -0.8811823436959518 -0.4702805454369825 115 96 79
-8.868551254272461 5.542779922485352 31.847122192382812 -0.6392913293007514 0.4479063171546324 -0.6250492199290009 179 175 127
-18.44179344177246 -0.5948207378387451 43.262184143066406 0.04356373598957626 -0.8472937714156297 -0.5293349278357787 116 111 80
-39.3123893737793 -10.634110450744629 75.44293212890625 0.006769519883544009 -0.969869734571453 -0.24353002189226217 109 106 73
-6.14209508895874 -2.121835947036743 48.162052154541016 -0.10408684732347744 -0.8913320089051776 -0.4412404991785315 74 61 45
2.7824153900146484 2.1213457584381104 24.7077579498291 0.042508579478637294 0.07223600862320337 -0.9964812992369184 151 129 116
13.104063987731934 8.28367805480957 32.23238754272461 0.17404188754895353 -0.7590527599952739 -0.6273343039575905 105 96 63
11.679333686828613 -7.41517972946167 76.05955505371094 -0.17874331131994767 0.9013447881997482 0.3944976570824362 90 75 52
7.14359712600708 -4.940459728240967 67.19424438476562 0.1207937473568894 -0.9817604896932207 -0.14681693184645891 129 117 92
1.1111234426498413 0.8238303661346436 42.3137321472168 0.14057989223797965 -0.9178861354444562 -0.3711096014079946 109 94 65
-0.19527648389339447 1.07606041431427 41.73634338378906 0.11169354385681207 -0.8563379928415351 -0.5041922195718986 106 91 65
17.584964752197266 3.261228084564209 44.465850830078125 0.15483991100100075 -0.9351946836850036 -0.31848941201947034 66 60 26
-2.808610677719116 8.235490798950195 28.86994171142578 0.022696902754153266 -0.8553295952294224 -0.5175868372843737 106 97 56
-15.629556655883789 2.5852794647216797 37.450218200683594 -0.06838768795493752 -0.8697855606098583 -0.4886677835613601 108 100 71
8.413349151611328 7.128749370574951 31.729228973388672 0.09025096962397058 -0.9093412305738677 -0.40614441872360774 133 114 110
-2.30612850189209 -5.64005184173584 60.204689025878906 0.015548691553729154 -0.9648771042203056 -0.2622411332007332 183 172 154
-8.993448257446289 4.837324619293213 33.85650634765625 -0.04141272849988338 -0.8804161632352095 -0.47239005644952786 158 144 107
5.098574161529541 6.00532341003418 30.147357940673828 0.7522728482372035 -0.047041254052984226 -0.6571702079539274 138 133 83
-4.7507429122924805 -7.512052059173584 72.56610107421875 0.0954764303218674 -0.9707765950304107 -0.22017505261531384 150 142 105
-1.6628063917160034 4.814150810241699 35.57616424560547 -0.1873937721841838 -0.800849029756499 -0.5687920583874717 109 89 64
-7.697524070739746 6.7094926834106445 30.81113624572754 0.06531837401158243 -0.9117596885287786 -0.4054969548472436 141 131 95
-11.68545150756836 5.91762638092041 31.769865036010742 -0.008897851440898441 -0.8622837151682555 -0.5063473341446229 132 120 86
21.177425384521484 -8.820340156555176 83.97339630126953 -0.19679505484843934 0.9115168387242318 0.36112152955671634 117 102 81
11.52648639678955 5.029057502746582 37.248634338378906 0.07409339456732607 -0.9024657744043991 -0.42434148384309317 77 66 36
-4.642361640930176 0.6838632225990295 41.614097595214844 0.13531622524446738 -0.9075496164018603 -0.3975464915634707 128 114 88
-8.654574394226074 6.1065497398376465 31.854448318481445 0.0567633744331462 -0.7811864599471385 -0.6217118577912281 161 152 109
-4.038698673248291 4.406825542449951 35.30625915527344 0.014995697875829604 -0.8944633459898922 -0.44688975343565773 153 141 117
17.149822235107422 6.280030727386475 37.48736572265625 0.26932191340633826 -0.8203986029061069 -0.5043925448585227 112 103 94
23.53152084350586 3.879507541656494 47.91184997558594 0.26327023084214946 -0.9435724313533842 -0.20089761656671004 67 57 45
-5.316075325012207 -10.047775268554688 79.2669448852539 0.009986923611141221 0.8976856552342645 0.4405232408663753 112 101 71
-8.160895347595215 6.4321489334106445 31.43657684326172 -0.14187378926220517 0.9457310136704506 0.2923434242500505 137 132 92
1.7087148427963257 0.13397295773029327 44.45936584472656 0.04118976092595793 -0.844963698253111 -0.5332351753488214 99 78 57
1.4054720401763916 4.933658123016357 34.981285095214844 0.0644083702539478 -0.8624906122252246 -0.501957673180307 145 133 85
10.823298454284668 5.406389236450195 36.32846450805664 0.2770768955689505 -0.8101891458527958 -0.5165481021978401 114 109 79
-2.392832040786743 7.76967716217041 29.66097640991211 0.10615079523956789 -0.8314247099760188 -0.5454034839559613 108 98 62
6.896819591522217 3.1728103160858154 38.591365814208984 0.17189639021963754 -0.8016077142711804 -0.5726051898563198 119 106 64
21.811649322509766 9.98952865600586 32.7336540222168 0.3472363424631952 -0.7629284918730154 -0.5453137067424124 52 47 44
-12.725458145141602 0.20911967754364014 45.38948440551758 -0.39144967008273474 -0.6581524337403394 0.6431193744195444 0 0 0
16.529144287109375 9.34743595123291 31.507904052734375 0.2119761347453067 -0.8418570896223104 -0.49632928480102034 75 62 53
14.528611183166504 11.082992553710938 27.71701431274414 0.23434416126717428 -0.8626783658034856 -0.4481839480108714 51 45 32
3.1461050510406494 0.3015206754207611 24.589923858642578 0.9249367359003372 0.05800058623962788 -0.3756700235284804 245 237 227
14.683319091796875 -2.4826149940490723 60.006290435791016 0.47953071956071197 -0.7501689197490459 -0.4552986721264797 113 97 72
18.07677459716797 8.975336074829102 32.416446685791016 0.2254537826236391 -0.892006078700642 -0.391785333392914 43 28 21
-13.6528902053833 -11.394062995910645 80.25467681884766 -0.0024375637748336038 0.9146725616500215 0.4041882769792211 154 146 110
-12.591711044311523 3.660052537918091 35.72867202758789 0.07124915046036367 -0.8496993908316751 -0.522431338817798 156 150 114
13.240134239196777 6.912876605987549 34.401611328125 -0.06059770363612904 0.9291610750192645 0.3646746700595917 97 95 54
-6.135156154632568 6.654839515686035 31.477495193481445 -0.11366994145346931 -0.9350860667139249 -0.335698067089231 96 91 98
20.493396759033203 10.172243118286133 32.280555725097656 0.25576703250502936 -0.8421459525427057 -0.47473510476844905 43 33 32
-8.322254180908203 -0.6923583745956421 44.16505432128906 0.10551440182563986 -0.909912696699009 -0.401155325769602 98 83 62
-0.7140699028968811 -3.5786285400390625 55.57422637939453 -0.38650520748394773 0.7571980480804268 0.5265594368834184 125 107 85
19.14324951171875 7.719352722167969 35.36464309692383 -0.08760461372650637 0.9884698446324346 0.1235022182236421 59 52 44
1.3826515674591064 4.460568904876709 35.934410095214844 0.07516704591762831 -0.8701110521723373 -0.4870900041014655 143 133 84
28.331212997436523 12.986305236816406 33.59899139404297 0.18530096078421313 -0.7902871295070981 -0.5840460657070459 51 49 32
12.747344970703125 5.607979774475098 36.79897689819336 0.372082989603798 -0.7799381872048444 -0.5032401742578994 98 90 73
-8.173990249633789 8.43379020690918 28.259122848510742 -0.04036757505891662 -0.8476762069477395 -0.5289759040434215 83 67 52
-10.344027519226074 4.84253454208374 33.9142951965332 -0.03788838877773533 -0.8666657579026897 -0.49744842353231344 111 102 71
-5.715750217437744 6.42273473739624 31.689380645751953 -0.09590134497358761 -0.8492036154494588 -0.5192842685271953 128 125 84
-9.712533950805664 5.130357265472412 33.466651916503906 -0.07205374717635564 -0.8258758082707153 -0.5592292971859024 113 99 70
-7.213467597961426 7.456397533416748 29.848039627075195 0.1349649983154273 -0.8405738688062971 -0.524614163275955 102 87 53
-8.532500267028809 6.1496758460998535 31.886337280273438 -0.32587395931519236 0.7173361909624718 0.6158205516022447 125 117 71
-9.68970775604248 8.86646556854248 27.584579467773438 0.13225192984413733 -0.84204123747835 -0.5229493105822307 74 69 31
-13.74052619934082 6.004627227783203 31.50785255432129 0.017087431063224728 -0.8813550487758904 -0.4721454200740569 158 152 116
-0.974816083908081 3.54089093208313 36.844581604003906 -0.20225340275756817 -0.8238527717106932 -0.5294904830283486 176 149 138
-8.77568531036377 3.220958709716797 36.81830978393555 -0.09713045710357594 -0.8569790178962758 -0.5061152410157046 131 119 97
9.511932373046875 -8.128620147705078 76.39698028564453 0.33874835333644454 -0.9052038220820765 -0.25662344709680746 124 110 83
-6.156428813934326 4.843357563018799 34.50394058227539 0.03674882815173794 -0.8705741919077085 -0.49066291893082187 115 100 71
-2.574572801589966 7.159125804901123 30.710189819335938 -0.006426616106477523 -0.7980275006869146 -0.6025867628423451 137 121 88
18.880023956298828 6.9761271476745605 36.62778854370117 -0.0003823888916194545 0.9824790163707423 0.18637284182496572 74 61 45
-13.869979858398438 -2.3224408626556396 47.39228057861328 -0.09072388072767407 -0.7942598410862749 -0.600766578883443 117 109 96
-28.028751373291016 -6.4551215171813965 56.83506774902344 -0.031095626117777445 -0.9434210635400654 -0.3301359703293104 139 133 97
-29.182836532592773 -12.740474700927734 83.70630645751953 0.05212602454161752 0.8630828088829674 0.5023653477064013 150 139 111
1.7369426488876343 8.406142234802246 27.89031982421875 -0.8116682187222385 0.14760404504615016 -0.5651617012875899 42 33 34
3.025254964828491 -4.013277053833008 59.87588119506836 -0.7707789415039625 0.5436746238923821 0.33214112462853496 122 109 90
15.198504447937012 0.7350977659225464 49.960289001464844 0.06233789481864569 -0.9675232468758919 -0.24497500612166898 201 193 131
-13.575055122375488 5.387209415435791 32.72483444213867 0.0318531023969461 -0.8566387038680127 -0.5149325304377467 144 136 99
-19.943710327148438 -2.107696771621704 45.68891525268555 0.00641943437756335 -0.8395814364968851 -0.5431959152571927 120 115 85
-5.922094345092773 7.8406500816345215 29.137874603271484 0.09581253884863143 -0.8365698736836008 -0.5394170963590083 104 92 54
-0.6115765571594238 4.193776607513428 36.1634521484375 0.042515174608741636 -0.7940824233328245 -0.6063213379734026 181 159 146
16.36524200439453 2.7421536445617676 45.708526611328125 0.004763772125046549 0.9678320906398246 0.25155188491221325 116 117 61
1.587169885635376 6.790900707244873 27.345373153686523 -0.842258009588015 0.13204298736866027 -0.522652939120785 90 84 86
3.185572862625122 0.12952128052711487 24.549386978149414 0.8848244855813628 -0.12797683289219866 -0.448003973150416 118 105 88
4.437170028686523 2.694504976272583 39.187530517578125 0.3504182776619491 -0.8616769241556799 -0.3670421080176499 165 156 109
-4.107615947723389 -1.4783146381378174 47.3448600769043 0.013006291064572824 -0.8848944564349717 -0.4656099626977494 165 151 122
-7.3883771896362305 5.018948078155518 33.97987747192383 0.11683704551484013 -0.8030917530640496 -0.584288234483525 101 85 69
19.848751068115234 8.686671257019043 33.8216667175293 0.26726668715132096 -0.8094893453519467 -0.5227767379109696 56 48 46
6.45378303527832 8.760499954223633 28.2121639251709 0.08111661820886787 -0.8471166483286627 -0.5251794725375023 150 143 115
-11.694513320922852 -10.995179176330566 79.94465637207031 -0.09365252348066193 0.8933308578784357 0.43953291481740225 175 164 134
-15.805038452148438 3.9884390830993652 35.37001419067383 0.010552060904008813 -0.8826249137773289 -0.46995948292405065 135 126 95
-12.578044891357422 3.655735492706299 35.69646453857422 0.07944919983010351 -0.8463896269848388 -0.526604618265755 154 148 114
15.726323127746582 8.35599422454834 33.0933837890625 0.11125026436153006 -0.8400546492957273 -0.5309722825874454 90 86 72
16.748817443847656 -18.03019905090332 113.45281982421875 -0.1794092332924409 0.8703360198233729 0.45861480526410003 121 100 89
-1.2633233070373535 -1.6745182275772095 47.902462005615234 0.14043097356109702 -0.9345191203294593 -0.3270369327818126 121 112 81
20.36518669128418 4.769252300262451 41.93327713012695 0.2910171242147175 -0.8537181838846797 -0.43182669662544015 56 42 31
36.26173782348633 9.881945610046387 42.30827331542969 0.22257650282390493 -0.8947954758280929 -0.38704102731914264 54 47 40
23.646373748779297 7.251308917999268 38.42109680175781 0.06244621274626565 0.8824208310679449 0.46629813146849086 62 51 45
17.287212371826172 6.321096420288086 37.26586151123047 0.23342047282952116 -0.840284819509016 -0.4893222915081052 62 49 41
13.523669242858887 7.09873628616333 34.033756256103516 0.15483920274486576 -0.8505973277871206 -0.5025027435295693 78 74 45
-7.694840908050537 2.8542609214782715 37.47441482543945 0.013548132328599222 -0.8339335010975834 -0.5516986168711444 160 152 132
-8.338916778564453 3.401479721069336 36.501739501953125 0.08894626553769862 -0.8635988025152572 -0.49627177044549914 104 95 66
25.572975158691406 12.401240348815918 32.4354133605957 0.40495573444132443 -0.7243227103461614 -0.5580031043102525 50 40 39
15.502252578735352 6.407648086547852 36.05992889404297 0.235293240205629 -0.831858471309261 -0.5026415967909494 78 66 54
-8.251836776733398 7.045859336853027 30.527353286743164 0.10545869176144541 -0.7423212761278211 -0.6616929705988474 154 152 104
17.711360931396484 -6.730312824249268 76.42726135253906 -0.21011938276880926 0.8688075144618932 0.44835627329100913 97 80 60
-3.9490532875061035 5.781155586242676 32.49988555908203 0.26277014682055055 -0.8429388850369177 -0.4694740525658736 123 108 82
-19.264944076538086 -10.69449520111084 79.29953002929688 -0.037490028410701495 0.9283063072524775 0.36992147502548905 107 96 66
-11.022302627563477 5.445693492889404 32.546504974365234 -0.051730180197950885 -0.9018236150458684 -0.42899668507144545 135 125 90
1.7170969247817993 8.303305625915527 27.859949111938477 -0.8116682187222383 0.14760404504615016 -0.5651617012875898 51 42 44
12.73359203338623 9.790948867797852 28.590566635131836 0.23082225105496046 -0.8481159108734753 -0.47688624444533534 59 46 37
-3.000422239303589 7.262894630432129 30.432680130004883 -0.02770518359861558 -0.8459424246842329 -0.5325540694813321 117 109 65
-1.6873222589492798 8.8760986328125 28.25425148010254 -0.024313450001287498 0.9262622617006667 0.3760945076682202 122 114 65
19.17795181274414 4.874805450439453 41.30938720703125 0.21794677649016717 -0.8595122205800819 -0.4623180131587371 71 62 47
-4.53040075302124 5.843600273132324 32.720890045166016 -0.08952948302809535 -0.8306384348893637 -0.5495673408721358 65 54 26
30.494077682495117 0.7514791488647461 63.53603744506836 -0.15151448510987559 0.9346092835209545 0.321790068147446 88 74 65
9.87170696258545 3.429234266281128 38.80347442626953 0.24687543831120187 -0.8924696968716739 -0.37755841683696323 142 124 102
-1.3862601518630981 7.903232574462891 29.343923568725586 0.010657838956448035 -0.8158028137949128 -0.5782319426260377 130 124 66
-6.886500835418701 6.7944512367248535 30.460731506347656 -0.04738204182821344 -0.8592430196944699 -0.5093686044688246 125 113 75
-2.1329505443573 2.598069667816162 38.818790435791016 0.06709143236669851 -0.887866620154884 -0.45518304506838453 123 101 88
-5.100591659545898 7.337615489959717 29.973909378051758 -0.07937005237969108 -0.9381033365219772 -0.33713873226251995 120 115 73
-4.555919647216797 -9.197473526000977 77.24293518066406 0.04301970017902285 0.8559012465743967 0.5153468361297086 116 105 73
2.584108591079712 1.5248116254806519 24.688617706298828 0.7837569121351624 -0.5366626997479949 -0.312599183267565 218 209 201
-11.239261627197266 6.785045146942139 30.343294143676758 0.10783481004462109 -0.8902897187416863 -0.4424430702875679 115 109 73
-16.99443244934082 -4.376576900482178 52.141815185546875 0.046915739985931036 -0.9539619289525033 -0.2962356350117099 119 113 81
18.078359603881836 8.00631046295166 35.248844146728516 0.1717348830092853 0.9643460565123184 0.20135494343801766 107 95 89
-7.081060886383057 9.029732704162598 27.054061889648438 -0.11856834754950467 -0.9384050038867696 -0.3245575382573196 78 67 35
25.1729736328125 -1.7619909048080444 67.79428100585938 0.33328667575366966 -0.866813849948799 -0.37088238203237556 93 80 63
1.0713996887207031 -2.665013074874878 58.30940628051758 -0.5586529641940904 0.35946684153701725 0.7474559889602581 197 189 169
-4.946877479553223 7.41411828994751 30.746198654174805 0.005371433494208279 0.9358504593673791 0.35235644651983167 125 122 74
13.346571922302246 9.905684471130371 28.353811264038086 0.2125802552991723 -0.8322740825468901 -0.5119858265398285 69 49 58
3.064984083175659 1.443248987197876 24.896846771240234 -0.35005459632529196 0.34651435750034076 -0.8702813221238651 220 206 195
-6.5295023918151855 3.4144327640533447 36.71823501586914 0.06279800309747881 -0.8577260596765386 -0.5102572070620149 120 107 90
-4.393510818481445 6.343332290649414 32.05747604370117 -0.10954951128966117 -0.8756875516141005 -0.47028737653088093 146 135 103
13.345871925354004 4.483653545379639 38.67989730834961 0.22027647117254884 -0.8051020046479705 -0.5507168404539567 76 62 36
1.4356402158737183 5.8911452293396 33.26439666748047 -0.03837192980427023 -0.823136935224911 -0.5665449504422724 160 147 113
0.9168246984481812 -1.174373984336853 48.3867073059082 0.13447222396266525 -0.9446642409878327 -0.29921011477123566 126 107 92
7.569960117340088 -8.699969291687012 78.45492553710938 -0.0669490741351212 0.8626048557872872 0.5014286432231841 141 130 98
-8.196391105651855 4.4013895988464355 34.73324966430664 0.020167537405203582 -0.922633313493417 -0.3851506708642323 102 85 65
-21.713350296020508 -4.031462669372559 49.90101623535156 -0.0896102688194989 0.8472190939534608 0.5236313651441957 127 122 90
-24.188528060913086 -8.998015403747559 68.22506713867188 0.020479856389851 -0.9832069980068862 -0.18134104486446978 161 155 121
-26.425867080688477 -14.94398307800293 87.67887115478516 0.0016145247742836571 0.913560370854448 0.40669994112863694 157 150 121
-0.7127295136451721 -2.9329912662506104 54.81182098388672 -0.09078035031981121 0.8919221522697394 0.44298284649219594 93 86 60
16.709171295166016 2.421308994293213 46.36234664916992 0.07691524127121709 0.9647961814043766 0.2515002465361081 142 136 86
2.769174814224243 -0.0950213372707367 24.004316329956055 0.3800199660333273 0.03383063432858495 -0.924359407155547 107 98 89
-6.785640716552734 6.827856540679932 31.037622451782227 -0.32539100647583397 0.9196010283465798 0.22012415035283373 146 141 96
-21.181318283081055 -14.62134838104248 88.30912780761719 -0.0009447469919023686 0.9072593126066629 0.42057062087312597 109 102 73
10.216063499450684 7.538364410400391 31.67664909362793 0.007890640351055083 0.9162446936171624 0.4005413826475888 140 140 90
-9.315320014953613 -6.185516834259033 58.37641143798828 0.03864576141262001 -0.9554514195420837 -0.2926073991201455 142 139 96
-4.606755256652832 -0.020485572516918182 42.91664505004883 0.020673138347233035 -0.9245052801941447 -0.3806082083245479 119 104 82
7.376874923706055 6.16757345199585 33.14279556274414 0.039147983149790753 -0.8501453780709791 -0.5250907269794963 96 90 45
-20.050085067749023 -4.078155040740967 50.422550201416016 -0.047354376035978515 -0.921095168066804 -0.386446961993789 120 114 82
10.616812705993652 7.7997565269470215 31.43951988220215 0.0662468102816818 0.8846671186063895 0.46149263199337376 121 123 74
15.11464786529541 9.325482368469238 30.622318267822266 0.354167295099834 -0.7883838752767715 -0.503007348142398 71 63 50
20.4017391204834 10.841115951538086 30.741085052490234 0.2491741805361143 -0.776496378736541 -0.5787621286532096 59 49 47
3.2090907096862793 -2.7623679637908936 58.846248626708984 -0.003947014393955222 0.8375179289967691 0.5463955890070274 141 132 103
6.298428535461426 0.8298816680908203 42.766822814941406 -0.12107093850218516 -0.913683254015341 -0.3879751785644763 100 81 66
22.41982078552246 7.9654340744018555 36.4073486328125 0.20729257861203526 -0.8836023062587633 -0.41985324963202003 40 32 30
-12.104491233825684 4.299450397491455 34.61927032470703 0.029540296076199044 -0.8290670696499493 -0.5583683058069974 142 136 100
9.556167602539062 6.705704212188721 34.670318603515625 0.43768126405546015 -0.8581293776153263 -0.26841960131172865 126 124 76
15.790448188781738 1.216416597366333 48.57765197753906 -0.04906130994122096 0.9292401547122988 0.36620448213684437 136 127 78
-20.136747360229492 -9.752364158630371 76.02787780761719 0.11781611322740515 -0.9597735615350652 -0.2548608915512217 127 116 86
-4.12596321105957 -17.993452072143555 105.70284271240234 -0.12353305277883662 0.8926431827940958 0.43350632415498547 85 74 47
6.350264549255371 1.6082794666290283 40.50446701049805 0.03227001846100961 -0.9512977402457913 -0.30657993298938707 107 91 55
-11.057202339172363 -1.2445576190948486 44.818397521972656 0.005656582375551966 -0.8908964829957018 -0.45417117881005836 100 94 62
7.828827857971191 8.231695175170898 29.39925193786621 0.053635621912776446 -0.8319194449421126 -0.5522981596830076 131 126 84
10.863588333129883 6.036856651306152 34.97162628173828 0.24537242304740034 -0.9008468248333807 -0.3581443454746495 133 124 93
-2.831294536590576 6.978473663330078 30.868553161621094 -0.023297206349393407 -0.8346106445944049 -0.5503474467152781 160 147 103
-16.149471282958984 4.878338813781738 33.606380462646484 0.10969550518614365 -0.8629653757110682 -0.493211573734651 121 115 81
0.1075797826051712 8.59066390991211 27.99501609802246 -0.24603405784990565 0.9379654808980904 0.24431127485550852 149 145 98
16.136777877807617 8.247075080871582 33.04377746582031 0.06530409994460563 -0.8163697193697553 -0.5738256319009916 43 33 26
16.871740341186523 7.1236677169799805 35.796104431152344 -0.09678925402994672 0.9629011523996992 0.25189920804094756 64 62 37
12.603665351867676 -9.826149940490723 81.93595123291016 -0.08747068670900168 0.9341064495335719 0.34611272716622277 128 116 78
8.47978401184082 5.078251361846924 35.328102111816406 0.16597253580853077 -0.8742729153326733 -0.45617977473030774 146 139 85
1.8487279415130615 6.832629203796387 29.822040557861328 -0.6582345689837475 -0.6998246667802568 -0.2774395212666768 160 146 119
2.1086316108703613 4.629957675933838 26.392324447631836 -0.9481554081191704 0.1918762539447729 -0.2533472423897491 84 65 71
0.8478571176528931 2.3232414722442627 39.378257751464844 0.03363677488902507 -0.8782489867092921 -0.47701916598724514 134 119 88
-0.15457092225551605 1.3897804021835327 41.30800247192383 0.13424932358289837 -0.8841981530792814 -0.4474044537202568 115 97 73
31.064008712768555 0.4032362103462219 65.38536071777344 -0.09638695308156184 0.9616763858260519 0.2566867433666872 74 64 54
5.48182487487793 4.746884822845459 35.35675048828125 0.13843326184921279 -0.8637913324967567 -0.48445925103899573 169 152 106
-9.511116027832031 7.072022438049316 30.094432830810547 -0.14474459016177016 0.8773671028452137 0.45746690641389304 172 167 135
17.93476104736328 8.509297370910645 33.42268753051758 0.3022090237356302 -0.8150076876899457 -0.4944008242095125 64 53 51
1.8656299114227295 -3.1263864040374756 56.73362731933594 -0.38825487762990357 0.6307988263830159 0.6718266075635875 137 142 58
23.238374710083008 3.326305627822876 49.95139694213867 0.27372715414182575 -0.9352333861954153 -0.22452607516917714 81 65 50
-9.087333679199219 5.692397117614746 32.42841339111328 -0.42250737359615237 0.8470087833250264 0.3225889648254257 114 113 59
-7.210517883300781 -4.342841625213623 53.23239517211914 0.2247352698725962 -0.899851263652873 -0.3738472439080153 127 112 89
-1.7357335090637207 1.797916293144226 40.40438461303711 -0.01609177386604856 -0.7788420391655212 -0.627013662404845 129 118 88
-14.078784942626953 -1.1551955938339233 45.074058532714844 0.014798268451799075 -0.8931821792475932 -0.4494514500202983 149 142 113
17.183025360107422 0.8588734865188599 52.804630279541016 0.26136250757620466 -0.9335161449586978 -0.2454327743699477 109 107 58
15.341313362121582 6.617843151092529 35.84528732299805 0.3850610335876995 -0.6616338145742372 -0.6434039911473319 161 155 134
-4.164877414703369 5.616414546966553 33.068782806396484 0.050984085916733694 -0.8751253570658222 -0.4812029014913072 97 83 57
7.235556602478027 0.4632628262042999 44.26873779296875 0.16100628893422664 -0.9538683464704547 -0.2534011691475574 124 104 84
-0.48601987957954407 8.169358253479004 28.879667282104492 -0.24171537497645385 -0.8940201185492155 -0.3772289823558613 58 43 20
12.58517837524414 8.309329986572266 30.935319900512695 0.4493121808795217 -0.892518307813953 -0.039110539886409015 97 92 57
-5.649519443511963 7.947891712188721 28.980920791625977 0.09083226454847484 -0.7687589849737392 -0.6330553867862926 129 117 79
-20.433610916137695 -7.972664833068848 63.077308654785156 0.02889927596133399 -0.9824582113154049 -0.18423000534073178 132 126 92
-3.729151725769043 3.0953071117401123 37.71061706542969 0.054081881558964526 -0.8755565066126926 -0.4800791120380271 124 108 93
5.056088924407959 3.895231008529663 36.9692268371582 0.10157221024146831 -0.7846457435877939 -0.6115669572305396 138 124 89
-17.361656188964844 -5.484579086303711 54.72840881347656 0.012223009195682985 -0.9546985878468323 -0.29732340037317395 153 149 114
0.8322774767875671 4.5649495124816895 35.5174446105957 0.06303832652150988 -0.8787698754394755 -0.4730641345625938 137 127 76
15.458438873291016 10.319990158081055 29.55328369140625 0.1712155464859807 -0.838556299679132 -0.5172123054510099 88 83 54
6.869569778442383 8.04728889465332 28.0217342376709 0.02592488225960454 -0.8533496113005945 -0.5206940957730849 142 143 92
12.17196273803711 7.947527885437012 31.7914981842041 0.29861611178591985 -0.8346156852789794 -0.4628661530811674 67 61 37
21.57012176513672 7.983875751495361 36.265113830566406 0.22442665417996444 -0.8480552019776675 -0.48003651037416323 54 46 40
-0.2413719743490219 -14.676750183105469 91.57801055908203 0.12395828403399264 -0.9697791882660628 -0.21014916089616947 168 158 124
-10.905913352966309 7.209239959716797 29.761554718017578 -0.005094682799159116 -0.79999510116697 -0.5999849017400564 95 82 50
-10.665216445922852 4.783416748046875 33.99943923950195 0.03321708140893521 -0.9124758770146648 -0.4077798417884221 137 126 94
-2.8846564292907715 1.856766939163208 40.056678771972656 0.017317705406982596 -0.8500854024609296 -0.5263600531976913 135 118 92
-10.809222221374512 0.5162181854248047 41.71546173095703 0.03383820689752144 -0.876779149427584 -0.4797012600389982 148 138 103
-24.07827377319336 -2.0646560192108154 46.410888671875 0.020293802347881296 -0.9194122011976181 -0.39277139136552974 36 30 7
-14.934946060180664 1.7240461111068726 39.259334564208984 0.040967244980308314 -0.7933433000232964 -0.6073945119499099 106 101 71
-11.638432502746582 6.606210708618164 30.325679779052734 0.011659185690404694 -0.8299167506330222 -0.5577654080415556 135 129 95
9.879525184631348 -18.725234985351562 111.3114242553711 -0.20623050023812897 0.8603218874718096 0.466170817092269 118 101 91
-7.555835247039795 7.021596431732178 30.40532875061035 0.0398967204876589 -0.86902288165498 -0.49316070692463326 136 131 91
12.32602310180664 9.256805419921875 29.505691528320312 0.25461707556539964 -0.8476189696259876 -0.4655236053743162 104 92 76
13.944467544555664 7.903302192687988 32.80321502685547 0.1727635432020407 -0.9196151507264236 -0.3527899271446023 58 58 22
3.509690999984741 6.246640205383301 25.965774536132812 0.5325651586537766 0.345654987572997 -0.7725910828853704 143 128 123
12.886422157287598 -2.8438363075256348 58.677398681640625 0.3455690305009819 -0.888156136303758 -0.30292032402034647 127 112 79
-9.88878059387207 5.771225929260254 32.045101165771484 -0.025645671885689315 -0.907521509841634 -0.4192219086454005 149 144 102
27.69552230834961 9.08370590209961 38.48265075683594 0.35594448608379753 -0.751049085464483 -0.5560834416249998 43 35 33
33.15665817260742 10.300642967224121 39.68039321899414 0.2917247513128057 -0.8643807632461805 -0.4095638724319216 59 55 52
7.958291530609131 7.493829727172852 30.216089248657227 0.34703161354581014 -0.8550762894044297 -0.38524485525201174 109 69 99
32.232749938964844 11.652417182922363 36.50157165527344 -0.11758924696064312 0.9411009662487674 0.31702009451273777 62 51 49
-6.987809181213379 4.151393890380859 35.40321731567383 0.01771776271267931 -0.8915843187244845 -0.452507992734995 101 88 71
-12.086591720581055 7.129133224487305 29.713977813720703 0.032788531304063284 -0.861113113093249 -0.5073550223204419 139 128 93
32.528507232666016 7.004991054534912 46.6012077331543 0.20797440545358298 -0.8976775066963766 -0.388486474214489 39 31 28
-7.288817882537842 4.024733066558838 35.5996208190918 -0.17673142469233646 0.8749005169184757 0.4509047449539664 106 93 73
29.831310272216797 12.630224227905273 33.55490493774414 0.14246046406748394 -0.7758578947715882 -0.6146133282790704 45 37 35
-0.766464114189148 7.237462520599365 30.69709014892578 0.03643545999092783 -0.849117404162079 -0.5269460040690144 110 104 70
-14.601091384887695 0.05075715482234955 42.407066345214844 -0.18419287878248858 -0.8590774803677308 -0.4775550922468011 122 113 82
21.278549194335938 7.148196697235107 37.76697540283203 -0.049850847859611136 0.9593118148629326 0.2779131785865233 83 75 72
23.563030242919922 5.393828392028809 41.5101318359375 0.13573242636897942 -0.9832476850893166 -0.12165812015023957 39 30 23
-6.915299892425537 8.280197143554688 28.273326873779297 -0.03474211928401773 -0.7367932929671183 -0.6752248726063973 143 128 95
-4.7507829666137695 5.6254754066467285 33.35843276977539 -0.14512989250049024 -0.8632722507500562 -0.48342355692263106 166 151 138
-4.535292148590088 5.311000823974609 33.932071685791016 -0.06483882341956616 -0.8752441108569522 -0.47931583886597084 178 160 146
10.3189058303833 -7.768719673156738 77.70790100097656 -0.2554562426909976 0.8804290688144828 0.3994831196141595 109 95 69
-2.628734588623047 2.316934585571289 39.28084182739258 -0.033367219566937785 -0.9408304530230295 -0.33723091098363545 139 119 92
13.306516647338867 4.293902397155762 39.502723693847656 0.32338991074088597 -0.8873774603461916 -0.3286034213159469 87 79 51
-12.26866340637207 1.0267771482467651 40.80549240112305 -0.040445654900648435 -0.8001978757158053 -0.5983707117661842 128 116 84
-12.764593124389648 -3.907719850540161 43.83787155151367 -0.6207631564542807 -0.1878417547366687 0.7611626493505624 0 0 0
-2.3653433322906494 7.395220756530762 30.6223087310791 -0.033028333122846226 -0.8675364162872409 -0.4962758261557957 140 132 85
-0.500822901725769 -0.7033608555793762 45.766963958740234 0.08647099147801345 -0.9162385512183256 -0.391190087929325 133 118 85
31.819456100463867 11.46092700958252 35.19282150268555 0.12106110973461572 -0.8143908780349483 -0.5675488573535238 57 52 49
-2.4530909061431885 -0.12105841189622879 44.26791763305664 0.14470298215685778 -0.8808255307608458 -0.45078534948996035 98 80 66
2.5303783416748047 3.37314772605896 37.78846740722656 0.03994137885854589 -0.8730350243177054 -0.4860190660555011 107 87 62
18.749267578125 -1.3090101480484009 63.405006408691406 0.21074797427005842 -0.9381385075813946 -0.2747388431474875 126 121 83
-11.458198547363281 1.1585659980773926 40.4116325378418 0.05709340964961584 -0.8826202672434985 -0.4666066935070656 145 137 91
39.301509857177734 8.604156494140625 46.286651611328125 0.23125500889020395 -0.8700001848912435 -0.4354547039043143 70 64 52
3.078894853591919 2.9979381561279297 24.511661529541016 0.040268062416626754 0.17279698031775703 -0.9841339780447961 148 127 124
-16.05079460144043 3.1004528999328613 36.6558723449707 0.030984743163646473 -0.879611305922288 -0.4746829427994755 141 136 107
16.135528564453125 1.2526923418045044 49.16737747192383 0.31238221646212977 -0.9307864622121831 -0.18987867863648042 129 123 78
-4.992711544036865 6.579030513763428 31.389434814453125 -0.8948694898978858 -0.03409534920484217 -0.44502371084302605 90 80 45
44.070438385009766 5.847934722900391 56.126644134521484 -0.19716541201825083 0.8973076216970806 0.3949238310712615 67 59 40
-3.850248098373413 6.736423015594482 31.381515502929688 0.041851496000390925 -0.7851047702191707 -0.6179473699771145 77 63 30
-4.169628143310547 6.93462610244751 30.888137817382812 0.12077620859951407 -0.8605920192504012 -0.49476710060274165 99 86 51
-13.669041633605957 0.6348187923431396 41.507564544677734 0.029005686725729462 -0.8627728944297705 -0.504758955121001 119 108 76
-6.901638984680176 1.3831664323806763 40.31944274902344 0.1183317934670099 -0.8804618609436716 -0.4591127291619003 162 155 126
22.140539169311523 7.326143741607666 38.0504035949707 0.21567828564057265 -0.9043756211002736 -0.36822223325410214 132 121 114
7.582911491394043 4.5835747718811035 35.6076545715332 -0.03421503619910247 -0.6524580802671076 -0.7570520357228127 95 81 52
-6.758404731750488 6.939899444580078 30.86878776550293 -0.20466260024814695 0.9392524635517623 0.2755322662985445 137 133 88
30.052717208862305 14.137557983398438 32.25645065307617 -0.04108708872812009 0.9112087118449198 0.4098908813303481 51 43 41
-11.28674602508545 -3.3791611194610596 49.49935531616211 0.1809487100241635 -0.9278794351616538 -0.3260326949014201 148 140 110
-1.017533540725708 6.020308017730713 32.81819152832031 0.042155493461969354 -0.8369939059390635 -0.5455860296890381 50 43 25
18.352449417114258 2.3839704990386963 47.984493255615234 0.14647395156567078 -0.9275411263848234 -0.34382094231956073 117 116 72
13.378966331481934 7.957315921783447 32.33510208129883 0.11618168787925659 -0.7893610186193756 -0.6028357966193685 62 55 41
-7.677742958068848 -0.7906520962715149 43.83452224731445 0.11294059274643126 -0.9138634135822227 -0.3899975433588416 135 129 95
14.152558326721191 1.3671530485153198 49.21337890625 -0.028630729178364928 0.9611640206313941 0.27448862779796224 144 137 82
10.826972961425781 -5.32456111907959 72.08511352539062 -0.12213054234322296 0.9450407045544519 0.30328566956283276 145 132 99
-10.301037788391113 5.6263041496276855 32.4576530456543 -0.04859976500772954 -0.8449414906891425 -0.532646167876202 139 131 84
-13.580696105957031 6.055354595184326 31.608016967773438 0.053650817412520944 -0.9020366496681294 -0.42831235383358335 101 92 51
-2.612518072128296 8.284573554992676 28.776443481445312 0.004596926090437987 -0.8591033965049746 -0.5117814205147895 120 108 66
-5.611072540283203 6.200021743774414 31.752944946289062 -0.042212560941703156 -0.5143986854265179 -0.8565115831850807 51 38 47
12.328581809997559 0.6003201603889465 49.975250244140625 0.30417572575360147 -0.9003287995755598 -0.31126384389630257 113 101 74
17.326147079467773 9.32668685913086 31.714569091796875 0.15812321478882488 -0.8243473784348797 -0.5435516981965826 23 14 14
-13.827320098876953 -4.069742679595947 51.84101104736328 0.10807208963781505 -0.9229882552330241 -0.36934144655482926 131 125 89
4.067650318145752 -2.6798551082611084 57.589962005615234 -0.01862221760110078 0.8954887681276599 0.44469436601875584 178 169 155
-1.248154640197754 1.4565495252609253 40.896278381347656 -0.09454288478379996 -0.7890077341677303 -0.6070654316960091 113 99 72
15.030086517333984 -0.787470281124115 57.10486602783203 0.4939559138753009 -0.806647140772755 -0.324542671201732 120 113 105
-7.9646406173706055 1.5871586799621582 39.66484832763672 0.09196769861998262 -0.88995242013284 -0.44668404080540497 103 91 79
9.008792877197266 5.852467060089111 35.80772018432617 0.6479521677894773 -0.7561241202046417 -0.09183846199536383 125 109 84
11.203895568847656 8.111428260803223 31.06269073486328 0.31221651081766827 -0.733940728036733 -0.6032013412632231 110 107 63
9.5980863571167 5.730676174163818 34.795318603515625 0.3447000538386836 -0.9163545019863368 -0.20365730915678135 130 119 88
38.95199203491211 7.53603982925415 48.39959716796875 0.20121272839790996 -0.9053353809837172 -0.37400706660401134 0 0 0
-10.758562088012695 -3.0260837078094482 49.77588653564453 -0.27062584984338084 0.896321702471959 0.3512393131104729 146 137 106
-3.1392717361450195 1.1781589984893799 41.25355529785156 0.13785157414074986 -0.885554013891747 -0.443611352410117 149 127 114
15.71270751953125 8.775388717651367 32.32006072998047 0.2148704960578401 -0.8822193020343742 -0.41895080026399223 136 133 126
-3.0426669120788574 4.834510326385498 34.70675277709961 -0.015170182084213063 -0.8457784747765786 -0.5333185138171522 140 126 99
7.951117992401123 7.1910529136657715 31.438447952270508 0.21686810185489552 -0.9331172447024084 -0.28681079832677187 151 132 128
13.033474922180176 8.743412017822266 30.904441833496094 0.3066251472132989 -0.8251987256037294 -0.4743712495065474 65 58 40
1.4103069305419922 -3.9188778400421143 57.961036682128906 -0.7069499468822771 0.028414171367056103 0.7066925834255439 100 89 57
-18.3735294342041 -3.328874349594116 49.00782775878906 -0.003300462088654618 -0.8921278067163578 -0.4517710520091589 54 49 19
3.510132312774658 8.038602828979492 26.74917221069336 0.6012384261357839 0.2885387325830628 -0.7451561948592555 143 124 119
2.3522768020629883 2.7294933795928955 24.67716407775879 -0.197100011170318 -0.47232175306315516 -0.8591063654635601 190 170 169
8.352952003479004 -17.960481643676758 109.68252563476562 -0.1744442166571487 0.896297068189135 0.4077018283383522 101 83 73
21.726102828979492 7.602494239807129 37.118350982666016 0.20154192798853923 -0.8774641414373937 -0.43524422081654357 66 57 40
14.757182121276855 5.798551082611084 37.52505874633789 0.12142128106436004 -0.8790641391449405 -0.4609805980451393 123 107 84
-9.093478202819824 -6.787777900695801 61.52216720581055 0.15557558534877447 -0.9707409285373004 -0.18291606519364467 126 115 85
0.15097419917583466 2.7298927307128906 38.6736946105957 0.07160702157187594 -0.8803564087620565 -0.4688763461864755 131 111 88
15.445751190185547 9.537806510925293 30.678064346313477 0.4344997135137992 -0.7527960844510982 -0.4944775568127639 146 136 137
-2.11561918258667 4.378966808319092 35.54566955566406 0.2547503018163697 -0.7315539313709004 -0.6324010825577773 104 86 63
-4.549056529998779 -1.3833736181259155 46.815406799316406 0.05723183292294563 -0.8831721878166452 -0.4655442019480435 143 132 104
-8.112953186035156 7.889501094818115 29.18707275390625 -0.015467137837857258 -0.8893697261768073 -0.45692697207244776 132 120 82
9.21877670288086 5.207692623138428 35.62860107421875 0.7282654466001427 -0.3189094605940074 -0.6065692006951345 120 107 75
-9.398641586303711 5.83316707611084 32.03142166137695 0.10786603537358051 -0.8220428781875556 -0.5591157526254338 127 123 78
-2.1151340007781982 7.6395649909973145 30.093629837036133 -0.015356433221135817 -0.8240971917143491 -0.5662402304386791 119 109 64
9.561751365661621 8.594670295715332 29.777334213256836 0.15207862728019364 -0.8476561752686925 -0.508282499849664 66 62 24
-0.24459333717823029 6.489436149597168 31.77244758605957 0.17447875692249334 0.9716863576717523 0.15931975928109118 105 99 67
14.373024940490723 5.679113864898682 37.28742980957031 0.265590241304307 -0.8933107179750869 -0.36257107561794644 68 52 37
-9.817646026611328 7.097497463226318 29.98128318786621 -0.07250055339405952 -0.8878578921116469 -0.4543699298728057 145 139 103
9.765514373779297 7.167829990386963 32.27873229980469 0.29582341458564604 -0.8330885375172002 -0.46738848513879905 92 95 46
-5.182346820831299 6.271607398986816 31.85019302368164 -0.0428645232597495 -0.9030697133907509 -0.4273496523949228 109 99 107
6.683015823364258 -3.2838125228881836 59.32223892211914 0.12369037606836131 -0.9299851719697001 -0.3461622029981826 102 88 58
-13.316425323486328 -0.9026582837104797 44.34682083129883 0.03905726214684211 -0.9597809044565114 -0.2780200455259187 124 115 84
22.026784896850586 5.972134113311768 40.41437911987305 0.07119669030325095 0.9423929742189804 0.3268432551431455 69 53 38
-11.389094352722168 3.1033239364624023 36.86886215209961 1.9877499329642202e-05 -0.8481281751267883 -0.5297910891672196 119 109 73
-7.526159763336182 2.0180256366729736 39.003116607666016 0.09427566289849292 -0.9123864109787867 -0.39832541526533055 167 152 131
12.004303932189941 9.151488304138184 29.601070404052734 0.17167519239686982 -0.8635207879500982 -0.4741935017411557 50 43 27
39.3421516418457 8.113449096679688 47.3902702331543 0.21556969604947276 -0.8743088050108753 -0.4348721876892028 58 54 45
2.9048452377319336 2.7276437282562256 24.59229850769043 -0.19885006213482048 -0.31208791570543815 -0.9290101106336862 178 160 156
-3.82175350189209 7.170268535614014 30.66312599182129 0.16373678655978746 -0.8335452511170934 -0.5276292060407729 94 81 39
-16.43146514892578 -11.691452980041504 82.20391082763672 -0.015795241714635835 0.9146117284017302 0.4040246237658985 124 113 85
-17.750062942504883 -10.647793769836426 79.52149200439453 0.009543286169214328 0.9039858120563646 0.4274559360798341 114 103 75
1.4030815362930298 4.251886367797852 36.438385009765625 0.05216468415005609 -0.8719258467179991 -0.4868512745722511 130 116 77
-2.5816831588745117 5.624095439910889 33.34528350830078 0.11035088256084741 -0.8454942886384064 -0.5224577404899624 137 123 100
-5.283836841583252 6.0967254638671875 32.538536071777344 -0.17443436956771838 -0.8653943981726547 -0.4697501317987052 151 141 106
-21.915971755981445 -4.845310211181641 52.6423454284668 0.11755781485347645 -0.9472832385340456 -0.29805138174369594 121 115 83
24.711700439453125 3.691019058227539 50.724613189697266 0.281271376270179 -0.9283325177104642 -0.24307437020885098 94 88 66
19.469343185424805 -9.327966690063477 83.39449310302734 -0.18659395326356584 0.9033836942117761 0.3861095668819404 103 89 62
-0.40089288353919983 2.8756093978881836 38.43331527709961 0.14733539240505547 -0.8760833003251227 -0.4590973023622431 92 76 51
28.285646438598633 10.38731861114502 37.16457748413086 -0.12218371385311906 0.8468633555423531 0.5175843864613819 53 48 44
-5.710014343261719 2.285626173019409 38.86027526855469 0.19612138783728486 -0.8595050421961602 -0.47200369031624556 139 130 113
1.774542212486267 5.987543106079102 26.561996459960938 -0.7888900002133936 0.13222096357266738 -0.600141803539153 88 76 80
2.4200639724731445 5.542657852172852 25.890804290771484 -0.7692102929354816 0.1658412286904183 -0.6170998396601338 73 54 57
2.884422540664673 -8.069671630859375 75.04701232910156 0.12054296230984156 -0.9489303346076475 -0.29154864825443116 158 145 113
5.913086414337158 -0.2588852047920227 46.27067184448242 0.22877403631259047 -0.9553048066636162 -0.1872302504261435 132 114 92
-8.48704719543457 7.364088535308838 30.0904598236084 0.06848309725552533 -0.8142938504428541 -0.5763988120401025 96 87 46
19.365432739257812 10.737223625183105 30.506013870239258 0.27998446973532376 -0.6765293810348394 -0.681114302671473 62 53 49
2.1807034015655518 5.172942638397217 27.33664321899414 -0.7134040012905988 -0.512735095054122 -0.4776583017622574 169 158 113
-8.406752586364746 8.550585746765137 28.019105911254883 -0.03531774925367184 -0.8911360386836363 -0.4523596104283542 109 103 70
15.227849960327148 7.142683982849121 34.74226760864258 0.07718615266562948 -0.6814932190741554 -0.727742598858019 73 67 51
24.1204833984375 9.592072486877441 35.17963409423828 0.34411455847885575 -0.8017866803713765 -0.48859317414588443 45 37 35
-6.475883483886719 5.067068576812744 33.907711029052734 0.13556278505166497 -0.7611732249233807 -0.6342224002420409 98 82 59
38.611270904541016 7.704129219055176 47.93474578857422 0.20121272839791005 -0.905335380983717 -0.37400706660401134 65 58 50
10.447758674621582 7.092831611633301 33.33036804199219 0.15889141827638972 -0.796564042111485 -0.583300303457087 140 129 111
37.923011779785156 12.803009033203125 37.041385650634766 0.20750595017805756 -0.8713126349533702 -0.4446971697810962 51 40 38
0.26611587405204773 7.499207973480225 30.438220977783203 -0.14576961662129148 -0.845400505967683 -0.5138571818897422 56 57 41
-0.6329959034919739 7.178310394287109 30.941484451293945 0.03604058825497091 -0.8524445048170198 -0.521574004533874 49 45 18
-5.847599506378174 8.24489974975586 28.628833770751953 -0.16076344528853917 0.9025859025213108 0.3993667527833903 127 114 82
6.654788017272949 5.439388275146484 34.2305793762207 0.05596356487119646 -0.9008338844335378 -0.4305419747983822 169 161 115
-9.424734115600586 0.7797617316246033 41.25303268432617 0.09412371695242074 -0.7928979954300861 -0.602041107192866 107 100 74
0.7126871943473816 6.0978474617004395 33.088809967041016 -0.04119121866030745 -0.8397475473435638 -0.5414123569293078 158 139 109
1.2640604972839355 6.920984268188477 31.46259880065918 -0.13105451994618425 -0.8300208117720835 -0.5421163757228575 166 156 121
7.840234756469727 7.002171039581299 31.712732315063477 0.13522613175042378 -0.8780548426169698 -0.4590572803569351 112 93 87
-21.39862632751465 -3.166647434234619 48.96843338012695 0.03929653896267737 -0.9396638265359866 -0.3398347762152982 118 112 88
-7.6985368728637695 5.480785369873047 33.21583938598633 0.22480772686810394 -0.8143038484162864 -0.5351361774304008 110 96 69
-4.945925712585449 5.805627346038818 32.85960388183594 -0.1948220464824594 -0.9254585209680967 -0.3249167526797123 132 126 94
13.037018775939941 5.54040002822876 36.87635040283203 0.19424928912733425 -0.775503379769282 -0.6007176721555196 119 107 84
1.4179550409317017 3.94584321975708 36.498069763183594 0.030667457883218667 -0.8855556391150933 -0.4635199208862979 130 113 83
-17.753978729248047 -13.54332160949707 85.06139373779297 -0.0754014453852128 0.8911933369141269 0.4473131545949485 151 144 115
-3.953277349472046 1.4735616445541382 40.03365707397461 0.11352513109928017 -0.8446589481305995 -0.5231283838139552 127 113 86
4.86442756652832 5.5164361000061035 33.92826461791992 0.10322620211593793 -0.8221241245760448 -0.5598716593888203 88 72 38
1.3187763690948486 7.078372955322266 28.459510803222656 -0.9967171202815396 0.08082298145114986 -0.004756869456063252 56 54 43
-12.815451622009277 -3.7335071563720703 51.214698791503906 0.1870846276392589 -0.9232289421807686 -0.33563024658224433 103 96 68
-11.30238151550293 7.828279495239258 28.52383804321289 -0.219643076525451 0.8436143480221957 0.4899711733821905 115 104 74
1.2847613096237183 -0.3814539611339569 45.949031829833984 0.024282028285080245 -0.940480936780578 -0.33897786159967536 139 125 98
-6.898238182067871 0.6239774227142334 41.55046081542969 0.10573691728944971 -0.8361209280823391 -0.5382578359344637 116 105 78
23.650577545166016 -6.3905439376831055 78.2840347290039 0.32495476816145713 -0.8568850692963015 -0.4001904255054165 112 94 83
-15.355721473693848 3.3601932525634766 36.1543083190918 0.010687705032618101 -0.8756786772776041 -0.48277595955316793 150 143 114
11.955766677856445 5.941522121429443 35.720863342285156 0.23619569765388568 -0.8427468211177083 -0.48372449587114386 82 79 33
19.231651306152344 0.6764289140701294 56.856048583984375 0.16009820248112944 -0.9505053064326722 -0.2662859891275607 167 157 123
-3.5946497917175293 5.959020614624023 32.68412780761719 0.2805341304868064 -0.7904611913630202 -0.5444921547469409 110 97 65
-15.156824111938477 -4.718653678894043 52.51347732543945 0.059080873836474375 -0.9640295152879066 -0.2591457968026532 141 137 99
-11.544489860534668 -1.8894450664520264 46.56402587890625 0.06616947526470038 -0.9380649912501535 -0.3400818618127757 108 101 73
19.697956085205078 -2.978902578353882 68.99532318115234 -0.12315571730586798 0.9493800939973374 0.2889811523551041 143 129 102
14.438490867614746 3.7621407508850098 41.15651321411133 0.1879405341857121 -0.8764166999041643 -0.44336454948392445 121 104 88
18.417648315429688 11.273521423339844 29.165374755859375 0.44729628443442176 -0.7186997827556865 -0.5323501255734714 68 54 53
21.919391632080078 0.6538593769073486 57.84427261352539 0.3455263570756543 -0.8679554948588813 -0.35674191723191445 119 106 73
8.475228309631348 7.383618354797363 31.02564811706543 0.31310421967525165 -0.8883723132556766 -0.3357981248641947 120 117 82
-13.863335609436035 2.034871816635132 38.647830963134766 0.008282119304064566 -0.8501339615348061 -0.5265013332793845 91 85 49
24.116905212402344 6.176823616027832 40.50393295288086 0.26541878560714804 -0.8553808039836855 -0.4448331692028491 47 39 37
-7.71120023727417 -4.359282970428467 53.30968475341797 0.1644093319324273 -0.9393536629842186 -0.30097220371932193 144 130 101
2.313188314437866 -0.39805033802986145 23.427936553955078 0.8116753092733409 0.4909858342721413 -0.3164112875042803 118 105 86
-8.809449195861816 -15.351910591125488 88.79666900634766 -0.0452772454598633 0.9317704813764979 0.3602134659878462 184 177 137
9.670616149902344 7.786764144897461 31.40030288696289 0.27713658008503267 0.774570735371176 0.5685380302893797 94 94 42
24.509960174560547 1.036886215209961 58.445186614990234 0.31486769105603146 -0.9090775468252059 -0.27283026039519337 121 118 75
-14.756465911865234 4.758864879608154 33.826942443847656 0.026651313258825013 -0.8933526940198292 -0.4485651252483788 148 139 108
7.407258033752441 8.882476806640625 28.265981674194336 0.17346529117508294 -0.7359716495014833 -0.6544123500420888 87 85 46
37.10071563720703 9.110380172729492 44.23357009887695 0.1962664293097282 -0.9033084134604029 -0.38146218540984983 63 59 47
1.687828540802002 -2.768339157104492 58.07130813598633 -0.6462105244070132 0.121608011647167 0.7534078906202374 108 110 60
-20.65394401550293 -11.12328815460205 80.4196548461914 -0.05191472536699274 0.8831972587152053 0.4661195806743335 112 101 71
16.207246780395508 8.299532890319824 33.36540222167969 0.06208811624929579 -0.8470885953413829 -0.5278124453469962 35 27 20
6.1560235023498535 -9.361135482788086 78.26110076904297 -0.046572957971865114 0.8874682795881929 0.45850955530994547 144 131 99
-30.355194091796875 -13.358192443847656 85.177734375 0.014470761722808381 0.8970652555156643 0.44166109677192283 130 124 94
10.167643547058105 4.410964488983154 37.49070358276367 0.19348343507076812 -0.9291757787293915 -0.3149548103710195 88 73 54
-9.241347312927246 5.677891254425049 32.201255798339844 -0.12858867870685314 -0.9473126785123589 -0.29336605263418924 135 133 70
-3.727440118789673 2.7764203548431396 38.32902145385742 0.018379839187399438 -0.8521709913372669 -0.5229405157708713 132 117 98
5.020235061645508 5.193460941314697 34.361568450927734 0.18997604893098638 -0.8162608490278802 -0.5455523138772814 123 108 71
-13.76253890991211 3.4668216705322266 36.087318420410156 -0.0337785759359761 -0.8945645090470897 -0.4456605737117394 146 135 103
-0.15080635249614716 5.496966361999512 33.92887878417969 0.05464030781813641 -0.8581539954857421 -0.5104764017987475 118 103 72
11.06334114074707 6.060545444488525 35.070674896240234 0.24537242304740037 -0.90084682483338 -0.3581443454746496 108 102 70
14.989595413208008 7.620097637176514 34.35516357421875 0.09699308398838738 0.9094881880056683 0.4042568212616673 95 94 46
-11.881765365600586 6.560597896575928 30.553903579711914 0.056364634040699683 -0.8163811362105287 -0.5747563557448186 131 126 87
-4.436646938323975 5.132701873779297 33.8409423828125 -0.06998428406684117 -0.9081041861665252 -0.4128546803058963 130 116 97
2.047407388687134 -12.495621681213379 85.29984283447266 -0.059071364093987194 0.9012063923440493 0.42934556285386144 162 151 121
11.116501808166504 -9.398609161376953 78.78271484375 -0.15027767005670448 0.8688192008421852 0.4717730578681607 139 128 96
-13.900395393371582 4.48061466217041 34.1317024230957 0.07122396033618744 -0.8012663667417342 -0.5940533284163382 108 101 72
-5.183160305023193 4.760959625244141 34.75222396850586 0.08226192980075965 -0.8433505515606255 -0.5310299634557766 104 88 73
-7.276935577392578 -0.7886564135551453 44.76468276977539 0.09782093760333073 -0.9194231457602474 -0.38090962603580414 151 141 105
-17.457624435424805 3.758925676345825 35.69466018676758 0.03573227130970057 -0.8743472803818042 -0.48398351012817825 111 105 73
-7.416604518890381 2.243347644805908 38.58681106567383 0.06720937523186864 -0.9345359882176617 -0.34946442824267576 137 126 98
10.269271850585938 6.23927116394043 34.05283737182617 0.18631299986120384 -0.8770360395823235 -0.44282643479863737 101 96 58
28.503610610961914 10.778722763061523 36.50894546508789 0.24394642989457052 -0.7895166318662568 -0.5631639435797136 50 42 40
-11.78369140625 1.4416261911392212 39.363121032714844 -0.10133574674560246 -0.899655724056145 -0.42467710628726457 135 122 86
6.138182640075684 9.14427375793457 27.456945419311523 0.3717390053336356 -0.8403205703524835 -0.3945522157535503 110 119 66
-9.412946701049805 5.136900424957275 33.35255432128906 -0.07785626677641704 -0.8017989005539861 -0.5925005694461895 126 113 79
-11.151300430297852 -7.276882648468018 63.034481048583984 0.12481868263079116 -0.9792697314028621 -0.15953397639525055 140 129 99
10.142614364624023 6.700865268707275 33.38067626953125 0.35101681632272663 -0.7506899160203833 -0.5596890606792019 129 124 95
-6.558086395263672 1.7679646015167236 39.69663619995117 0.07598128879440999 -0.8869581278627001 -0.4555569373540858 133 126 98
28.215423583984375 10.565975189208984 36.63935089111328 0.21305583107635068 -0.8127480123191156 -0.5422618198948663 60 52 50
-2.5694873332977295 7.161423206329346 30.722145080566406 -0.006426616106477523 -0.7980275006869146 -0.6025867628423451 130 112 77
21.765321731567383 10.556681632995605 32.160057067871094 0.34003570708001013 -0.7449896236450071 -0.5739043287620929 69 55 54
5.647509574890137 -0.09834347665309906 45.3401985168457 0.12599489042575257 -0.949256534462601 -0.28816196724525495 116 95 79
-18.684396743774414 -1.0872015953063965 44.10546875 -0.09537691535133477 -0.8867568831244456 -0.452289148940678 130 124 98
11.509885787963867 5.011040687561035 36.70917892456055 0.06342410562849439 -0.8070661322745034 -0.5870448372660295 110 101 70
-7.643639087677002 1.7842035293579102 39.34944152832031 0.09407557914809371 -0.8511136213695247 -0.5164836773095582 108 100 82
-11.81994915008545 5.329505443572998 32.781089782714844 -0.18565755236971396 0.8811303535715099 0.434902946946825 128 120 83
-20.198667526245117 -3.425037145614624 48.833377838134766 -0.041569147355753414 -0.9202441832134626 -0.38913063262855885 79 74 44
1.9389492273330688 5.372180938720703 34.37327575683594 0.0629254861121878 -0.8557431860723848 -0.5135601062078603 156 144 91
12.519523620605469 4.672550678253174 39.31538391113281 0.14541758814959643 -0.8346187211993268 -0.531286471953083 153 151 103
3.4866044521331787 1.7373406887054443 42.13344192504883 -0.011447346365251831 -0.9421579489014571 -0.33497366699935266 103 84 69
2.269148588180542 8.202762603759766 27.1721248626709 -0.7640954838005888 0.29980645265592765 -0.5712041514042185 75 64 78
20.510055541992188 6.655693531036377 38.86650085449219 0.13147965206745077 -0.9130110524234365 -0.38616566295421867 60 52 41
-6.465195655822754 7.15208625793457 30.233945846557617 -0.24465416350514507 -0.763388891584112 -0.5978141354012791 119 114 86
-4.954455375671387 4.8164238929748535 34.79452896118164 0.09619802702410656 -0.8483199132981892 -0.5206719353858262 148 134 122
4.99417781829834 6.699350833892822 27.439054489135742 0.9368463613629138 0.08380322775866592 -0.3395525205594825 156 131 126
-6.748002529144287 8.16157341003418 28.67829132080078 -0.10264931328532369 -0.9013677006016958 -0.42071295058990404 115 103 65
-11.685386657714844 -6.891102313995361 60.34751510620117 0.11155307445624446 -0.9698561037032357 -0.21664498537685672 164 158 122
-5.656464576721191 0.7812164425849915 41.45655059814453 0.037158936290263685 -0.8736409840083641 -0.4851501257494148 93 80 63
11.964067459106445 9.131836891174316 29.543506622314453 0.13575203510720754 -0.8609524551750075 -0.4902369375030593 59 47 33
11.705215454101562 -0.5663328766822815 52.69672393798828 0.19690855955223002 -0.9521049731367414 -0.2339297742985061 144 134 99
26.964513778686523 11.603408813476562 34.384742736816406 0.37611866122505616 -0.6918625289666578 -0.616328640978279 62 54 52
1.5307095050811768 8.05021858215332 28.22565460205078 -0.8792333177177066 0.025378041899725066 -0.4757149650835573 55 51 52
21.82314682006836 0.27171584963798523 58.49846267700195 0.27749574519695536 -0.9161394312231558 -0.2892829997696014 115 99 71
2.240541934967041 8.295010566711426 27.159629821777344 -0.7640954838005887 0.29980645265592765 -0.5712041514042188 97 87 95
1.5793399810791016 -0.9237016439437866 47.12699508666992 0.03229607736032657 -0.9404068500722809 -0.33851428289551694 115 96 81
1.0491489171981812 5.799617290496826 33.35356903076172 0.05424278277295001 -0.8196843029002798 -0.5702414962942707 145 129 106
0.8443524241447449 -5.876048564910889 60.94373321533203 -0.16571683540072274 0.8887933590382205 0.42729883617244596 111 101 66
3.6138458251953125 7.385480880737305 26.4699649810791 0.6428311186434162 0.2296743758607629 -0.7307652386208735 181 164 157
-2.9307117462158203 2.5367510318756104 38.67653274536133 -0.022828931136994794 -0.9046664837605636 -0.4255083936462833 109 91 69
3.0294220447540283 6.9332146644592285 27.89854621887207 -0.31012074717225124 -0.44938461970132193 -0.8377819440339013 0 0 0
6.974582672119141 8.20294189453125 29.35673713684082 0.01722307469937797 -0.7937724393296453 -0.6079709534661702 124 105 99
-5.754270553588867 7.062227725982666 30.08308982849121 -0.25523987504850204 0.8719658831743982 0.41776560984015515 133 133 81
25.700145721435547 11.607746124267578 33.59934616088867 0.40492708841434066 -0.6994132142049333 -0.588944147490922 51 39 39
13.243877410888672 9.972317695617676 29.573190689086914 0.056469411926612326 -0.8392259706107148 -0.5408428383265933 58 43 36
14.217811584472656 4.792298793792725 38.59757995605469 0.18446309929630872 -0.8988803027904696 -0.39747649773705307 44 31 17
8.750027656555176 2.6325385570526123 39.609230041503906 0.26493393729792225 -0.8536778420319984 -0.44837947197815675 108 91 71
17.220739364624023 6.9536285400390625 35.55555725097656 0.14030698241652695 -0.8995249873167241 -0.4137254498795246 87 82 53
1.9380736351013184 5.336885452270508 26.904922485351562 -0.7374867005224256 -0.6588192345110498 -0.14856171374489602 92 81 91
-0.6829275488853455 7.826137065887451 29.7218074798584 0.03843017301060887 -0.8951688062745172 -0.4440674836952499 116 108 62
-0.5625949501991272 6.661318778991699 31.651912689208984 0.30185526656822503 0.9503598769619273 0.07549504822129886 57 51 29
-6.762569427490234 -3.7866475582122803 52.83085632324219 0.1661341199653291 -0.9095085750281944 -0.3810427877988626 143 130 95
3.170933246612549 0.8170928955078125 42.27508544921875 -0.42084078606672765 -0.8317823383434556 -0.36198228465303545 159 141 105
-4.854465484619141 8.482149124145508 27.97406005859375 0.14510322910464804 -0.6562826572456582 -0.74043104115237 123 115 68
-12.44079303741455 5.839157581329346 31.74491310119629 -0.021705509939531242 -0.8315969761346456 -0.5549552595678132 128 119 80
11.434529304504395 8.753217697143555 30.661331176757812 0.3054065776749824 -0.824503218320421 -0.4763625355673173 65 60 28
3.149831533432007 1.5069985389709473 24.77301025390625 -0.22277573877385362 0.3303421483707074 -0.9171941098936415 150 140 115
-16.8492431640625 4.073564052581787 34.791934967041016 0.028084071819621644 -0.9001738513588068 -0.4346243461195923 136 131 97
-7.052188873291016 2.456777811050415 38.09609603881836 0.09802730593471225 -0.8743000038322686 -0.47538421365257605 103 96 69
24.790184020996094 8.283380508422852 37.641780853271484 0.26466251570850635 -0.8335541030584972 -0.4849137140287833 107 98 99
0.8825438022613525 -12.14736270904541 79.39974975585938 -0.04170588425417366 0.9278303219014405 0.3706636116195472 120 109 79
-0.6481841802597046 -19.343402862548828 109.79169464111328 -0.12353305277883662 0.8926431827940959 0.43350632415498536 95 82 66
-6.460653781890869 -1.011735200881958 45.192840576171875 0.04933451481419064 -0.9417220797955715 -0.332754609394899 112 99 73
-1.9932478666305542 1.2091972827911377 40.902217864990234 0.03982238585197364 -0.8303145309907439 -0.5558704500247135 147 134 102
-17.42633819580078 -7.865348815917969 62.385250091552734 0.03968077042310194 -0.9773480953735425 -0.2078849127001247 116 109 75
20.429004669189453 5.415254592895508 41.61864471435547 0.19772383521196124 -0.9234099341478226 -0.3289671389458036 76 62 49
13.989080429077148 8.235918998718262 31.94521141052246 0.12193276001245551 -0.7713337261583619 -0.6246412449769886 47 40 34
2.226663827896118 1.3813856840133667 24.69549560546875 -0.6541068872780914 0.4414285294840792 -0.614235324100535 113 98 80
-3.4507312774658203 1.1426905393600464 41.504234313964844 0.08164329363101422 -0.9142926407035714 -0.3967408975141966 159 140 126
13.588837623596191 8.064474105834961 32.29908752441406 -0.07443048339153667 -0.5711921926105633 -0.8174347571781122 90 83 55
9.656098365783691 5.786893844604492 35.02650451660156 0.26151894095720435 -0.9381630337815229 -0.22684348253029318 115 105 74
-10.517838478088379 6.623644828796387 30.81923484802246 0.13528199021857046 -0.8444537776984603 -0.5182630610542314 125 121 76
0.32972434163093567 -9.541428565979004 77.71236419677734 -0.03111192512232326 0.8927397542204952 0.44949725177081146 125 115 79
-7.066815376281738 4.709322929382324 34.44699478149414 0.06743618590563678 -0.8366677854689717 -0.5435433539184772 164 152 130
-4.125560760498047 4.5872802734375 35.156585693359375 -0.0299457822260843 -0.8473297423987483 -0.5302221777456492 141 126 103
-3.843097448348999 6.236754417419434 31.96245765686035 0.10225748572948697 -0.8936415608782536 -0.4369761632896719 117 102 69
3.362086772918701 4.539742946624756 35.60218048095703 -0.03987943958755512 -0.8463247118308095 -0.5311723942776773 83 69 34
-8.892614364624023 7.128937244415283 30.238061904907227 0.16600442894629816 -0.687678307772855 -0.7067821974193151 101 96 54
16.76394271850586 6.6553521156311035 36.655906677246094 0.1819970429612203 -0.8336144765302433 -0.5215016595108589 71 59 45
2.3514440059661865 2.729325532913208 24.673078536987305 -0.197100011170318 -0.47232175306315516 -0.8591063654635601 173 152 149
-2.248107433319092 4.756951808929443 34.768821716308594 0.07438530531983249 -0.8593230910904394 -0.5059947148649356 104 85 70
18.20107078552246 9.93947696685791 31.34334945678711 0.0579491317293349 -0.8361285244780687 -0.5454640122739024 42 33 34
14.160476684570312 6.241483211517334 36.153404235839844 0.16422392924798904 -0.8343812589412879 -0.5261543649822769 76 61 47
-8.668634414672852 5.323856830596924 33.23748779296875 0.06228460544968091 -0.8173210377576072 -0.5728062055903423 93 80 46
-14.313206672668457 6.788890838623047 30.322938919067383 -0.13656227272761162 0.8834317658485367 0.4482176488685006 110 101 70
0.09747515618801117 1.684205174446106 40.1651611328125 0.038597219392329074 -0.9580037832070105 -0.28414609977304894 140 125 96
4.661726951599121 8.525312423706055 27.808300018310547 0.6640297580227292 0.1754336629417149 -0.7268338946190719 128 105 96
0.016051966696977615 8.258573532104492 30.056882858276367 -0.04021480268903981 0.9295261666890298 0.36655678289329185 146 138 89
3.2535903453826904 0.5622829794883728 24.50082778930664 0.04583937993658345 0.13271160550781771 -0.9900941273487927 114 96 88
2.023772716522217 2.33223295211792 25.638200759887695 -0.8117502970456213 -0.5163509592366464 -0.2728427058613454 89 77 85
17.609298706054688 6.870710372924805 36.664432525634766 0.18133244174714738 -0.9328799329910602 -0.311213072014356 131 121 118
-8.58028507232666 -0.12234312295913696 42.73479461669922 0.08482519587253262 -0.8958593677709771 -0.4361658850966819 130 117 85
-11.878339767456055 9.005407333374023 26.70275115966797 0.1335819055512822 -0.730224046130932 -0.670021430225526 128 116 90
-6.93215799331665 5.073500156402588 33.9464111328125 0.09565591669451701 -0.7935679437479485 -0.6009158545561806 131 119 97
23.962902069091797 -13.54498291015625 106.23214721679688 -0.07373839481938364 0.8792281652244283 0.47065962500043085 169 156 123
2.1390366554260254 1.1208503246307373 42.39676284790039 0.08412489472448105 -0.8769845784427466 -0.47309729576609544 122 100 87
24.176151275634766 2.299419403076172 54.56829071044922 -0.18564993604942867 0.9112727469932617 0.3675813948395621 109 97 75
12.217766761779785 4.336102485656738 38.97996139526367 0.12582006448550762 -0.8973182444444666 -0.4230712464348811 91 80 67
4.522388935089111 -2.847843885421753 58.79948425292969 -0.17541043910285553 0.9042751989652354 0.3892525432031591 106 95 67
2.060490608215332 2.5956733226776123 24.979055404663086 -0.680613525020349 -0.4134069395436106 -0.6048635646958416 174 154 154
3.4175915718078613 4.415866374969482 35.832908630371094 -0.027904660337643227 -0.8794719086168115 -0.4751320783585801 114 100 65
6.97805118560791 5.482311725616455 34.60214614868164 0.2418978876962836 -0.886649648109267 -0.39412918368954836 143 131 89
-10.114569664001465 2.3431293964385986 38.148555755615234 0.010612205580064907 -0.868908105149583 -0.4948596628318857 166 156 121
-7.63227653503418 3.496889114379883 36.5653076171875 0.15486562402906615 -0.8265670542148225 -0.5411132445068395 127 115 91
18.766202926635742 5.097416877746582 41.21841049194336 0.24052034457428034 -0.8401049677218086 -0.48618268897093425 54 42 29
-17.822546005249023 -7.336178779602051 59.638526916503906 -0.032089179381589374 -0.9411417170720568 -0.3364855910039487 167 161 127
-10.692349433898926 6.936260223388672 29.936283111572266 0.1058151207885716 -0.8631979576225919 -0.49365215098152504 114 105 66
-7.737054347991943 -3.624311923980713 52.26988220214844 0.13615236109622847 -0.9003338768965581 -0.41335389762325375 170 159 127
12.953072547912598 4.8595123291015625 38.12828826904297 0.3011700393692755 -0.8099560637403497 -0.5032571730204621 126 114 88
-4.507297515869141 -1.0146712064743042 45.49052810668945 0.0738316246301796 -0.9521161819623432 -0.2966878279436461 105 90 69
1.2207205295562744 2.9320735931396484 38.250511169433594 0.20017505171106786 -0.6621422861804185 -0.7221478668003114 120 99 78
-18.060972213745117 -1.5596528053283691 45.512325286865234 0.055580956192391555 -0.885709891024689 -0.4608999308415795 82 77 47
22.007888793945312 4.455744743347168 43.880126953125 -0.04709245023114087 0.9426702613159459 0.33038625813092404 56 43 34
0.568983256816864 2.5297603607177734 39.14897155761719 0.06066544675746541 -0.7944918905307795 -0.6042369894756069 116 100 68
-1.6427096128463745 -2.7356700897216797 52.67549133300781 0.4107622671581353 -0.8708476815529074 -0.2699975470500317 106 96 60
10.921364784240723 3.9118845462799072 39.127140045166016 0.26513815390534307 -0.841845514395689 -0.47010412595032997 125 108 82
-9.395147323608398 -6.820559501647949 61.06419372558594 0.15642415486928604 -0.97079373009448 -0.181909365846498 114 103 73
17.509252548217773 0.8991395831108093 54.15986633300781 0.2852900681866878 -0.9349443268062367 -0.21092340497647072 109 105 60
8.789514541625977 5.121457099914551 35.708683013916016 0.774308736552965 -0.5297723954490596 -0.346102859736692 157 148 105
35.310848236083984 6.59273099899292 49.24451446533203 0.27929677405340586 -0.9005545119190422 -0.33315894564849363 54 49 46
18.838226318359375 10.464274406433105 30.57750701904297 0.26449442897716335 -0.802532202420738 -0.5347754305479682 51 39 39
10.245112419128418 0.364063024520874 48.907447814941406 0.13697134848974243 -0.9269700683495352 -0.3492353677349404 125 123 80
13.038590431213379 6.710211277008057 34.42491912841797 0.0746658829309303 0.8426874678074567 0.5332005603207871 93 90 57
13.148804664611816 6.049993515014648 35.85466003417969 0.31113307367287124 -0.8391647838879494 -0.446092676412831 93 82 76
16.3863525390625 9.944842338562012 30.557212829589844 0.18935772857602154 -0.8275483767217243 -0.5284953498506568 79 73 61
24.255727767944336 9.16906452178955 35.611000061035156 0.3761792020688952 -0.7375296300380185 -0.5608379915330217 51 42 36
34.3591423034668 8.316826820373535 45.71443557739258 0.24256663861879474 -0.8848045796797834 -0.39784705805982795 62 53 46
2.2328953742980957 -7.593870639801025 74.14043426513672 0.022458243945662964 -0.9513330350177998 -0.3073452191960998 150 137 102
-38.399349212646484 -17.439985275268555 93.07887268066406 -0.011721344627133227 0.9073031916062302 0.4203136074186518 138 133 104
-12.726956367492676 -4.1877617835998535 51.93048095703125 0.1337297067548521 -0.9041992097465087 -0.40563549477954935 157 151 115
-2.258160352706909 7.6677117347717285 29.88774299621582 -0.020210598760226253 -0.8033405540993346 -0.5951768525716763 124 111 67
5.894163608551025 2.02591609954834 40.58952713012695 -0.010114731482148805 -0.9589920623951039 -0.28325239005210334 116 101 72
-12.641315460205078 5.953891277313232 31.706560134887695 0.04351298337067545 -0.8533478411315264 -0.5195229372360246 169 160 129
-4.003890037536621 6.096535682678223 32.12556076049805 -0.12768082027415448 -0.800016946314945 -0.5862341628931476 103 87 61
12.145674705505371 7.79147481918335 32.13282775878906 0.2515810167952222 -0.8079009631139767 -0.5329193426662153 95 89 61
25.95404815673828 6.735785961151123 40.70798110961914 0.42934001262129506 -0.816944941498762 -0.3850559908921438 64 53 47
-11.885453224182129 4.941146373748779 34.256927490234375 -0.07292180898869233 -0.831665840548619 -0.5504673827197898 153 143 108
-3.0236871242523193 5.919908046722412 32.51924514770508 -0.047332356797565964 0.9618503593087196 0.2694504301308031 141 128 84
23.93016815185547 11.650469779968262 32.480567932128906 0.4063496003101018 -0.6810292162778172 -0.6091627113537423 35 28 25
-16.8612003326416 -3.653179407119751 49.57991409301758 0.025234903735821154 -0.9067673992216583 -0.4208753774482824 130 124 92
-2.0255231857299805 -0.6515701413154602 45.35191345214844 0.029943585351338887 -0.9063487232554934 -0.4214681168836439 120 109 77
7.816373825073242 8.799112319946289 28.465295791625977 0.23007991646693923 -0.8612060169185722 -0.45319689811583475 95 92 49
-7.566895008087158 -5.986499786376953 57.91841506958008 0.16658222776964815 -0.920134761558855 -0.3544042634652283 157 153 118
-2.8847053050994873 4.671685218811035 34.91259765625 -0.011160253287355367 -0.8706491421440746 -0.4917779173878685 114 97 77
15.160687446594238 10.310647964477539 29.459558486938477 0.2946595179977407 -0.8487432360132766 -0.43910213820368715 52 46 24
-16.581405639648438 -2.0318996906280518 46.49268341064453 -0.2611879281007508 0.8235976098945277 0.5034558999460217 133 126 97
4.193080425262451 5.576534748077393 33.795509338378906 0.036103810641551395 -0.8953953588168838 -0.4438058880483035 130 115 82
-0.029323387891054153 -0.09518512338399887 44.755489349365234 0.1312901409694414 -0.8543030226711649 -0.502920713770208 105 89 64
-3.687744140625 4.902078151702881 34.568660736083984 -0.024224747998767726 -0.8701802990151706 -0.4921375913200135 80 63 47
-5.743474006652832 6.8109869956970215 30.963838577270508 0.040492876134595505 -0.8958724353151802 -0.44246232226574544 163 164 122
16.470928192138672 11.468338966369629 28.02153205871582 0.2837825275358089 -0.8545919812161636 -0.43490231398144996 68 59 54
1.9041470289230347 -4.000725746154785 58.25015640258789 -0.8768192287615006 0.3124416635865765 0.36546989880062625 116 102 75
6.152873516082764 -3.7850379943847656 60.15729522705078 0.014722048766851558 -0.9589470335432879 -0.28320283921358347 110 96 69
-8.983620643615723 1.795190453529358 39.48950958251953 -0.08472770483303176 -0.8426129036143757 -0.5318126650393704 110 96 70
-10.641677856445312 -0.5328851938247681 43.65883255004883 -0.13491060233398997 -0.9101910480175974 -0.39160105399054845 101 91 59
8.7970609664917 9.04625415802002 28.625484466552734 0.23704427409286102 -0.830376122670437 -0.5042672971932644 118 114 77
6.748804092407227 -0.868021547794342 49.48688507080078 0.14873225637165588 -0.8921678357182882 -0.42651526212357466 189 181 133
12.34961223602295 7.762138843536377 32.267478942871094 0.2504233363442752 -0.7801210109141532 -0.5733230860034171 55 48 32
-6.2845258712768555 5.349328517913818 33.698883056640625 -0.06828325518902045 -0.7342217939895637 -0.6754670638095821 153 140 121
0.13751515746116638 2.904479503631592 38.23829650878906 0.05068808769392828 -0.8647753240326328 -0.4995941920300788 109 91 69
-17.515331268310547 -12.962668418884277 83.9884033203125 -0.07540144538521283 0.891193336914127 0.4473131545949485 131 124 95
16.576356887817383 -13.380118370056152 98.91592407226562 0.1587276362203645 -0.9559947280858795 -0.24673795284046116 136 122 87
15.324606895446777 2.0456254482269287 46.99256134033203 0.1547084705117937 -0.919145032717306 -0.36226743986039334 152 150 91
27.577774047851562 12.567158699035645 33.929229736328125 0.160533496898707 -0.7380804879403123 -0.6553366994875711 86 82 71
18.389904022216797 7.603348255157471 36.04817199707031 0.1957976854706594 -0.6938069250530128 -0.6930333448780195 101 87 78
5.019144058227539 7.593181133270264 30.266477584838867 0.5161823198037474 -0.7623413495838304 -0.3903735127243212 180 166 140
3.6613118648529053 6.158496379852295 26.001789093017578 0.5574092532015693 0.38133356016637965 -0.7374819593292457 114 96 92
-18.52928352355957 -0.4344031512737274 42.90416717529297 -0.0006212061894674396 -0.858430819491828 -0.5129289836317096 103 98 68
-4.840516567230225 5.978390693664551 32.534271240234375 -0.12304255412699187 -0.8459536628165844 -0.5188669677683393 116 110 74
1.7515902519226074 5.000668525695801 34.843414306640625 0.04950104901938442 -0.8637867840420698 -0.5014200213994642 151 139 89
17.402498245239258 10.400959968566895 30.099382400512695 0.21121773756969817 -0.8917161432001559 -0.40028663141825904 38 28 26
-7.786645889282227 -2.8505899906158447 49.72364044189453 0.008015930088495344 -0.9160412916733335 -0.40100386134583144 104 86 74
20.213441848754883 -4.068267345428467 72.64474487304688 -0.1555454893475244 0.9218338422871841 0.35500418019748176 102 89 73
3.108764886856079 5.35433292388916 25.63601303100586 0.2614314543703475 0.2844206137791738 -0.9223657133281152 162 138 136
6.343330383300781 6.1143999099731445 32.87099838256836 0.03730513678036471 -0.8789187869093142 -0.4755103498218074 123 123 59
17.464191436767578 8.937403678894043 32.471031188964844 -0.11229250974692255 0.9414431315074175 0.3179232963974881 54 46 43
-8.792133331298828 6.264303684234619 31.692462921142578 0.12833877105576516 -0.8630924138945368 -0.48846764982094487 124 120 75
22.409208297729492 8.193218231201172 36.24742126464844 0.14168098886648992 -0.8304136307702851 -0.5388317912157066 19 11 9
-7.774434566497803 8.899343490600586 27.47039222717285 -0.05418744545874394 0.904124510649057 0.4238190533686032 156 145 113
10.241164207458496 7.60267448425293 31.841136932373047 0.007890640351055097 0.9162446936171625 0.40054138264758893 137 137 85
16.215755462646484 1.6574357748031616 48.38209533691406 0.20590297256024334 -0.8841070854229304 -0.41947422733205797 104 101 56
11.111005783081055 9.070047378540039 29.391864776611328 0.2423647608057095 -0.8564354141974693 -0.45582639680913684 63 58 29
-6.839593887329102 2.6067886352539062 37.98665237426758 0.17356563604022712 -0.8377381796634841 -0.5177544903910187 101 89 75
6.9089531898498535 6.782286167144775 32.10548400878906 -0.08015319089122541 -0.8295955677648945 -0.5525818128881885 138 130 84
0.17963965237140656 3.9153354167938232 36.32549285888672 0.16545044297866535 -0.8296416511443009 -0.5332174805881009 145 143 86
-13.082886695861816 3.7469208240509033 35.71401596069336 0.04950688345735642 -0.9044613319031442 -0.42367294884418877 144 138 104
-1.247738003730774 6.930541038513184 31.211822509765625 0.07744911062452839 -0.8467523037487562 -0.5263194575157224 54 45 28
-16.9060001373291 -0.6146989464759827 43.32476043701172 -0.1889175763677908 0.8693224701639667 0.4567150010754404 115 108 79
18.3007869720459 3.529339075088501 44.39955520629883 0.16419208389460785 -0.9367548471532479 -0.3090814066249217 93 86 52
-8.118864059448242 2.5920376777648926 37.797271728515625 -0.02574428173449875 -0.8562922137830714 -0.5158496647013172 156 147 122
-6.919451713562012 3.037895679473877 37.30792236328125 0.1675862820181943 -0.7959311724608967 -0.5817288086250676 134 121 102
-5.873721599578857 6.856591701507568 30.688859939575195 -0.07715836892331397 -0.8759549073653726 -0.4761823037111051 40 34 49
13.021467208862305 4.9109206199646 38.285221099853516 0.25476932740501845 -0.6687438935332691 -0.6984799171597976 74 66 43
10.783982276916504 8.54974365234375 30.129301071166992 0.0618305911140741 -0.8831462895538496 -0.4650049561561167 72 68 33
-6.412817478179932 5.0877556800842285 33.938819885253906 0.05491076318237799 -0.7793136034141042 -0.6242236102715543 90 78 55
-11.763948440551758 7.331064701080322 28.556615829467773 -0.012329961259268066 -0.8895709011285589 -0.4566306865735904 168 157 125
2.2266273498535156 3.002145767211914 24.565689086914062 -0.2833934975384999 -0.1906908536620691 -0.9398537779264006 191 172 168
-4.937695026397705 4.322150707244873 35.34642028808594 0.08169871124171213 -0.8500976824339553 -0.5202492199915938 114 97 79
-7.8312530517578125 2.1204609870910645 38.6474609375 0.020357848686090647 -0.9107814926188655 -0.41238650644731983 172 161 131
-12.378254890441895 -0.4082888662815094 42.99443054199219 0.1104713019775689 -0.9293067917307039 -0.3523988908645529 157 146 118
9.735835075378418 6.822464942932129 32.708683013916016 0.428335155097678 -0.7768990904335901 -0.4614724240850246 148 142 106
-19.136962890625 -1.9844032526016235 45.452056884765625 0.05247771157371561 -0.8839859477907266 -0.46455885945326264 139 134 104
2.9566805362701416 0.07853876054286957 24.180686950683594 0.7636237473145453 0.16026757484938864 -0.6254542964831139 217 208 200
5.35182523727417 6.5028076171875 30.361934661865234 0.3774642999704345 0.2555521461473123 -0.8900639318876661 104 102 53
19.753738403320312 9.989618301391602 34.0921516418457 0.3270761043011267 -0.8129252549727903 -0.48184411568745233 47 40 32
25.447383880615234 1.402763843536377 60.54346466064453 -0.21384215169787046 0.896048309249498 0.3890616424788511 118 113 72
-16.573436737060547 4.524698734283447 33.939517974853516 0.0660003692188505 -0.870151180064504 -0.48834503693119147 127 121 87
-23.834230422973633 -1.8539376258850098 45.49862289428711 0.045492058955277734 -0.9155033570381295 -0.3997300036573749 108 103 74
4.619330406188965 7.343398571014404 27.668195724487305 0.8521902183868414 0.09172833587899998 -0.5151288616284831 156 139 122
1.2316070795059204 2.9458885192871094 38.481388092041016 0.0915205671833608 -0.8495050693528641 -0.5195816807069138 145 124 103
-7.484071731567383 0.5040141940116882 41.91968536376953 0.08143151765635044 -0.9173008167940591 -0.3897795780195976 95 81 52
1.2033295631408691 -3.615612268447876 57.474403381347656 -0.7429709198766814 0.31278070971329486 0.5917452491138774 153 144 103
-6.293699741363525 3.7639858722686768 36.31026840209961 0.014262846302964552 -0.8862856960446145 -0.46291925451643423 166 151 144
24.932605743408203 2.3936312198638916 54.81712341308594 0.1890539400820394 -0.9189221929785325 -0.3461800268516102 69 55 42
-10.799182891845703 4.0489726066589355 35.373470306396484 0.05726551091213443 -0.923715736977053 -0.37877420519474636 140 135 93
-14.757166862487793 -1.3199758529663086 45.223777770996094 0.0018586810273948473 -0.8501191700217663 -0.5265870697865087 97 86 60
17.52460479736328 7.102221488952637 35.85358810424805 -0.12538336429181576 0.9550392738638052 0.268661492098442 125 122 88
0.22736229002475739 4.279679298400879 35.96495819091797 0.1255681014914827 -0.8556138821922685 -0.5021529015028187 121 120 64
-0.10641089081764221 6.431385040283203 32.038230895996094 0.07037642573366604 0.9831143493884433 0.16891813025099484 0 0 0
21.181243896484375 7.292128086090088 37.46231460571289 -0.15137163933357256 0.9529410859048759 0.26265931089512706 54 44 43
-23.905044555664062 -1.538726568222046 45.256317138671875 0.10064076486144956 -0.9332589349170292 -0.34481762838583907 85 76 46
2.7514641284942627 -2.503425121307373 56.54377746582031 -0.007320930946285341 0.8637906726225882 0.5037976556716955 180 170 145
11.017143249511719 7.451669692993164 32.47519302368164 0.11620023821330053 -0.9176121909858018 -0.3801123144458866 115 111 64
29.504791259765625 12.773754119873047 34.01995086669922 0.1425796526570654 -0.7391207460015696 -0.6583096273625909 32 23 24
1.8927333354949951 2.3995697498321533 25.778657913208008 -0.9700504030598733 -0.23166300276093335 -0.0730374470745312 114 104 112
-3.3125693798065186 6.131226539611816 32.521759033203125 -0.07584586805738172 -0.8385388488041665 -0.5395368415083491 151 139 99
3.6570193767547607 6.995030403137207 26.504230499267578 0.7081440961805265 0.3041072178009059 -0.6372211069370327 162 147 142
-1.8066259622573853 5.756604194641113 33.1109504699707 -0.0735094700632423 -0.9266543957053164 -0.36865700689263414 52 48 39
-5.539681434631348 5.8850226402282715 32.989540100097656 -0.3222127756838907 0.8517177005240736 0.4132261920547485 94 84 49
-0.009482414461672306 -8.422628402709961 76.07991027832031 0.018866512387382108 0.8669461186692302 0.4980446586749969 121 111 76
-10.631299018859863 -0.8731697797775269 44.20712661743164 -0.27302368423821427 -0.7435250872724017 -0.6104330532020352 118 109 76
32.68695831298828 6.37205696105957 48.684024810791016 -0.15630751708889368 0.919337101647657 0.3610917523782435 51 42 35
-2.8480961322784424 7.016596794128418 31.046072006225586 -0.04683116936407224 -0.7937838160029502 -0.606394339541348 144 130 81
5.996774673461914 5.442673206329346 34.183414459228516 0.05017621911461013 -0.8756604706250144 -0.4803135301239609 121 107 78
-5.823169708251953 8.172284126281738 28.698345184326172 0.0940176996250892 -0.7730987958967241 -0.627278984137235 125 113 75
12.818841934204102 3.7283897399902344 40.646114349365234 0.29583274414069893 -0.9073702710991441 -0.2986003660742055 107 102 63
-4.612900257110596 7.088917255401611 30.660400390625 -0.208117852404132 -0.7830790071362381 -0.5860667437188496 94 84 49
9.662501335144043 8.687877655029297 29.399703979492188 0.14684815626968958 -0.8358818141690103 -0.5289018923597435 97 92 54
10.884706497192383 4.758105754852295 37.09294128417969 0.2929160216061445 -0.839482190031057 -0.4576787704352139 119 111 71
22.98448944091797 11.911747932434082 31.102222442626953 0.4191209966707151 -0.7134224059369889 -0.5615746262580111 56 45 44
-6.478610038757324 -1.0950722694396973 45.72598648071289 0.07758298710536381 -0.9456709669876777 -0.3157329604403059 112 101 74
3.279374837875366 0.42754751443862915 24.57903289794922 0.6774848118232897 0.2772035538644694 -0.681302076522353 249 243 231
23.859302520751953 -1.9547343254089355 67.0793228149414 0.14236385505362928 -0.947740905902667 -0.2855165635353954 98 86 60
19.260562896728516 3.9119882583618164 43.84029006958008 0.21565965135982812 -0.9091361739995968 -0.35631774008703576 88 80 45
-12.625494003295898 3.9056198596954346 35.43476486206055 0.08375263430488251 -0.8393223945596787 -0.5371437556535493 126 120 86
-7.563900470733643 7.230118274688721 29.929750442504883 -0.004166605592455762 -0.8391731402350779 -0.5438483980907136 87 72 39
-10.150321960449219 7.428563594818115 28.77610969543457 0.10224737850156435 -0.8866427223582758 -0.4510101511924782 151 141 106
1.258958339691162 -4.762036323547363 59.0586051940918 -0.11999564760125633 0.8822498262689317 0.4552321260688831 143 127 103
-8.458486557006836 -0.2215844839811325 43.12476348876953 0.08151046576871589 -0.8601542722736878 -0.5034785714005011 172 164 128
11.37507152557373 7.616669178009033 32.02425765991211 0.3078251152815175 -0.8954556534656659 -0.32156316809967117 107 100 71
9.999802589416504 8.845627784729004 29.409381866455078 0.1562015459879622 -0.8121340780335401 -0.5621737421185572 76 69 32
-6.7498064041137695 -15.456445693969727 90.85499572753906 0.1167391081709004 -0.9509283256513303 -0.28654371411255875 147 136 104
15.284031867980957 7.171919345855713 34.873924255371094 0.1258483574544826 -0.8633966882704148 -0.4885778848962453 86 78 57
2.6166024208068848 4.222346305847168 25.216764450073242 -0.03497615532836335 0.4997999326785195 -0.8654343971977273 152 127 120
18.486238479614258 3.794530153274536 47.615264892578125 0.0080474280554388 0.9927528214082886 0.11990443898194679 132 112 93
-10.646815299987793 8.721927642822266 27.74861717224121 0.12664223963864693 -0.7460138153113826 -0.6537775848894349 160 149 117
-23.654157638549805 -3.970616102218628 50.036861419677734 -0.021050507373461425 -0.8386061925554034 -0.5443312685736958 130 125 95
-0.18942758440971375 -1.573115348815918 48.72636413574219 0.2055712383490042 -0.9300696344906825 -0.3044847138396688 98 85 68
5.752366542816162 5.863426208496094 31.336597442626953 0.7154403376938315 -0.6888862472914822 -0.11653695333753626 102 99 48
12.877495765686035 3.0285823345184326 41.948734283447266 0.2013208274528404 -0.9085146176311752 -0.3661572257708208 91 79 57
24.778810501098633 9.847705841064453 35.198272705078125 0.36281668095641156 -0.778181209678544 -0.5126383334506024 38 29 30
-14.051045417785645 -1.1502162218093872 45.02973937988281 0.014798268451798897 -0.8931821792475931 -0.44945145002029857 142 135 101
10.69774341583252 9.637247085571289 28.164812088012695 0.15238214717043158 -0.8664462894950077 -0.47544769285807076 76 64 50
2.751647710800171 7.936591625213623 26.570432662963867 -0.6199689577116736 0.21463372854297838 -0.754699181161369 87 76 84
9.844399452209473 8.414900779724121 29.840965270996094 0.2565521163254368 -0.840557059962088 -0.4771214107088787 104 104 52
11.80949878692627 -0.8668927550315857 53.641197204589844 0.17074192955548934 -0.9296379579395766 -0.3265278864807755 146 136 101
28.681427001953125 9.317262649536133 38.88251876831055 0.29115717308589156 -0.829062721381359 -0.47737040605421655 44 35 30
29.302183151245117 11.051193237304688 36.671993255615234 0.17211820979247647 -0.7545415688691272 -0.6332790401602988 72 64 62
-1.949852466583252 -2.3711297512054443 49.938629150390625 0.13132927066926103 -0.9494515241480779 -0.28512177391137844 118 102 76
-0.9949928522109985 -2.8132164478302 54.09857177734375 0.46186715262906874 -0.8446694972499237 -0.2705774819490301 204 189 179
17.327966690063477 4.44010591506958 41.93206787109375 -0.09522353235426012 0.8485135229309823 0.5205355706282044 52 46 20
16.748958587646484 6.77784538269043 36.44438171386719 0.21705225999158942 -0.859401414525889 -0.4629444082645826 75 63 49
7.888138771057129 -0.6759572625160217 49.06283187866211 0.32666695170753374 -0.9216907195919194 -0.20922456853877747 127 120 66
16.761215209960938 -0.3319830894470215 58.24899673461914 0.2964185238532462 -0.9134404880522116 -0.27885934358310444 121 112 73
16.844928741455078 6.232574939727783 37.81249237060547 0.16438544765673424 -0.8550684305391608 -0.491767631807942 83 68 61
36.15007019042969 12.102361679077148 37.81544494628906 0.23241366245575704 -0.8584542843085133 -0.4572090673381925 48 43 40
22.240690231323242 5.50336217880249 41.322021484375 0.11601912288254311 -0.9256139043544197 -0.3602477802725955 67 54 38
4.802685260772705 5.226387023925781 34.4667854309082 0.12213223646922113 -0.8179890110619918 -0.5621189327863373 130 112 76
27.358381271362305 -6.822112083435059 83.09207916259766 0.36239188476381357 -0.9281909585215938 -0.08446103466152757 0 0 0
2.2018511295318604 6.544519901275635 26.398839950561523 -0.7743120375319843 0.37632049023018327 -0.5087472429074988 59 46 53
13.499102592468262 8.181992530822754 32.056087493896484 -0.0656898760827585 -0.8020226234992326 -0.5936704065183308 78 70 39
-4.28147029876709 7.283667087554932 30.321290969848633 0.13725976935523934 -0.8712776714949376 -0.4712058731286209 116 103 59
29.90155029296875 4.858476161956787 54.24114990234375 -0.030794553082159178 0.9958041203763333 0.08617336793921385 63 50 42
-6.293788909912109 1.145915150642395 41.130043029785156 0.10904448379327608 -0.8503394129884049 -0.514812765258198 166 160 136
14.684630393981934 7.5185089111328125 33.8216667175293 0.1968432326566266 -0.9341673908834651 -0.2976306898948239 58 60 13
3.4718823432922363 3.362135171890259 25.159954071044922 0.8165381035393126 0.35044484704655104 -0.45875258543897374 152 122 116
-9.775470733642578 7.555846691131592 29.376678466796875 0.17211496730480796 -0.8344915632716481 -0.5234503499455375 108 98 63
-3.5700485706329346 -1.967125654220581 48.002471923828125 0.01997064888796911 -0.9399072853804129 -0.3408452259777401 119 104 81
17.86128807067871 9.24989128112793 31.55170249938965 0.09467368942168741 -0.7347409635724454 -0.6717087233168255 55 42 34
-9.980351448059082 6.409112453460693 31.06215476989746 0.11273625381890606 -0.8037950038148688 -0.5841268089354694 133 127 91
13.853943824768066 8.315943717956543 31.950178146362305 0.17813803547961943 -0.8175436079343108 -0.5476214837286899 67 59 46
0.7518517971038818 7.030691146850586 31.78402328491211 -0.02502431895072034 -0.904850538388595 -0.42499327834557865 75 68 42
27.118629455566406 -1.3037041425704956 67.61327362060547 -0.19030382882652816 0.8948880171193835 0.4036829071809971 91 74 64
21.399635314941406 6.066186428070068 39.56724548339844 0.19426706292510107 0.9604510596374386 0.19948451143829743 86 73 57
2.950373411178589 5.298064231872559 34.5207405090332 0.06450983922286348 -0.8339036017849198 -0.5481270505763949 124 111 67
-13.33090877532959 4.233718395233154 34.78185272216797 0.046298041893460117 -0.876098088259198 -0.47990481458869555 153 147 113
-5.057208061218262 -9.104754447937012 76.90850067138672 0.044393165361244144 0.8871319740464613 0.45937578026452125 127 116 86
10.070732116699219 6.809325218200684 33.100120544433594 0.36785572270458905 -0.7735836224924144 -0.515994715365379 147 140 111
-11.861469268798828 5.192846775054932 33.310028076171875 -0.19773489560372728 0.8919322172937733 0.4066421409716362 96 88 49
46.54792404174805 3.7982606887817383 68.97114562988281 0.26691631836810625 -0.9370003407607025 -0.2253575834160977 36 30 11
13.259726524353027 10.08198070526123 28.747074127197266 -0.21145159670353758 0.9242987723796452 0.3177420362951763 56 42 43
22.010679244995117 8.706731796264648 35.756412506103516 0.17479175250533538 -0.8690930545508182 -0.4627365403635668 64 50 39
-4.221484661102295 6.46425724029541 31.626907348632812 -0.05216465973017633 -0.8203794397768757 -0.5694351789858215 111 99 65
-7.272785663604736 8.061266899108887 28.47176742553711 -0.06922037472380577 -0.903530077296658 -0.4228970786650003 120 106 71
-21.436132431030273 -1.0046954154968262 44.36720275878906 0.08395548015566104 -0.888515432446922 -0.4511006580082669 93 88 58
1.5211211442947388 5.696328639984131 26.977418899536133 -0.9044499664750036 -0.264298834396017 -0.33483784774166625 185 173 173
-11.29968547821045 6.2967047691345215 31.06959342956543 -0.010513905107774026 -0.867281040445596 -0.49770780050446217 136 126 91
-6.381377220153809 4.963951110839844 34.28127670288086 0.02610625468402682 -0.8559781254139006 -0.5163525077689441 153 138 115
4.257934093475342 3.0198307037353516 38.43999481201172 0.09115710745457681 -0.8005270090843237 -0.5923232981126287 157 151 89
-5.365281581878662 7.5391716957092285 29.670360565185547 0.1505271190538879 -0.8273848640002173 -0.5410876761234529 155 150 108
-6.724770545959473 5.4988908767700195 35.09627914428711 -0.11674908115783096 0.8802654367195865 0.45989391490394643 88 73 52
24.76215171813965 8.274347305297852 37.59820556640625 0.26466251570850635 -0.8335541030584973 -0.4849137140287835 126 119 113
47.391300201416016 4.272985935211182 67.51770782470703 0.2698175815638142 -0.9351741745396185 -0.22945094454631873 85 79 57
2.39375638961792 3.6195356845855713 37.537681579589844 0.12796996646150718 -0.8088936506778182 -0.5738595207687618 117 103 77
2.3830814361572266 -2.1410365104675293 57.61903762817383 -0.21549503033180478 -0.9409744698801079 -0.2610152082468461 136 127 88
-12.148907661437988 7.374627113342285 29.291919708251953 -0.01090660839158478 -0.8490458113412352 -0.528206641511915 102 93 58
-5.534559726715088 1.7974815368652344 39.72926712036133 0.1981691981926275 -0.7475220131116693 -0.6339872307871572 82 67 60
-11.337075233459473 7.231711387634277 29.672313690185547 -0.004730575799821052 -0.8992051617536913 -0.4375016556861475 95 89 55
-13.819437980651855 7.079535007476807 29.523725509643555 -0.19350838089885097 0.8828380092401442 0.42796209640902155 156 149 120
8.457971572875977 3.5526931285858154 38.81998825073242 0.15269121174290254 -0.8831636765992458 -0.44351698298056924 158 141 131
18.48845863342285 -5.2220025062561035 74.48279571533203 -0.2516729484120978 0.8913138655304449 0.3771210948100588 108 97 69
37.53671646118164 5.813529014587402 52.26424026489258 0.1804539929710319 -0.9227727688511131 -0.3404802101263167 69 60 53
2.969644546508789 3.0296449661254883 38.5384521484375 0.05800883233487652 -0.8023167717313564 -0.594073036898426 144 132 94
12.591409683227539 9.138383865356445 29.950416564941406 0.26863313825893287 -0.8125896295734244 -0.5172372095459511 106 98 77
9.001890182495117 5.84834098815918 35.78573989868164 0.6479521677894773 -0.7561241202046417 -0.09183846199536383 110 96 70
-5.385240077972412 6.085312366485596 32.5108642578125 -0.2309338694568643 0.9064396462203265 0.3536053106185607 117 112 80
11.19663143157959 3.206244707107544 40.39527130126953 0.2472780459089395 -0.9149163926196836 -0.3190322280385493 134 117 99
33.3570556640625 2.7249720096588135 58.129791259765625 -0.07144399065323312 0.9109110267042689 0.40637034540935074 67 57 49
-8.850041389465332 -0.6172621250152588 43.21604537963867 0.02748614270592103 -0.7937568533926185 -0.6076138326695655 101 89 63
-7.498352527618408 -4.552216053009033 54.52710723876953 0.08995927257724755 -0.9514535212172254 -0.2943527241944861 135 124 92
2.2440567016601562 5.668855667114258 26.170509338378906 -0.7834058882423935 -0.2642868370579597 -0.5625190503663376 148 133 138
-7.7751264572143555 4.751090049743652 34.100284576416016 0.25510183671924425 -0.7717954260648513 -0.5824558980797113 112 97 77
-10.870992660522461 7.163326263427734 29.814762115478516 0.1527496377365427 -0.7200349085829734 -0.6769174828539031 122 111 79
-18.801239013671875 -7.288130760192871 60.05350875854492 0.036484351763617015 -0.952782727375614 -0.30145309169267986 141 134 98
0.052424997091293335 6.3417205810546875 32.90895462036133 0.12146065854781268 -0.741908633217582 -0.6594079832564589 58 48 24
18.7269287109375 9.580546379089355 31.904829025268555 0.3424496110323195 -0.6698899371225749 -0.6587683477867822 47 39 36
-13.16104507446289 -3.691863536834717 50.30742263793945 0.15747382327007015 -0.9277245385541062 -0.33842159438971464 90 83 55
-5.1492533683776855 6.030513286590576 30.61823844909668 0.5530479780082492 0.2782827906995542 -0.7853003389923214 0 0 0
-4.412939071655273 2.748434066772461 38.289695739746094 0.03802891532384171 -0.8732252105040579 -0.4858307661515845 177 163 136
-23.148059844970703 -2.3615305423736572 47.113182067871094 -0.03063399794271503 -0.9046122036752879 -0.4251332957223951 132 127 97
-32.77875518798828 -10.530911445617676 77.85113525390625 -0.11820263304240897 0.9615493061847975 0.24789326194428188 114 111 78
7.075630187988281 -2.58018159866333 57.96343994140625 0.07557070359965064 0.941287800176872 0.329038517495504 110 94 68
4.868113994598389 5.676171779632568 26.717144012451172 0.8298672712154481 -0.18643091597247835 -0.5258933596605762 133 133 83
2.361126661300659 1.7436593770980835 41.279541015625 0.0893354042517773 -0.8712217747121298 -0.4826922464828066 148 127 108
23.75255012512207 11.368447303771973 32.16041564941406 0.3847136170819233 -0.6743610945739518 -0.6302638708959648 63 51 51
-1.5331171751022339 5.163125991821289 34.20596694946289 -0.10278996250599577 -0.8761868981916795 -0.47088293985369556 108 93 70
5.783749103546143 6.985158920288086 31.677785873413086 0.15770304926929551 -0.9286125301528322 -0.3358697918752464 135 134 90
15.255349159240723 -1.7858202457427979 59.53691864013672 0.5326124146970391 -0.7198420215466199 -0.4451420893672765 219 211 209
-16.254369735717773 -0.22621752321720123 42.91276168823242 -0.21866062689799617 0.8604457774792142 0.46023971391305013 106 101 64
-10.985174179077148 1.3041942119598389 40.018592834472656 -0.0035275714204249698 -0.8959265008605692 -0.4441883173785754 146 136 101
-4.556041240692139 7.813122749328613 29.117019653320312 0.01835854665724238 -0.9177618861577584 -0.3967065465565037 109 97 55
-15.565147399902344 -3.270688772201538 48.865638732910156 -0.05602606856062362 -0.8940205844634972 -0.44450902600193254 144 135 104
30.294736862182617 11.38931941986084 36.45042419433594 0.28917069677989793 -0.7160593384421028 -0.6353261618678131 45 37 35
-3.972503900527954 0.323690265417099 42.621524810791016 0.06217580467651548 -0.8919014910871462 -0.44793515100888515 110 91 75
-11.251558303833008 1.3964847326278687 39.97477722167969 0.0155412126207379 -0.9034261816799897 -0.4284619060842998 111 101 65
-20.166311264038086 -16.69407081604004 91.63108825683594 -0.025850227932566926 0.9200300893588453 0.3909941181017818 160 152 115
-2.986186981201172 6.234304904937744 32.26780319213867 -0.07797322211262556 -0.8132965954868964 -0.5766010964287169 158 146 108
20.390491485595703 2.926262140274048 47.56178665161133 0.26489125208407 -0.9146656620863713 -0.3053184422360274 142 138 93
19.328588485717773 10.234947204589844 31.32259750366211 0.2508313919053851 -0.8058399009589763 -0.5363820157846775 50 39 37
2.475952386856079 1.4619146585464478 25.93251609802246 0.41572536146537087 0.7157354801568401 -0.5611551891225314 119 108 86
8.583781242370605 8.397363662719727 29.504837036132812 0.4895702992096051 -0.6096275182690193 -0.6234382175492412 112 103 64
3.7726199626922607 7.144984245300293 26.696382522583008 0.6095719428912577 0.2954120015006853 -0.7356315625427831 212 198 185
1.1870085000991821 7.946981906890869 29.441862106323242 0.13236189460025113 -0.862551156681183 -0.48835011105331505 80 76 65
-7.000589370727539 5.678919315338135 32.88698196411133 0.04415163216762347 -0.8034152517934136 -0.5937798974053107 178 165 133
2.0307729244232178 2.221662998199463 39.81599044799805 0.12230394677282685 -0.9106902755900337 -0.39456934314457026 102 84 57
6.654446601867676 9.105193138122559 27.7960262298584 0.23861269392618828 -0.826239136753159 -0.5102870478413908 133 140 87
7.599874019622803 1.6518802642822266 41.55949401855469 0.16474458951752277 -0.8762377161300389 -0.4528428922440061 110 93 63
16.981538772583008 2.741288185119629 47.296104431152344 0.28084653809454363 -0.8883093880563915 -0.36336160106867316 137 138 80
24.520565032958984 6.778365135192871 39.814117431640625 0.16266576969198004 -0.9389634717561217 -0.3031294213338699 46 39 35
15.074962615966797 6.019933223724365 36.83702850341797 0.09961768528810906 -0.9281260697484813 -0.35868972027516605 66 54 42
20.069801330566406 7.287402153015137 36.841915130615234 0.22324630861907976 -0.9411428464937225 -0.25379367246180284 63 50 42
13.703821182250977 9.361483573913574 30.02971076965332 0.17373768828433198 -0.8486233006298536 -0.4996535892973348 67 55 41
-8.448770523071289 4.258675575256348 34.01614761352539 0.1721701658230541 -0.8937772577502223 -0.4141493058414502 153 141 101
-11.516164779663086 6.334376811981201 31.06638526916504 0.11154310704059006 -0.8784483449209549 -0.4646360302186718 116 110 76
-15.600274085998535 -1.0172280073165894 44.579742431640625 -0.02613409920384175 -0.8916672059318456 -0.4519365029785706 92 86 62
11.35779857635498 8.41715145111084 30.832612991333008 0.30370480471247935 -0.7694219754272326 -0.5619192249106721 102 100 61
-0.8401477336883545 -16.793365478515625 101.53807830810547 0.14394220771336363 -0.9510786698718671 -0.2733678923234461 87 74 58
-4.414939880371094 7.444652080535889 30.040447235107422 0.23260273431185413 -0.8327976960104667 -0.5023384969423579 90 81 40
11.094084739685059 4.345407485961914 38.22749328613281 0.3022365560343537 -0.8710011341716838 -0.3873113585581157 123 109 82
6.43101167678833 0.07063459604978561 45.866451263427734 0.19839318368876957 -0.9624530482075898 -0.18526811561019696 91 74 55
-1.2236045598983765 7.7281389236450195 29.784738540649414 -0.1493527432833415 0.9069349647936124 0.39390700388359273 112 103 70
12.021669387817383 -0.471217542886734 54.09645462036133 0.46618462134484323 -0.8146838235924861 -0.34490892478782276 103 94 64
9.14155387878418 -2.855151653289795 57.58266830444336 0.13878594817177717 0.9395283309378216 0.3130894056898958 113 100 66
12.750956535339355 -1.829960823059082 57.077796936035156 0.4481983341757175 -0.7795099732639285 -0.4375870825609243 109 94 65
13.692313194274902 5.806552410125732 36.69771957397461 0.1853797168497038 -0.8848687743502891 -0.427365900324934 89 76 57
20.750228881835938 10.557559967041016 31.475339889526367 0.3118677030883661 -0.7953158812302343 -0.5198184152503285 60 46 43
2.4400551319122314 3.423449993133545 24.909406661987305 -0.3366641312010256 0.6551074911780523 -0.6763811335076235 192 173 169
-11.021026611328125 7.391203880310059 29.2215576171875 0.004629026120067752 -0.8789171582799479 -0.47695199024459517 141 136 99
-8.290400505065918 6.368346691131592 31.486146926879883 0.10441769920059697 -0.8668081166184731 -0.487586539045111 105 99 65
0.18788141012191772 -0.5272974967956543 45.007049560546875 0.16467453621571904 -0.8731207334320711 -0.45884908409321257 127 114 80
13.357979774475098 4.428756237030029 39.1253662109375 0.2588843529106519 -0.8989281495288668 -0.3534219486713301 99 88 61
20.348108291625977 5.541337490081787 41.02810287475586 0.20350684311835307 -0.8746607410295294 -0.4399472160449216 83 68 49
-5.989288806915283 2.78806209564209 38.289859771728516 0.13884772281640545 -0.8579524870592833 -0.494609785404099 129 114 91
-3.1966378688812256 -1.0322765111923218 46.361000061035156 -0.2794671948628296 -0.8473210908592733 -0.45160276347754125 108 98 63
-13.906615257263184 -2.8305089473724365 47.77775573730469 0.00022759550919137687 -0.8393088227965662 -0.5436548980521804 72 67 37
-3.7851133346557617 6.356307506561279 31.73631477355957 0.12476993575078314 -0.7765169621798969 -0.61761951926704 123 109 74
23.07362937927246 -0.9212751388549805 63.47150421142578 -0.04471522528491691 0.9549277961712098 0.29345093751309714 105 99 67
8.655009269714355 -5.410503387451172 70.21141052246094 0.09629112149620744 -0.9746700427202399 -0.20185719641550676 130 117 82
-8.50122356414795 4.280465126037598 34.98001480102539 0.05851364421708602 -0.9061591171272466 -0.41886967888306886 151 136 103
-11.693503379821777 6.428084373474121 30.82945442199707 -0.2049327766928682 0.8727560174823125 0.4430569839031588 83 73 38
3.3551723957061768 1.8505220413208008 25.457416534423828 0.8666717242329541 -0.31964269675891677 -0.3830256764549416 0 0 0
6.478723526000977 6.134072780609131 33.10835647583008 0.04276663039611541 -0.858400822778142 -0.5111937428982979 143 142 86
32.6268310546875 4.426834583282471 54.907867431640625 0.14015779805148137 -0.9690451365153688 -0.20324201101462858 83 69 56
-8.03295612335205 8.176960945129395 28.69698143005371 -0.03062200716364117 -0.8708496328889886 -0.4905947508630554 152 139 104
-2.451763391494751 4.379698276519775 35.44245910644531 0.10857387766619819 -0.8874121891744091 -0.4480081691143682 118 102 86
-6.028351783752441 4.677270889282227 34.718753814697266 0.07328377348843805 -0.8472872471311346 -0.5260549490236159 135 120 89
-6.009036540985107 4.415170669555664 35.15263748168945 0.10785884743119202 -0.8333820941042396 -0.5420708018859228 97 83 57
45.75400161743164 9.633956909179688 46.50144577026367 -0.028669426251484945 0.9443029262504217 0.32782624585792636 60 53 45
6.897796154022217 7.895167350769043 29.915842056274414 0.1478480045940514 0.9445699791394305 0.2931356717393728 140 126 100
-26.950347900390625 -3.7774369716644287 49.628787994384766 -0.08887348211429821 -0.9236703885384498 -0.3727392084475533 102 98 71
-5.9425048828125 -1.4825831651687622 46.95204544067383 0.064603454885901 -0.931931983859037 -0.3568321329103718 163 150 131
-6.530642986297607 7.892148017883301 29.069345474243164 -0.0549046659788857 -0.8378753231268296 -0.54309338105786 99 87 49
11.98080825805664 7.604974269866943 32.89799499511719 0.2740139432718461 -0.8752021507801033 -0.3986697306825475 121 109 83
-3.611872434616089 -1.0851707458496094 45.723411560058594 -0.015062245560057919 -0.9409273274695206 -0.3382734000475862 123 112 82
-3.9691214561462402 4.632974147796631 34.98533630371094 -0.12796343484915673 -0.7904440076974241 -0.5990188895492696 154 140 111
5.99269962310791 7.813468933105469 29.994808197021484 0.05454337301482238 -0.8508793796594268 -0.522522058606672 154 137 126
-11.12628173828125 -0.9985770583152771 44.48701858520508 -0.12374767409984162 -0.8417920946294912 -0.5254260962059013 103 92 62
16.68915367126465 2.07226300239563 47.609375 0.2528755972271178 -0.9333750757885334 -0.2546858854035259 140 139 95
16.21255874633789 8.831374168395996 32.46030044555664 -0.10555015541391195 0.907352978175413 0.40690261450168513 51 45 32
-10.224207878112793 7.173961162567139 29.793474197387695 0.10975091222256936 -0.7886548073019871 -0.604961430329058 150 140 105
12.34885025024414 8.154293060302734 31.646461486816406 0.46588490527411713 -0.7316340390061462 -0.49765740023160576 77 70 44
-8.63167667388916 1.5028512477874756 39.69972229003906 -0.09789460470103468 -0.8302299084718766 -0.5487576381693543 106 96 71
-14.833154678344727 1.550737738609314 39.709983825683594 -0.16611718512798337 0.862770862453083 0.4775264596931973 122 116 82
10.132467269897461 9.030644416809082 29.09157943725586 0.16675136786735317 -0.8353897258274859 -0.523753746808789 68 58 23
18.790000915527344 8.872944831848145 33.08301544189453 0.162601827166672 -0.8914508545114473 -0.4229373710052945 63 52 45
9.297399520874023 9.359854698181152 28.275821685791016 0.17022674753621178 -0.8247177750437229 -0.5393175743012403 79 67 41
0.8689815402030945 6.25597620010376 33.05646896362305 0.041605403623743015 -0.8497128798256459 -0.5256015717705883 179 164 133
-12.861679077148438 4.483872413635254 34.32167434692383 -0.004170056593027343 -0.8293380728432816 -0.5587315737996218 102 94 59
14.152843475341797 7.972414493560791 32.81101989746094 0.14357867181475253 -0.8697087067004634 -0.47222021397788466 55 51 27
-12.512857437133789 2.1324400901794434 38.810279846191406 -0.05489773087293314 -0.9136024205292655 -0.40288566163127465 96 88 51
18.770090103149414 -10.448321342468262 86.9303970336914 0.2161803841956077 -0.9195751701113982 -0.3280968576558336 148 135 103
-0.5211005806922913 4.829806327819824 35.00601577758789 0.10290712629775355 -0.8644763502725896 -0.49202719759838565 139 124 96
20.853900909423828 11.1027193069458 30.678728103637695 0.2689122656375833 -0.7791372674481841 -0.5662431561290947 49 37 37
40.369529724121094 9.840347290039062 44.9931755065918 0.20614322408938218 -0.9340437742026134 -0.2916628173685694 47 38 29
4.43808126449585 6.948151588439941 27.0495662689209 0.6816036897659717 0.19593749239826524 -0.704999935581623 171 148 142
-7.742708683013916 7.332002639770508 29.730792999267578 -0.07384852652214614 -0.7924603870249635 -0.6054361486785811 126 118 82
-5.640912055969238 -6.691030025482178 64.2549819946289 0.19684592903175196 -0.9737820370149329 -0.114018527488624 115 104 76
-5.362891674041748 5.172384738922119 33.96275329589844 0.07560469069753901 -0.846775950595607 -0.5265495420541509 72 54 40
6.150510787963867 7.153045654296875 31.537599563598633 0.08157666865623382 -0.9148931316556622 -0.39536793595364617 138 136 85
-2.498751401901245 6.017408847808838 32.82789993286133 -0.016828949769495758 -0.9159801133524945 -0.40087057561313605 171 156 133
-3.410231113433838 2.7078475952148438 38.36122131347656 0.027996653895440492 -0.8488577419095514 -0.5278794572351498 120 103 83
9.472243309020996 1.2120920419692993 45.04570007324219 0.26190826014868446 -0.9405271800305033 -0.21636239712518798 116 94 81
12.537388801574707 8.073554039001465 31.758089065551758 0.23876614989406011 -0.8885064147052525 -0.39185083474759297 63 55 32
16.19868278503418 8.906283378601074 32.21298599243164 0.16033993437128538 -0.9037351501957058 -0.3969305779938821 82 72 62
-9.236868858337402 -9.141610145568848 77.08509063720703 -0.0790799977696114 0.9475691143497343 0.30961125219090246 138 127 97
-2.406466484069824 -0.8141341209411621 45.46535873413086 0.09317293623864793 -0.903240398595575 -0.4188980619405818 131 125 89
8.523378372192383 6.815852165222168 32.32677459716797 0.027755687557004048 -0.9067955349046266 -0.4206560111127264 119 110 85
13.440569877624512 4.526401996612549 39.0870475769043 0.32436191054995045 -0.8720311550667911 -0.36653924152437434 75 67 44
13.797307014465332 -0.7539171576499939 55.71531677246094 0.4070332970587369 -0.7992917848778096 -0.4421046682770266 177 173 162
-11.396848678588867 -4.820270538330078 54.14814758300781 0.15329541523926818 -0.9252397295325782 -0.3470330799233726 128 122 88
13.043210983276367 3.4196937084198 42.186126708984375 0.06637717149222194 -0.932477268647608 -0.35507775847015355 108 101 72
14.701313972473145 -6.238515853881836 73.90630340576172 -0.08035476201734172 0.915473359022558 0.3942735613011492 156 145 117
2.7223730087280273 4.2965569496154785 25.30460548400879 -0.06082099941361623 0.5111550457352885 -0.8573338470220827 187 157 155
-6.442963600158691 5.099481582641602 34.02600860595703 0.13556278505166508 -0.7611732249233809 -0.6342224002420411 83 70 53
0.14738012850284576 2.725351095199585 38.622989654541016 0.07160702157187601 -0.8803564087620566 -0.4688763461864755 124 103 82
-11.127227783203125 5.636358737945557 32.23976516723633 0.048828966393945225 -0.9093773636496633 -0.41309628722912445 126 118 81
-10.532940864562988 -0.4049864709377289 43.95774841308594 0.20538461037478237 -0.9587478760315796 -0.1965188846552256 129 117 91
-7.6592864990234375 -4.978647232055664 56.39036178588867 0.029186100375284015 -0.9233008071560308 -0.3829670887294439 100 89 61
36.46124267578125 4.136084079742432 57.15900421142578 -0.12903084921573524 0.9281125676234153 0.34922500163954073 49 42 34
2.5197365283966064 3.3671836853027344 37.740394592285156 0.03994137885854576 -0.8730350243177051 -0.4860190660555009 126 109 79
-0.3117601275444031 4.0178022384643555 36.27683639526367 -0.018086175580044207 -0.8335610164062949 -0.5521312544862791 130 128 70
0.35301050543785095 -1.0742892026901245 47.37373352050781 0.15388623989654807 -0.9485792001813961 -0.27661620732293396 150 135 106
21.866178512573242 7.6004180908203125 37.036808013916016 0.17270838761943452 -0.8855483881768305 -0.43124919135380707 42 39 26
10.168434143066406 4.417187690734863 37.09608459472656 0.1791593290171145 -0.9123577836058435 -0.3681103224849448 87 72 51
15.944904327392578 3.128725290298462 44.32769012451172 0.18725588816355887 -0.9522479207107306 -0.24116204064936625 111 102 71
-10.328206062316895 6.8658905029296875 30.3564395904541 -0.06174219605309574 -0.742025226357973 -0.6675226323316236 101 91 55
31.55021858215332 9.778542518615723 40.04951095581055 0.23520721844984047 -0.801272383382022 -0.5501273779938453 47 39 36
14.551958084106445 9.94218921661377 29.16474723815918 0.31965191414969735 -0.7661278857973715 -0.5575578143870674 118 115 84
12.05174732208252 0.18542318046092987 50.55084991455078 0.31571323825988645 -0.9005265104255101 -0.29896012310726183 120 106 79
-3.826648235321045 6.251823425292969 31.99690818786621 0.10225748572948697 -0.8936415608782536 -0.4369761632896719 109 94 65
3.324934720993042 1.861935019493103 38.84269332885742 0.0006537045418670646 -0.9163358750633244 -0.4004099608430136 108 89 72
24.119384765625 -0.5882830619812012 62.56561279296875 -0.12748843109026042 0.9435283948962009 0.30577911629596793 143 128 105
-10.102506637573242 -6.513895034790039 59.916534423828125 0.1054406162704059 -0.9702408904566036 -0.2179791066283515 144 139 102
12.668560028076172 10.393349647521973 28.05419921875 0.1605936911433287 -0.8103136707959454 -0.5635613731317655 42 33 26
13.750249862670898 6.320988178253174 35.718421936035156 0.15981943006945337 -0.8523239743410734 -0.49799758286131557 85 78 32
23.302196502685547 5.532507419586182 41.640995025634766 0.1406753155399886 -0.9809967847894862 -0.13362546101104883 54 47 39
2.4392149448394775 2.1350293159484863 24.88361930847168 -0.5147592286582318 -0.169649434625479 -0.8403820594482239 70 57 56
-13.283103942871094 7.205176830291748 28.24884796142578 -0.24297689502942782 0.9517639342204621 0.18737033382861348 123 115 86
-5.535799503326416 8.2922945022583 28.143041610717773 -0.1967120207346445 0.9614769118770989 0.19200658537084114 105 95 59
13.787578582763672 5.645031452178955 37.03588104248047 0.11685524233267013 -0.9539078646843306 -0.2764138890011732 98 83 63
39.729244232177734 7.105672359466553 50.62810516357422 -0.1548658155072432 0.9101530593838077 0.384236890058166 53 46 38
-11.092096328735352 -1.1931605339050293 44.6788330078125 -0.12441364389741938 -0.8902296314824619 -0.43819225055078953 121 110 79
-19.15436553955078 1.408182978630066 39.69438934326172 -0.025264513295118352 -0.875494182444663 -0.4825677578055871 120 115 85
25.016578674316406 3.2506442070007324 52.664920806884766 0.2991903580127643 -0.9043680503867186 -0.30430832902160304 66 53 45
-15.31610107421875 5.113358974456787 33.34358596801758 -0.06879540953532617 -0.8626795786981946 -0.5010500335535093 106 97 66
2.9553160667419434 8.112170219421387 26.274112701416016 0.14762496959572807 0.7492684027808352 -0.645603383623503 178 164 163
-8.836930274963379 0.2533167600631714 42.13188171386719 -0.11033054890248077 -0.9305280529071571 -0.34920583146862405 150 137 102
-9.764261245727539 1.8704454898834229 39.33515548706055 0.1394349338654065 -0.8817898232518582 -0.45056032540316576 119 106 71
34.65437316894531 4.41306209564209 56.723514556884766 -0.12823370957403452 0.9089620371676829 0.3966662712115289 68 55 39
-11.030282020568848 2.1979904174804688 38.38286209106445 0.015931108997562712 -0.8275475782802482 -0.5611694979670616 140 127 92
-7.479006767272949 1.6856149435043335 39.60020065307617 0.025373467079346006 -0.8743611020547338 -0.48461206173805116 122 108 95
5.861177444458008 8.494478225708008 28.758264541625977 0.02422043109558928 -0.8475579066695164 -0.5301499462977726 122 112 79
-10.841325759887695 -0.29155635833740234 42.72538375854492 -0.051241077401624764 -0.874073401344228 -0.48308388614116793 105 94 64
15.848811149597168 -8.809160232543945 80.25465393066406 -0.23521064272187456 0.8784891773767083 0.4158517990611042 117 103 74
4.723921298980713 7.5997748374938965 27.66851234436035 0.8498405101348233 0.12827668949812024 -0.5111909606645898 151 136 107
6.974735260009766 5.703462600708008 33.87566375732422 0.06544590085581681 0.9330042059655833 0.3538643606125123 135 129 82
3.5507776737213135 2.0994958877563477 25.565553665161133 0.8429139452892629 -0.3850793053540216 -0.37577920302346907 130 118 74
-7.912078380584717 3.027568817138672 37.07509994506836 0.0953853286690099 -0.8374713437587055 -0.5380923595979535 149 143 109
39.203453063964844 -11.341300010681152 108.0259780883789 -0.19179919006963853 0.8913744454561852 0.410688043015997 106 91 72
-12.810944557189941 2.3061718940734863 37.31437683105469 0.01098085411994345 -0.8684267478261959 -0.4956958790456241 128 115 80
12.351625442504883 7.76682186126709 32.252296447753906 0.2504233363442754 -0.7801210109141531 -0.573323086003417 72 59 49
11.024642944335938 8.585349082946777 30.13581657409668 0.3570145961359675 -0.8136596466325636 -0.45880121794481216 85 76 45
-9.136197090148926 -2.4748992919921875 49.18236541748047 0.2085980729225466 -0.948456501530701 -0.23857306779505572 106 94 70
-30.952821731567383 -11.192963600158691 81.53085327148438 -0.021905951083482842 0.9212469516939369 0.38836089311587163 144 135 104
-24.03318977355957 -6.476883888244629 56.845069885253906 0.04834184398811259 -0.9279755442899005 -0.36949215867145524 168 164 129
10.187451362609863 3.7280383110046387 39.03432083129883 0.36732243880278465 -0.830150636040071 -0.4194331262957666 110 98 75
21.431564331054688 -0.5564326047897339 63.57808303833008 -0.12475135787924786 0.9230987489273211 0.36376613151322634 103 92 64
13.417915344238281 9.472991943359375 30.021995544433594 0.10284415924624901 -0.7803262894336013 -0.6168581367929906 72 66 43
-8.334772109985352 3.026791572570801 36.898460388183594 -0.0075182261031128 -0.9276378766030147 -0.3734052037233984 129 116 84
3.2709145545959473 4.463201999664307 25.339914321899414 0.38543969473189627 0.5490434254066212 -0.7416114607682024 190 165 159
2.541325569152832 -6.331033229827881 69.01960754394531 0.2044708898820394 -0.9532241039053632 -0.22261056337169755 160 151 110
-32.7757453918457 -15.77970027923584 89.62921142578125 0.02309596111672007 0.9070759043064593 0.42033305890295375 134 127 98
-3.289289951324463 6.816014289855957 31.425275802612305 0.001423695484036422 -0.8788914310220212 -0.47701973289082367 159 144 102
9.018759727478027 9.272850036621094 28.314626693725586 0.17709113995831885 -0.8082639291573052 -0.5615586781196229 92 86 52
5.649801254272461 -10.268133163452148 81.759033203125 -0.1453160308100173 0.9318565971298852 0.33245531064360045 171 160 128
6.524989128112793 -0.8312860131263733 48.427772521972656 0.2080473672557701 -0.9189812749693208 -0.3349473230729032 139 136 88
-5.184345722198486 8.41670036315918 27.07399559020996 -0.07612245568199605 0.9252753994756039 0.37157880303672336 128 124 79
-5.601515293121338 -5.095305919647217 57.348758697509766 0.1461449955794508 -0.9699593123261387 -0.19447512102807846 132 128 84
-10.965006828308105 9.162642478942871 27.101774215698242 -0.18020945842673974 0.9029261654013154 0.39019083911237457 76 62 36
-21.91788101196289 -7.3604044914245605 58.97800827026367 0.09769406875831275 -0.9412721995028587 -0.32320661406056844 155 152 111
2.8599274158477783 -5.771666049957275 67.40158081054688 0.11820396867931733 -0.9615802171397602 -0.24777269380202446 131 118 87
-9.486289978027344 5.660855770111084 32.10818862915039 -0.0007519147992867164 -0.8696919910989933 -0.4935942415004485 126 124 75
-8.4683256149292 5.745102882385254 32.4420051574707 0.1417512548649954 -0.8833103078732694 -0.4468439120644133 143 142 98
-12.211722373962402 3.5151937007904053 35.91538619995117 0.06130213480180708 -0.8741256491468116 -0.4818157301006328 125 120 84
14.988299369812012 7.391524791717529 34.69367218017578 0.06084657851123591 -0.7905328735993057 -0.6093894236383666 70 66 37
7.794397830963135 7.6728692054748535 29.9873104095459 -0.1799746077481315 -0.726024029559298 -0.663700421175387 5 2 3
-11.087820053100586 -3.054279327392578 49.65520477294922 0.18589779494308042 -0.9360053735397645 -0.29889120184439394 145 139 103
29.672136306762695 6.0046820640563965 47.63975524902344 0.2486980342464918 -0.9458825294987333 -0.20845989578575738 60 51 42
-5.1986212730407715 3.9015274047851562 36.0743408203125 0.17706262945350115 -0.8515350917828812 -0.4934944910668524 110 93 73
4.931625843048096 -0.11255674809217453 46.33460235595703 0.11378644632224166 -0.9581029126641575 -0.26285253161766026 141 122 103
-7.309685707092285 7.751311302185059 29.394224166870117 -0.04512239511606859 -0.7683452589475416 -0.6384430534603884 83 70 35
18.27647590637207 5.602485179901123 39.64404296875 0.26308502796932187 -0.8915606617484483 -0.36865411225300304 68 54 43
8.912230491638184 -6.005364894866943 71.9146499633789 -0.18932493161874178 0.9217833301949541 0.3383364633648861 120 107 75
-12.448687553405762 5.008247375488281 33.32298278808594 0.09546980008767574 -0.9052459606709913 -0.41402326982921284 136 128 91
-4.465634346008301 7.1561079025268555 30.500530242919922 0.038348406626961734 -0.8469930544429118 -0.5302189787574939 169 156 114
13.5920991897583 4.3100457191467285 39.53166580200195 0.320625479250115 -0.8739670284634902 -0.3652135474134709 126 115 85
-8.397278785705566 5.322190761566162 33.20280075073242 0.03116520326754907 -0.8060070945958759 -0.5910848446428032 117 104 72
-19.810348510742188 -4.874208450317383 53.56387710571289 -0.018211606908459296 -0.9428362635574019 -0.33275834699512746 113 107 75
21.93169593811035 7.701588153839111 36.65077590942383 -0.08992301679479076 0.8888416937470426 0.44930423379644663 49 45 34
18.607881546020508 5.402812957763672 40.43272018432617 0.28670086933922334 -0.8651058446903195 -0.41157561759995315 94 80 69
-2.599114179611206 6.530267715454102 31.813371658325195 -0.021388227912162588 -0.8641733426326431 -0.502739472878251 125 108 86
31.97243309020996 11.191012382507324 37.177371978759766 -0.18155996795363727 0.900877076989658 0.3942796852378318 54 46 44
-9.609084129333496 5.274264812469482 33.154327392578125 -0.05147261240622138 -0.820903659457992 -0.5687422545059897 152 138 103
-23.935518264770508 -2.0372555255889893 46.62077713012695 0.020293802347881296 -0.9194122011976181 -0.39277139136552974 89 82 56
-22.502485275268555 -3.2333946228027344 49.23405456542969 0.03827609926207094 -0.873816399395092 -0.48474719222856466 182 173 164
-11.231630325317383 -4.187565803527832 52.36298751831055 0.05955728909103912 -0.8989327931086287 -0.4340193115404492 134 128 94
-9.735645294189453 -2.405311346054077 49.39950180053711 0.15899488133504583 -0.9311109194592532 -0.3282576478514996 68 56 59
-4.097018718719482 7.917728900909424 29.344097137451172 0.22880677864075574 -0.8347520336680745 -0.500835801770455 162 153 107
-1.5112534761428833 7.652555465698242 29.987476348876953 -0.019669194159699255 0.924471616231041 0.38074315960273625 130 115 82
14.03382396697998 10.575149536132812 28.201780319213867 0.323290317252424 -0.7918794868489698 -0.5180832453174286 68 52 53
-9.288601875305176 7.214542865753174 29.991352081298828 0.17759331917277627 -0.8450571380307561 -0.5043203807585648 106 95 63
17.514402389526367 7.809268951416016 34.578880310058594 -0.210438784665963 0.9708205023996305 0.11499160851489308 68 57 51
-10.393844604492188 1.0806732177734375 40.283634185791016 -0.003839536648882229 -0.9553150459859062 -0.2955645798658351 104 92 65
11.421462059020996 7.303353309631348 32.758399963378906 0.16485308257951203 -0.8144095899665873 -0.5563815965095245 90 77 42
-4.973423957824707 7.3030290603637695 30.01152229309082 0.1137217314618574 -0.7757153147335452 -0.62075205862015 136 132 87
8.638764381408691 7.178433895111084 31.688844680786133 0.1039272037232875 -0.9131629847115482 -0.39412244249592665 142 126 110
0.4066905975341797 7.230349063873291 30.748319625854492 0.07713328118863232 -0.9202179318165045 -0.38373091469991133 63 64 33
-11.714497566223145 7.544806957244873 29.06419563293457 -0.14479946698362728 0.9887963216880556 -0.03626221969803717 156 148 111
10.980731010437012 7.636396408081055 31.02546501159668 0.0416094297397046 -0.7142891068550278 -0.6986127161632426 111 106 66
-13.475175857543945 7.696304798126221 28.93562126159668 -0.30460093640093655 0.951094605268669 0.05135485734092804 73 67 33
2.5197877883911133 -20.21519660949707 110.07109832763672 -0.15617545217906853 0.8427301247638087 0.5151845930850784 147 131 114
9.977459907531738 3.4550111293792725 39.09608840942383 0.32034762256326343 -0.8431074756139876 -0.43191108492590796 108 89 72
3.5579206943511963 3.165632486343384 25.126142501831055 0.6308453214355921 0.5309907436070865 -0.5657587919126115 210 182 166
19.592252731323242 10.43244743347168 31.202512741088867 0.231541336369121 -0.822819991174192 -0.5189950593950817 49 39 36
-23.630210876464844 -2.326817274093628 46.68163299560547 0.0202938023478813 -0.9194122011976182 -0.39277139136552963 128 122 88
-4.342203140258789 6.383905410766602 31.5992488861084 -0.0025955056646897847 -0.8426211610637605 -0.5385005499327782 105 95 58
6.185532093048096 5.779745578765869 33.76397705078125 0.018663515702751498 -0.8593582703629903 -0.5110333025746394 174 170 123
-5.674224376678467 6.694408416748047 31.02627182006836 0.11340542096281861 -0.9046339672525158 -0.410824288217262 96 89 104
34.80300521850586 8.6808500289917 44.75041961669922 0.24988840783653088 -0.9112325650868792 -0.3274309025643574 36 31 27
16.311019897460938 8.4307861328125 33.058937072753906 0.05685040229827294 -0.8250888325183602 -0.5621356154986212 43 33 21
-9.675670623779297 1.7165354490280151 39.444339752197266 0.031584711506187045 -0.899271084556993 -0.43624983951717433 92 79 45
18.392282485961914 7.769546031951904 35.20220184326172 0.09302916427053189 0.9938760614782283 0.0596317785719289 91 83 72
-11.250370025634766 8.878751754760742 27.44447898864746 0.2567317271956892 -0.7444084308350511 -0.6163967134506922 109 95 68
-6.424403667449951 7.694751262664795 29.101186752319336 -0.010226502488049854 -0.8425696456936612 -0.5384903070645936 124 119 76
-22.708280563354492 -0.26290038228034973 42.574764251708984 0.00789893447365887 -0.8412896804938852 -0.5405268544010343 134 129 99
29.747072219848633 8.62137222290039 40.93233108520508 0.33358600957730694 -0.8322681782915756 -0.44277539861368925 40 34 26
-6.27654504776001 -2.527573585510254 49.32257080078125 -0.04116608151412151 -0.9274239103225488 -0.3717394844441547 140 126 100
-6.154522895812988 -0.45940521359443665 43.77352523803711 0.11534702122366616 -0.8222283833833814 -0.557346885030838 155 141 115
5.883868217468262 2.9819295406341553 38.67074966430664 0.004458287006374152 -0.8646163451601349 -0.5024128773816405 111 96 65
-1.420243501663208 6.597078323364258 31.775920867919922 0.11399036803482494 -0.865581069732773 -0.4876224028031868 51 42 31
-5.953348159790039 6.690169811248779 31.412153244018555 -0.22186288484313432 -0.9131949278371315 -0.34183604856951183 33 31 53
22.744762420654297 5.456902503967285 41.82416915893555 -0.09998668948965281 0.994873397460831 -0.015152060904167009 54 50 38
-15.990877151489258 -3.75370717048645 50.19578552246094 0.03703957333962605 -0.9061339666294007 -0.42136599830466415 140 135 105
4.117560386657715 8.30224895477295 27.23431968688965 0.5952138602451108 0.20740131544642917 -0.7763408754685047 244 236 229
-13.256062507629395 0.5928589105606079 41.152130126953125 0.08540403279244223 -0.8213966586108545 -0.5639270169141669 138 125 93
3.2242608070373535 0.8593437671661377 43.19649124145508 -0.370066699207212 -0.8566528724687043 -0.3594391384212298 152 133 101
0.6621960401535034 4.028600692749023 36.57667922973633 0.08428381363745013 -0.8358434482523255 -0.5424591862733913 166 157 112
-2.377397298812866 -2.979682683944702 55.54938507080078 -0.19706880722784295 0.8365808091380805 0.5111716296897452 123 108 86
0.15652118623256683 7.843418598175049 29.65692710876465 -0.030250159595298434 0.9284614612668612 0.3701948713673163 67 62 43
12.923974990844727 6.450412273406982 35.23807144165039 0.18633935621453024 -0.8785465457453684 -0.4398108812710698 95 88 60
-16.112865447998047 3.1304032802581787 36.50349044799805 0.027117158642490362 -0.8758740579062949 -0.4817772248601196 119 112 83
-3.4057414531707764 6.051016807556152 32.48953628540039 -0.018913646067104856 -0.876530762725777 -0.48097411155676095 131 119 78
-13.138508796691895 0.618775486946106 41.42820358276367 0.11906446915582779 -0.8565578941146414 -0.5021276991110244 125 110 79
22.6368408203125 5.705963134765625 40.64232635498047 0.1580286695941326 -0.9448441600588587 -0.2868735832888399 68 55 39
29.187297821044922 11.588759422302246 44.623355865478516 0.5680238431544451 0.6004191687020812 -0.5628905181855136 65 54 48
-6.847556114196777 1.3352810144424438 40.419578552246094 0.11783057928083025 -0.8879343635785614 -0.44462177247935214 155 147 121
23.211856842041016 1.1535491943359375 57.80790710449219 0.24375369457926888 -0.8892480046871805 -0.3870686276861313 99 97 55
-26.353958129882812 -16.79717445373535 92.6285629272461 -0.0027282109875915958 0.9147694175194797 0.4039671640565353 138 132 100
-14.47992992401123 -1.669411063194275 45.50442123413086 0.0372034736416236 -0.9129162222698758 -0.4064478720149673 110 105 75
22.1677188873291 9.157425880432129 34.26871109008789 0.2839921468049728 -0.8378014047916186 -0.4663016906277448 32 28 25
3.8044850826263428 8.331769943237305 26.979366302490234 0.5860783402405599 0.2448487379397348 -0.7723737920399616 217 204 198
-6.727363109588623 6.9272589683532715 30.518726348876953 0.17447078442815417 -0.860976809435268 -0.4777853901028065 165 156 115
2.464322805404663 6.805029392242432 26.18812370300293 -0.8014600903774654 0.28472969506813495 -0.5259189331812959 121 108 115
13.815699577331543 -8.235428810119629 78.03126525878906 -0.0364736506440735 0.8908282864821419 0.45287375372391003 99 84 61
-17.866621017456055 1.1716279983520508 40.40261459350586 0.05897179221761399 -0.8554937335999353 -0.5144441655747353 70 63 35
7.809693336486816 9.029086112976074 28.31648063659668 0.09513461545125718 -0.7447643654160995 -0.6605115025109672 111 108 65
1.2335649728775024 -3.8222172260284424 58.86994171142578 -0.6256571859083577 0.27063718907732026 0.7316478644878026 135 128 83
18.552682876586914 9.512166023254395 30.8009090423584 0.12394507149185802 -0.7816524006856513 -0.6112750148298525 60 45 42
-15.366938591003418 3.524437427520752 36.00691604614258 0.0070412564396549 -0.8667593509405022 -0.4986768976651619 106 99 70
2.8951191902160645 -0.0015344383427873254 24.063812255859375 0.7437190040694223 0.17085965643264475 -0.6462886512926751 242 233 225
-19.94497299194336 -6.108443260192871 57.492523193359375 0.11129897918728235 -0.9242408672367974 -0.3652278146051327 165 159 127
-8.488100051879883 4.203597068786621 35.21686935424805 -0.04794401692877033 -0.8710188016708014 -0.48890450844382094 120 111 72
11.773612022399902 6.2967705726623535 34.93614196777344 0.3718960257566249 -0.8642962327316536 -0.33865228201253744 90 80 54
0.06296727061271667 7.852292060852051 28.149734497070312 -0.40564255019208617 0.8484478892917688 0.3399857359213812 145 132 96
21.005884170532227 7.1778435707092285 37.85530090332031 0.19193497074100108 -0.9625592455709768 -0.19141751689039005 98 89 82
-23.177751541137695 -4.037263870239258 50.239768981933594 -0.061478791091798234 0.8212155303109028 0.5672965811831354 152 147 117
9.262739181518555 7.003591060638428 32.34174728393555 0.19670645210095677 -0.8535893789907426 -0.48238132610628 156 143 124
36.08867645263672 -11.330122947692871 106.0609359741211 -0.162596216804945 0.8625726438046932 0.4790938367799158 113 98 77
2.406552791595459 2.0394680500030518 40.20096206665039 0.02675300426293886 -0.9208890455645451 -0.38890569875244635 170 154 128
26.06386375427246 12.673893928527832 32.45838928222656 0.3672659606093064 -0.7658223438996433 -0.5278559005654663 40 33 25
22.537302017211914 12.108318328857422 30.405681610107422 0.4131775695896769 -0.7736455849215446 -0.48037152800657157 71 57 56
-6.689358234405518 3.743591070175171 36.11567306518555 0.026320234666915847 -0.8859792745096682 -0.46297728927713083 91 77 63
-21.85737419128418 -7.862546920776367 62.938133239746094 0.035535815176380096 -0.9853482173267435 -0.16681155970363543 155 149 112
-15.565032958984375 4.280441761016846 34.67707824707031 -0.07414471182729668 0.934733966560082 0.34752693919594585 130 121 90
1.2121119499206543 7.181546688079834 31.22416877746582 0.06444266967551879 0.9487143114791149 0.3094968457348175 66 64 42
0.5329942107200623 8.197954177856445 29.02700424194336 0.014145214791824737 -0.8720519537547405 -0.4892088540194596 142 131 98
11.825934410095215 9.380799293518066 29.146808624267578 0.17210128437326658 -0.8497402592629653 -0.49831981668882136 93 83 58
-10.404378890991211 5.289352893829346 32.86489486694336 0.08640205924994486 -0.8959083363723048 -0.43575559316660306 126 123 83
0.5619581937789917 5.889803886413574 33.29840850830078 0.057816796072027304 -0.7961209686905328 -0.6023691735997231 158 142 117
18.70823860168457 6.949244976043701 36.90114974975586 -0.034855254782094704 0.9548234123175479 0.2951226228271043 67 54 45
-10.744379997253418 4.538139820098877 34.50159454345703 0.04923056029848575 -0.8888855905753356 -0.4554764086099671 135 125 90
-10.492657661437988 6.12896203994751 31.646129608154297 0.15729546434939765 -0.8578915146176356 -0.48916284204972704 114 109 71
-8.845271110534668 -9.936640739440918 77.84236145019531 -0.14333942344730694 0.9146277356869826 0.37803427727905503 141 130 100
4.236302375793457 1.1975681781768799 42.37295913696289 -0.014360746218636821 -0.8218578099031429 -0.5695116410305003 103 85 61
14.666390419006348 10.710152626037598 28.633987426757812 0.2885584426018967 -0.8295573882156865 -0.47808844878321066 81 67 61
-10.032297134399414 1.0256669521331787 40.819786071777344 -0.0677889188783308 -0.9142867060889069 -0.399355082034026 95 83 59
-16.7724666595459 -0.9588467478752136 44.400421142578125 -0.2025151624033397 0.9081275917999915 0.3664585733862658 70 65 35
23.70732307434082 8.157413482666016 37.213287353515625 0.305460736952581 -0.8466969355676907 -0.43565816586019324 40 32 29
-1.5084176063537598 2.8620381355285645 38.502742767333984 0.022342200934624346 -0.8419435654699101 -0.53910282750252 168 146 135
-11.750232696533203 6.025885105133057 31.404890060424805 0.07343087097370092 -0.8728780274505195 -0.48238144282521245 106 97 64
6.930498123168945 8.137133598327637 29.342174530029297 0.017223074699377984 -0.7937724393296454 -0.6079709534661701 134 114 105
0.6939789056777954 7.278383731842041 30.577289581298828 -0.1664916785989487 0.9159240807065174 0.3651898127538961 62 59 40
15.789881706237793 6.447412967681885 36.341007232666016 0.5330264280512559 -0.7860372413677154 -0.3130946856494872 75 65 48
-4.357966899871826 -2.072293996810913 48.5699577331543 -0.036922301667774 -0.9215466478981339 -0.38650811037708754 110 95 76
-13.04426097869873 6.513152122497559 30.726757049560547 0.017754905876522443 -0.8412856802919105 -0.5402991462635242 132 121 89
14.645927429199219 -3.325444221496582 61.07976531982422 0.3948366019045375 -0.8616842078305185 -0.31875442549393596 105 88 68
-12.06344223022461 -5.205568790435791 53.53538131713867 0.10267363808504545 -0.906298595177757 -0.4099768047355913 169 161 122
1.268284559249878 2.9187734127044678 38.82275390625 0.17631224330144754 -0.8361177915635389 -0.5194430011973612 123 102 85
2.822016716003418 7.393658638000488 25.916351318359375 -0.5772576416228831 0.41520263288932874 -0.703121887605383 127 115 120
-18.109477996826172 -4.953657627105713 53.4819450378418 -0.038469762738888885 -0.941212115722772 -0.33561857900223085 111 105 73
-13.436628341674805 3.848381757736206 35.55624771118164 0.0014001619468951394 -0.8652581228312746 -0.5013246656818529 151 143 106
16.882591247558594 2.456984519958496 46.68936538696289 0.24387435663163576 -0.9352419063335183 -0.2566084075301365 110 111 67
-0.7291823029518127 5.213605880737305 34.114501953125 0.10006876315801476 -0.839269988705027 -0.5344269161439092 97 87 52
-17.780202865600586 -4.281318187713623 50.80812072753906 0.04477297799557069 -0.9310040373129066 -0.3622524850825402 171 165 131
13.49487018585205 9.704794883728027 29.288549423217773 -0.05177983571574777 0.9229049903651112 0.38153011332321324 50 39 27
0.8133302927017212 8.427009582519531 28.831148147583008 0.2063446125984114 -0.7752132430343762 -0.5970480120356624 113 101 87
-10.855947494506836 -2.512058973312378 48.78053283691406 0.13268007833938997 -0.943039697104534 -0.3050772467701291 60 44 45
-12.246371269226074 -11.153696060180664 80.43470764160156 -0.06123155393823346 0.9111493196698407 0.4075016736990115 140 131 100
-10.312723159790039 2.859760284423828 37.16840362548828 0.09795046524349547 -0.8712054137872163 -0.4810476414518925 138 126 86
34.620731353759766 7.766989231109619 46.13676071166992 0.25242784512458266 -0.8816338119690904 -0.39875055435523904 60 53 45
6.097069263458252 7.2044830322265625 31.077743530273438 -0.04693242131798564 0.9760564634671424 0.2123938039426907 125 120 81
15.30002498626709 10.74246597290039 28.772842407226562 0.2793012384582307 -0.8575376201213684 -0.4319954262168502 96 97 53
-1.3689205646514893 8.640501976013184 28.28104591369629 -0.09068720234757977 -0.8527348729676347 -0.5144113798850497 137 133 88
-2.8329577445983887 3.183267593383789 37.61499786376953 0.04407152888892712 -0.8799345394402984 -0.4730464106632491 103 82 63
-5.582462310791016 8.899641990661621 27.081554412841797 -0.013072248144964674 0.9623966788163144 0.27133328017728275 130 124 92
8.286494255065918 8.015120506286621 29.85331153869629 0.38521267000929793 -0.6648928842027145 -0.6399442564793464 171 156 137
3.3727190494537354 8.469820976257324 26.819169998168945 0.49310044051556184 0.19303794836332355 -0.8482855097518981 175 155 149
-8.808267593383789 -0.0770324096083641 42.897403717041016 0.05606576571226192 -0.8778651199731721 -0.4756148242533929 147 136 104
-8.79662799835205 6.042062282562256 31.96240234375 -0.22189123037645583 -0.8414184260880244 -0.49272640899547226 111 103 66
-12.236495971679688 -3.3527615070343018 51.001285552978516 -0.22258301285565632 0.9212706196398691 0.31893141547434656 152 148 113
-13.216278076171875 -4.339430332183838 51.743125915527344 0.18387246643471364 -0.918370846826907 -0.3504081959453079 132 124 87
14.36125659942627 11.194964408874512 27.70931625366211 0.23704242550325813 -0.8604601968752716 -0.45102010831547346 98 98 63
-13.15610408782959 5.2964396476745605 32.690677642822266 -0.03500376192018279 -0.8580644236906607 -0.5123477153729189 150 142 105
4.013622283935547 -2.5950868129730225 56.773555755615234 0.11329509756526146 -0.9662861487929622 -0.231204021415164 202 195 180
-19.192617416381836 -5.582552433013916 55.41020965576172 0.038037095566220466 -0.9344653882801238 -0.35401640847192867 161 155 123
-2.3050057888031006 4.060719013214111 36.1696662902832 0.05911216881383456 -0.8964456064843144 -0.43919360891649445 93 76 54
4.418578624725342 6.147524356842041 26.658803939819336 0.6314556709422241 0.47962849481280423 -0.6092784606389018 184 164 153
9.2821044921875 9.331216812133789 28.202516555786133 0.1667202060182983 -0.8152582802789523 -0.5545793985912402 101 90 58
-7.781282901763916 -1.8914166688919067 47.78231430053711 0.08469220069089008 -0.9539898777613424 -0.2876291784069079 128 115 96
-6.008757591247559 3.4523565769195557 36.761478424072266 0.07233033496042485 -0.8714106220931492 -0.48519259098603656 147 133 120
-9.349867820739746 4.2337327003479 35.23948669433594 -0.29966612430066786 0.8609670216120047 0.4110182497689991 133 120 85
-12.507012367248535 0.9408470392227173 40.83619689941406 -0.0341015311827913 -0.7968624507178411 -0.6031975797422809 83 69 42
6.950377941131592 7.672866344451904 30.54774284362793 0.19912695024106503 0.8841530698146417 0.4226367315142373 196 177 173
-9.191760063171387 7.605912685394287 29.515108108520508 -0.29135027571687555 0.7668323654067989 0.5719118290473761 146 131 98
0.06332486122846603 3.6885476112365723 36.84964370727539 0.21865011536438192 -0.8049676558068529 -0.5515606948976357 115 106 63
-5.890069484710693 6.5175461769104 32.31328201293945 0.14843373396488518 0.9706173642870624 0.1893920768292003 154 149 111
-6.91248893737793 3.051790475845337 37.26515197753906 0.1447332834807305 -0.7990358821217669 -0.583604262951168 134 122 102
-11.0802640914917 -0.21276117861270905 43.58192443847656 -0.09643985487621946 -0.9657882754087567 -0.24073296715330267 129 118 88
3.2078301906585693 -8.278846740722656 74.36900329589844 0.1353561710497752 -0.9497517013857278 -0.28222404694437286 0 0 0
-3.805140733718872 -4.161345958709717 54.86629867553711 0.26930251816665424 -0.9300353380664108 -0.2500208464444422 126 110 85
12.341898918151855 9.2673978805542 29.535619735717773 0.35275822858167083 -0.7764580219471068 -0.5221825086326691 100 93 75
4.389900207519531 3.4628348350524902 38.01313400268555 -0.03202794969481575 -0.8132371732684188 -0.5810503510477716 115 105 54
16.769344329833984 6.4980316162109375 36.85020065307617 0.2118117655509732 -0.8487562073218557 -0.48450869600740737 65 51 41
25.44447135925293 7.029469013214111 39.680355072021484 0.3765316282427674 -0.8198836118441213 -0.4312943263738687 38 32 29
3.6094703674316406 3.3176238536834717 25.700233459472656 0.9506498906426117 0.20471735355424797 -0.23314285443679234 176 152 144
6.170739650726318 5.7534308433532715 33.66558074951172 0.010759353451001298 -0.8598052516894398 -0.5105087320316624 177 169 122
-6.915767669677734 2.7379963397979736 37.64031219482422 0.18931695208843455 -0.8213949393488703 -0.5380236474951735 96 84 60
-5.436046123504639 5.859280109405518 33.00115203857422 -0.16979175406195093 -0.8774227945370765 -0.44866468534899684 73 64 51
28.197223663330078 13.370201110839844 32.89078140258789 0.26589113303227085 -0.7939319937924088 -0.5467850533871844 70 71 41
11.099213600158691 7.536248683929443 32.66887283325195 0.03929400781314157 -0.8905653521054765 -0.453154868206477 125 123 75
10.205327033996582 5.527751922607422 35.77313232421875 0.23966522988702144 -0.8148089027988222 -0.527870277154322 95 82 50
12.594032287597656 -8.807961463928223 78.95417022705078 -0.16989196138336268 0.8781396223203518 0.4472220088148434 87 76 46
-1.8927631378173828 5.363288879394531 33.99861145019531 -0.07592725707036777 -0.807200039821924 -0.5853743651247931 77 61 43
2.0013041496276855 8.165545463562012 27.504446029663086 -0.7618727135232656 0.28085355758486363 -0.5836704957256461 96 83 90
-8.96259593963623 -0.12826748192310333 43.15721130371094 0.0007172361539424757 -0.8453826284841879 -0.5341607408163436 165 152 118
-8.925955772399902 4.3944196701049805 35.020469665527344 -0.10848418954333372 -0.8873480043368616 -0.4481570035361661 151 138 94
2.1465909481048584 6.048795700073242 26.1050968170166 -0.7472682458776557 -0.027668555563791837 -0.663946247625472 143 127 130
-7.251055717468262 6.677620887756348 30.861804962158203 -0.03988677660538929 0.9489609519996566 0.31286124181805763 103 94 53
-11.111832618713379 6.910397529602051 30.023338317871094 -0.06359951916740698 -0.7798544273185591 -0.622721585745441 135 129 95
10.0191011428833 4.512442111968994 37.49060821533203 0.21109748149197163 -0.9229684084950955 -0.3218185361780422 110 98 74
-3.6527445316314697 5.6360764503479 33.180030822753906 0.21229753007002602 -0.8307308568057297 -0.5146027616297679 101 86 64
-5.900670051574707 -10.233819961547852 80.10746002197266 -0.0055390266927554 0.9012162862953524 0.4333341949342452 138 128 93
3.0416107177734375 0.7788355350494385 24.62986183166504 0.9147478747831185 0.3579521059547053 -0.18736759437629552 242 237 225
-6.124880313873291 -6.209583282470703 60.70768737792969 0.1304311661815389 -0.9802924771152338 -0.14837240376769104 127 116 86
-24.178043365478516 -3.7839243412017822 49.41526412963867 -0.043239359859693946 -0.9277866243826227 -0.370597271138931 99 92 66
-13.788492202758789 2.810737371444702 36.92146682739258 -0.0841272202204649 -0.8588818863878431 -0.5052172958765738 152 146 112
19.472213745117188 2.5330312252044678 47.757293701171875 0.09156146946157119 -0.9733323033471029 -0.21033479163243785 156 146 111
-2.8520822525024414 -3.619436025619507 53.7592887878418 0.3312734291585453 -0.8967612465141478 -0.2933891304802049 113 97 82
-17.203372955322266 -14.117840766906738 86.2741470336914 0.004903647473751102 0.910703043284905 0.4130325909574997 137 130 101
8.085675239562988 6.9889631271362305 30.695995330810547 0.28063048484696723 -0.9250066853895141 -0.25614285654544494 133 114 108
-11.306424140930176 6.632328033447266 30.522686004638672 0.04216984134631737 -0.8849696162953842 -0.4637353584910552 161 148 113
-11.619260787963867 3.070158004760742 36.926177978515625 0.018659719808324177 -0.9491250570505204 -0.3143460528390992 157 147 110
-10.712220191955566 5.871703624725342 31.61471176147461 0.10690358071687121 -0.8753790986100163 -0.47146904261746236 140 136 90
28.9395809173584 8.75694751739502 40.07594680786133 0.3463058309868171 -0.8168538641523949 -0.4613263877601529 55 46 39
-11.357664108276367 9.194071769714355 26.62364387512207 -0.1219107479635014 0.9245800856803719 0.3609562780923135 71 58 41
20.70242691040039 2.028926372528076 53.33705520629883 0.2135418125658737 -0.9559730717272445 -0.20128432730458146 117 108 67
8.90345287322998 4.825241565704346 36.19309997558594 0.22447342835103007 -0.9110352646738692 -0.34587053428262404 108 97 69
-3.161675453186035 1.2571892738342285 41.23516082763672 0.1080398471317706 -0.86393463716593 -0.4918783733167338 167 145 132
-15.025473594665527 2.8114094734191895 37.3912467956543 0.0385615659373048 -0.8119791980517787 -0.5824111842707465 159 150 119
10.177566528320312 -5.088976860046387 68.39341735839844 0.05518497927282024 -0.9849336315753802 -0.16389130377903385 129 116 84
0.021689148619771004 6.961112022399902 31.27229118347168 0.0876302245270828 -0.8812751276387323 -0.4644083258886184 74 67 41
1.5784190893173218 5.6324849128723145 26.717056274414062 -0.7438938333867051 -0.4571793452759378 -0.48745154723551537 143 127 128
-6.93386173248291 2.741598606109619 37.69279479980469 0.18931695208843466 -0.8213949393488704 -0.5380236474951736 100 87 68
4.58030891418457 3.488161563873291 37.46568298339844 0.013216935005905166 -0.889404839734858 -0.45692925457368244 92 84 35
9.020957946777344 6.0621137619018555 33.83863830566406 0.2567561501347599 -0.8561628295468868 -0.4483988053844977 120 111 75
-21.857175827026367 -2.7334487438201904 47.45396041870117 -0.07647942833950788 -0.9196953649993905 -0.3851121039898642 127 123 88
9.903571128845215 -5.431792259216309 70.48328399658203 0.14249946003938083 -0.9711553613216537 -0.1911835977919994 122 108 79
3.9111077785491943 5.305322170257568 26.60879135131836 0.7421105820492768 -0.5696282827390007 -0.35326407051142383 172 155 147
-9.731308937072754 -2.0835535526275635 47.42220687866211 -0.2213871694915302 0.9081762129218297 0.355251583342695 66 56 54
6.462698459625244 8.460816383361816 28.67685890197754 0.27018235013140207 -0.8779784051822757 -0.3951650512267752 147 131 119
2.6637122631073 -0.219162717461586 23.919525146484375 0.35342358240899735 0.16912966210787986 -0.9200472426959745 242 234 224
-17.35116958618164 -4.625943183898926 52.43913650512695 0.049509324674828346 -0.9630466916183158 -0.26474496507631445 137 131 99
-1.5444324016571045 5.505155563354492 33.57221984863281 -0.14299592729540808 -0.8468098028192935 -0.5123136955285061 100 85 64
19.069501876831055 8.623647689819336 33.78563690185547 0.12105767169040353 -0.8690530786984119 -0.4796788368582779 61 53 50
-3.372770071029663 4.214902877807617 35.812774658203125 -0.002526948504980886 -0.8985222066668088 -0.4389207885915881 119 103 87
-5.233499526977539 5.482381820678711 33.60149383544922 -0.007997795864945072 -0.7964189797021884 -0.6046923548643787 113 99 79
4.21843957901001 8.761394500732422 27.46917152404785 0.6002764370575331 0.3034675201372026 -0.739983556124925 169 150 136
23.3193359375 7.954601287841797 37.51164245605469 0.3512250732909095 -0.7647698976017351 -0.5401554883679575 37 30 24
19.519895553588867 6.949004173278809 36.23331832885742 0.22382631780185236 -0.8680597398620833 -0.4431411372123289 49 40 33
-11.471139907836914 -1.9215775728225708 45.77900314331055 0.009227393647465615 -0.919656877792219 -0.39261441941928493 122 115 87
18.729700088500977 -7.324967384338379 78.62630462646484 -0.1994706051080912 0.9064381623536041 0.3722651414339426 126 110 84
7.272806644439697 7.604975700378418 30.263399124145508 0.37625070013543643 0.8404777121855185 0.3899136134671249 197 182 177
-4.4109039306640625 1.1008718013763428 41.0036735534668 0.0636187537414925 -0.8598991072700576 -0.5064841354756707 145 131 102
18.139860153198242 0.35357344150543213 56.30946350097656 0.20404572635449786 -0.9440236814240448 -0.2591999816108383 121 117 70
-16.812898635864258 -1.2105962038040161 44.83307647705078 0.08606846868390956 -0.8621265145899636 -0.4993296421597338 131 123 100
23.36054229736328 3.869459629058838 47.52137756347656 0.2825408189379151 -0.9375209511614714 -0.2030397787803698 67 59 47
3.267866373062134 -1.8623392581939697 51.271942138671875 0.04139585688357845 -0.9864422797583025 -0.1588018001727864 115 99 73
-9.22220516204834 -1.9257458448410034 46.9428596496582 0.10936121467970178 -0.9417919781193703 -0.3179119291152558 68 53 56
8.726466178894043 8.51949691772461 29.91202735900879 0.3079516516963448 -0.7431490435118668 -0.5940498963427996 88 81 45
-0.17599117755889893 -3.412287950515747 56.0386848449707 -0.5923693890110506 0.7273179151469128 0.3465647951956797 153 149 85
1.997979760169983 6.382884502410889 31.519092559814453 -0.2831622119959153 -0.7695680627705757 -0.5723496819787043 142 138 95
-8.516093254089355 6.016070365905762 31.8936710357666 0.1045668973133031 -0.775782745485537 -0.6222755786572308 124 123 75
10.929047584533691 8.33524227142334 30.58502960205078 0.29309765076085786 -0.82878893679488 -0.4766578074099686 109 106 63
-12.266139030456543 5.101224899291992 33.27082443237305 0.09546980008767582 -0.9052459606709913 -0.41402326982921295 120 110 75
-7.170565128326416 7.103841781616211 30.516273498535156 -0.03050348599063274 -0.7937116446278358 -0.6075288985098533 95 88 46
-7.7011542320251465 4.225591659545898 35.244686126708984 0.07109385746015132 -0.8677126241311962 -0.4919557554849717 149 138 111
-1.524553894996643 8.710447311401367 28.17795753479004 0.04603238865365381 -0.8567533991711447 -0.5136678228228121 99 87 45
-11.32066822052002 -4.865765571594238 54.1673469543457 0.1606354940866596 -0.9320521057620115 -0.32476931841560225 128 122 88
-4.609171390533447 7.103407859802246 29.949140548706055 0.20332747535747436 -0.7956700541653987 -0.5705848777081168 120 110 75
1.1253652572631836 -0.08535560965538025 44.9885368347168 0.11081938160451847 -0.9350041204390845 -0.33687736555418285 134 124 89
13.657154083251953 -7.59196662902832 77.29818725585938 -0.012378773672562215 0.8782739383376432 0.4779975472732565 134 120 93
5.819302558898926 4.583015441894531 35.67059326171875 0.10767503380597562 -0.8490863246356639 -0.5171639009168969 116 101 72
13.183231353759766 -9.624625205993652 82.14309692382812 -0.08747068670900168 0.9341064495335717 0.34611272716622254 136 128 92
-8.664528846740723 6.917059898376465 30.496408462524414 0.12855150255586922 -0.8204437713046951 -0.5570875418800508 171 163 126
35.62986373901367 2.3142640590667725 61.88226318359375 -0.13035781386123133 0.9530522857330656 0.2733096797120439 66 58 47
17.90216827392578 6.924516677856445 36.70037841796875 0.21762584844673696 -0.9073742768983557 -0.35959826433260755 69 62 44
-8.626797676086426 7.376444339752197 30.185993194580078 0.08399124031482613 -0.8146594516293948 -0.5738252777817227 94 82 44
1.8213037252426147 -3.196059226989746 57.9762077331543 -0.46115896254568606 -0.09292886436912214 0.8824378943760584 144 154 59
-11.20242691040039 -4.180140495300293 52.26051330566406 0.0595572890910392 -0.8989327931086287 -0.4340193115404492 135 124 94
-9.267258644104004 8.797932624816895 27.71137237548828 -0.13782511238121584 0.8694583715234675 0.4743905338272098 138 128 96
-3.0308401584625244 -0.0788818895816803 43.88063430786133 0.09965755976886036 -0.9236999413870387 -0.3699280863390851 85 66 50
-4.86588191986084 -0.41263219714164734 44.068458557128906 0.12614286798853314 -0.8746403377376012 -0.46807291788553906 124 112 86
8.602139472961426 5.7107343673706055 35.17920684814453 0.7087705374066808 -0.3095459437857671 -0.6338971793516864 134 117 96
-12.822806358337402 1.8743184804916382 39.49260711669922 0.017225427391264536 -0.8976984255944042 -0.44027357556014696 118 105 71
-4.914803504943848 -1.3218445777893066 46.75214767456055 0.06829653341325474 -0.9508430296345465 -0.3020482023107055 164 149 128
55.454811096191406 -23.52832794189453 59.90321731567383 0.5180254880969815 0.37745158094192893 0.7675805480380042 67 64 75
11.21279239654541 6.781943321228027 33.989715576171875 0.14962627742726387 -0.8237985161829187 -0.5467796465104395 131 116 97
-8.111154556274414 7.880799770355225 29.18605613708496 -0.015467137837857244 -0.8893697261768075 -0.45692697207244753 137 124 89
-10.148797035217285 8.156102180480957 28.23287582397461 0.0619696006747473 -0.729331909719416 -0.6813477335819368 103 90 71
-5.258532524108887 3.7601799964904785 36.43954086303711 0.13259642395135318 -0.8784921025358091 -0.4589878148028834 142 129 110
35.177486419677734 5.842871189117432 51.5571403503418 0.2524771594606466 -0.9087966538210053 -0.3321805622766435 68 66 54
-6.795515537261963 4.154253959655762 35.4859619140625 -0.009058206291997828 -0.8774852693794831 -0.47951804024539857 160 148 124
29.624740600585938 11.778106689453125 35.27316665649414 0.2593123667034206 -0.7934161198139791 -0.550679541379558 46 38 36
39.57456588745117 9.535426139831543 44.977787017822266 0.2851048110435299 -0.8592795532018139 -0.42468093454866035 76 66 57
-8.434723854064941 7.835995674133301 29.319196701049805 0.11902079485873064 -0.8733447417839245 -0.4723378159639202 97 84 50
-35.63655090332031 -15.81895923614502 90.08654022216797 0.009217859837833091 0.8971373080986896 0.44165561411290466 143 140 109
21.39125633239746 -14.508378028869629 107.57549285888672 -0.11663409621529228 0.8938368028567016 0.43295757004463087 104 90 64
-0.6941778659820557 5.562527656555176 33.67109680175781 0.13319804907185054 -0.859856567263844 -0.492853896663801 128 113 80
1.4559539556503296 7.7760114669799805 29.961936950683594 0.312601521871671 -0.8352501036155039 -0.4523688240073637 81 72 63
18.966922760009766 4.007781505584717 43.327552795410156 0.17601996728316133 -0.9059065730357514 -0.3851626306487373 99 89 62
0.6902164816856384 7.733006000518799 29.972139358520508 0.0710134828131138 -0.8452248547247843 -0.5296716248905724 65 63 45
-7.713503360748291 -4.202102184295654 53.585445404052734 0.1522158503690793 -0.9478252407346138 -0.28010292380264407 151 137 108
-15.364096641540527 -0.20096072554588318 43.26780700683594 0.0763854793373446 -0.896832051366477 -0.4357264396249104 134 138 150
-12.81529712677002 6.512565612792969 30.75320053100586 -0.0827494022460232 -0.8190361970099723 -0.5677431148110622 119 115 80
28.343481063842773 9.799920082092285 38.124366760253906 0.26650215213194683 -0.815598702034986 -0.5135906542645482 47 36 34
3.372624635696411 6.463484287261963 25.913782119750977 0.5521558090547297 0.3009025683809357 -0.7775484594987463 182 157 150
11.339237213134766 9.496101379394531 28.713512420654297 0.221574540775705 -0.7970309926839304 -0.5618241002140293 78 67 39
-0.18663382530212402 7.5501837730407715 30.248823165893555 -0.13474811015925947 -0.8045209391017402 -0.5784366908792719 128 125 91
13.72604751586914 -1.6793278455734253 57.07229232788086 0.4750279510414404 -0.7764592994476213 -0.4140765654207925 180 166 153
6.264645576477051 7.762829303741455 29.586496353149414 0.21480492211827026 0.8948953450275529 0.3911792004718317 140 121 115
-10.763507843017578 5.658531665802002 32.454952239990234 0.01365921988404145 -0.865834816736558 -0.5001434752537819 131 127 80
11.358098983764648 3.7450664043426514 39.28562545776367 0.17496062523731307 -0.7903485164439794 -0.5871439365022594 119 105 79
27.24397087097168 12.209465026855469 34.204002380371094 0.29486472614510295 -0.6824537973878078 -0.6688135821784228 71 59 59
-8.766688346862793 3.1898536682128906 37.01551055908203 0.00901785605854665 -0.886412558820228 -0.46280822576730785 122 107 86
4.4563727378845215 3.849773645401001 36.73722839355469 0.08099312795254036 -0.8165066271565536 -0.5716266622839526 115 104 59
-12.963574409484863 7.404479503631592 29.049427032470703 0.01391938165246086 0.9558281436533197 0.2935963395798071 165 154 122
-9.428191184997559 -0.43138808012008667 43.37206268310547 -0.16681210983462302 -0.6271888517544987 -0.7607942325276881 82 68 42
0.4004819393157959 5.072821140289307 34.531883239746094 0.022809531382179966 -0.8702318519101966 -0.4921140611678097 139 125 97
-12.980538368225098 3.258737564086914 36.721248626708984 0.06951051232924248 -0.8720605923737329 -0.48443638581809756 131 122 89
2.0021045207977295 5.565129280090332 26.56267547607422 -0.48409388509277684 -0.6446500866797711 -0.5916750596058157 166 154 155
-12.897293090820312 7.125175476074219 29.573932647705078 -0.08257045706661534 -0.8745631993144871 -0.47782981282525566 122 111 81
-8.615675926208496 -0.08829215168952942 42.953941345214844 0.08151046576871589 -0.8601542722736878 -0.5034785714005011 155 142 110
15.507162094116211 4.757890701293945 39.717044830322266 0.18991799922619818 -0.8942049146230912 -0.4053747947687764 82 66 43
22.523014068603516 8.969414710998535 34.808349609375 0.3432072297559679 -0.7303205934776944 -0.5906273175070907 55 47 44
-10.028413772583008 4.909454345703125 33.843666076660156 0.04128671664082103 -0.8312211861166776 -0.5544066619186712 112 99 67
-9.096494674682617 4.643808364868164 34.22762680053711 0.09162347241951622 -0.8905850039164132 -0.4454924130678231 108 94 57
2.4383456707000732 5.767117023468018 33.692413330078125 0.12112442116837284 0.9395142211482201 0.3203777502525419 165 151 116
-11.67382526397705 2.293452024459839 38.19700622558594 -0.03158440851199333 -0.8355455326499371 -0.5485126142648681 111 104 67
22.06036949157715 5.715914249420166 40.776031494140625 -0.020475921928083073 0.9740939379355407 0.22521486784496775 60 51 42
-26.843393325805664 -7.601004600524902 60.55816650390625 -0.0628649237960438 -0.960561786100115 -0.27086723028132226 149 147 108
11.30953311920166 0.9132732152938843 48.1495246887207 0.2915009069348604 -0.9203760020234771 -0.26064388762339086 122 117 79
23.580215454101562 9.39574146270752 34.561134338378906 0.3887762660774842 -0.7908143488970679 -0.47272156764141376 43 35 33
17.47469139099121 6.887425899505615 36.30432891845703 0.1931707684048853 -0.9423836389804329 -0.27312658460110256 108 92 88
6.997869968414307 -10.452680587768555 82.0453872680664 -0.16938825512750727 0.9176298588081814 0.3595317249541908 141 131 96
-3.595641851425171 0.9710930585861206 41.15923309326172 0.16707289410413945 -0.8522396691213422 -0.49575618446128533 161 140 128
-11.249282836914062 4.84723424911499 33.729454040527344 0.03506192804371606 -0.789443160380567 -0.6128214729676169 127 122 84
7.850560188293457 -1.0553150177001953 50.490665435791016 0.38407204903749614 -0.8988128517787299 -0.2112442156025253 93 79 46
-12.730966567993164 -6.934165954589844 59.87509536743164 0.12500029140446745 -0.9687922246743728 -0.21404801461185838 137 134 99
-6.578310966491699 -8.852094650268555 74.67017364501953 0.13217913937415468 -0.9542640156388078 -0.26815828081788723 139 129 94
-0.9654962420463562 7.637275695800781 29.97894859313965 0.038778536365078844 -0.8961615833014285 -0.44203013667855134 104 96 50
-5.226042747497559 2.4495902061462402 38.6953125 0.004222317047016753 -0.8848227987089774 -0.46590856068929115 147 133 120
-10.841176986694336 4.660077095031738 34.354339599609375 0.04263957853850431 -0.8977973714543438 -0.4383397610891925 104 98 64
-22.24630355834961 0.034624550491571426 43.00030517578125 0.007898934473658954 -0.8412896804938855 -0.5405268544010341 62 50 28
-3.6972908973693848 4.043381214141846 34.483856201171875 -0.867802511856346 -0.2039900974498271 -0.45310797891697513 151 148 97
-14.854937553405762 -0.008007456548511982 42.23432922363281 -0.042945942559933795 -0.9283681661933478 -0.3691723093847095 167 161 130
-5.452420711517334 -0.13970540463924408 43.60248565673828 0.11837858318937954 -0.8776860080586131 -0.46438538123008527 168 153 132
-10.58584213256836 1.0963783264160156 40.88264846801758 0.05282077484364135 -0.9199865435815239 -0.38837446539884446 96 84 58
29.00423240661621 10.66258430480957 32.21329879760742 0.8439406697007724 0.019071711789820523 0.5360973939821179 42 34 31
-8.664713859558105 6.912265300750732 30.482051849365234 0.12818956849960197 -0.7817997359642297 -0.6102102976631474 160 155 113
-14.963844299316406 1.7039350271224976 39.32488250732422 0.040967244980308314 -0.7933433000232964 -0.6073945119499099 101 93 64
5.85184907913208 3.3688724040985107 37.6806526184082 0.27386950954136535 -0.8355209801061901 -0.47634040721522153 150 135 104
-6.384644508361816 6.062736511230469 32.52572250366211 0.05040827257868351 -0.8842979488680919 -0.464194079759015 133 121 83
-15.17050838470459 -2.086440324783325 46.825801849365234 0.004216760350538587 -0.8860731142528864 -0.4635263262537925 135 124 92
8.705429077148438 7.02785062789917 31.682939529418945 0.062299019987482725 -0.9046578097723865 -0.42156029144883606 152 132 125
-2.867727279663086 7.551635265350342 30.128515243530273 -0.00014204198428779898 -0.8831578520924883 -0.4690758873694715 132 123 82
17.872421264648438 6.975681781768799 36.618125915527344 0.20291957719204573 -0.9074522057760687 -0.36790506849505217 83 75 54
9.914748191833496 -2.386443614959717 56.48380661010742 -0.08328910855636337 0.9133524362781342 0.3985602232294184 114 99 70
1.2550280094146729 -1.8415366411209106 56.08939743041992 -0.21171064194015626 0.9265913944732508 0.31081665299240807 119 107 60
7.882168769836426 5.309769153594971 34.713470458984375 0.16480569001856524 -0.9393234588092813 -0.3008496705467257 91 80 50
9.201456069946289 6.365057468414307 33.04144287109375 0.19180038389252801 -0.861329220563288 -0.4704514709749753 137 134 85
3.7671778202056885 3.9983155727386475 36.628047943115234 -0.04419733827271977 -0.8673994567266533 -0.4956458188665708 108 93 59
-14.423062324523926 5.860206604003906 31.854717254638672 -0.06046103032475842 -0.8629840409978566 -0.5016004473633157 93 89 54
10.968364715576172 0.046013832092285156 49.66252136230469 0.3312403961194581 -0.8827942804807963 -0.33309767085498715 97 84 51
-18.628751754760742 1.0581148862838745 40.42538070678711 0.005155097810038925 -0.8792881540292459 -0.4762622881883575 109 102 73
-7.02267599105835 7.634826183319092 29.50765037536621 -0.164457391347447 -0.8127596155198161 -0.5589056931283427 93 79 50
15.233047485351562 -6.997982025146484 75.5379867553711 -0.15866851162166717 0.9209228750619038 0.3559850581239087 106 91 72
1.0866878032684326 7.565272331237793 30.399009704589844 0.004793128400685491 -0.8579578257271028 -0.5136977663896908 60 53 43
26.81903076171875 7.343382835388184 40.434627532958984 0.43560371026394373 -0.7798643349503721 -0.4495119872447233 90 74 75
23.95680046081543 -1.4608007669448853 65.59803771972656 0.09026555694982115 0.9612978766853325 0.26030467054743656 148 136 111
-0.9543128609657288 0.5229035019874573 43.27144241333008 0.08231742466304678 -0.9442379626034846 -0.31880795406524076 67 47 49
-10.708059310913086 8.633249282836914 27.947221755981445 0.17829735472168298 -0.6955872189389741 -0.6959658570274798 106 97 67
-9.14587688446045 4.417768478393555 34.70841979980469 0.05406753322923251 -0.9406955763697964 -0.3349157124543454 137 125 87
-4.384360313415527 5.781404495239258 32.702117919921875 -0.2707552223491305 -0.7868579202111452 -0.5545685016043223 142 125 107
12.710665702819824 8.085403442382812 31.929363250732422 0.16701065082774308 -0.865498292052429 -0.4722500915451704 73 65 38
-33.703861236572266 -14.655362129211426 87.62239074707031 0.007324574228355662 0.9169155030387611 0.3990141738078345 143 138 108
3.4224319458007812 5.317244529724121 34.33527755737305 -0.06658655443194669 -0.875133484105307 -0.47927822375587636 120 104 70
-3.395612955093384 1.3200762271881104 40.945594787597656 0.0578797020790165 -0.8436141574222005 -0.5338212186529064 110 92 70
-4.02913236618042 0.5791307091712952 42.39052963256836 0.18277013113308985 -0.9034202297934226 -0.3878491556850323 156 136 125
-11.821157455444336 -0.4240139424800873 43.668785095214844 0.15118746863913257 -0.9277967308823071 -0.3410800133261919 135 124 94
25.658533096313477 9.132976531982422 36.94176483154297 0.4429502881194159 -0.7626985457655762 -0.47125998190171126 39 35 34
-1.8364979028701782 4.1642866134643555 36.00767135620117 0.06628911583825281 -0.8573464539096932 -0.510453534702089 120 100 75
-0.15578004717826843 1.3935285806655884 41.27507019042969 0.13424932358289848 -0.8841981530792816 -0.44740445372025667 128 113 85
12.916179656982422 8.255242347717285 31.81535530090332 0.19146660407200597 -0.9180657117333161 -0.3471251769387133 84 75 49
0.9933314323425293 3.7593045234680176 37.84867858886719 0.1657980871344111 -0.8540870369838605 -0.49299728960583533 138 120 96
-19.00640869140625 -3.429852247238159 49.29552459716797 0.039486691513776956 -0.9020943186698316 -0.4297285671408281 93 87 55
-11.890827178955078 1.1298822164535522 40.570743560791016 -0.07844712078478051 -0.8602959080545977 -0.5037231380680204 104 99 61
3.5584845542907715 8.277338027954102 26.82505226135254 0.5524243259781949 0.245985397526681 -0.7964411769058515 143 124 118
7.150731563568115 4.731464862823486 36.439273834228516 -0.09529276770656073 -0.8592369603269966 -0.5026242477545694 135 120 91
-2.8022420406341553 1.4750397205352783 40.697845458984375 0.06144778983192583 -0.8739769332859216 -0.48206689287785276 174 155 140
1.0875605344772339 -4.423124313354492 57.239479064941406 -0.57665047586188 0.5020498600963116 0.6445309664132057 100 85 59
-4.054474830627441 8.889225006103516 27.964988708496094 0.17808287597614264 -0.7456516727710519 -0.6420981795471764 118 114 67
-12.808162689208984 1.6100975275039673 40.054100036621094 0.06153411664636309 -0.8648677292511835 -0.4982141742147182 137 126 96
12.431565284729004 8.248602867126465 32.05146408081055 0.33968070145490753 -0.8108730342991283 -0.4765521412244692 92 87 49
19.542463302612305 9.672117233276367 32.37212371826172 0.301882195835089 -0.7571006318562938 -0.5793667000100939 47 42 36
1.6791492700576782 3.146073341369629 38.53914260864258 0.12014240784271192 -0.7724049162423695 -0.6236637292663202 115 95 70
10.740254402160645 3.227321147918701 39.94868469238281 0.2559737676935919 -0.8301324617250632 -0.4953357712128541 119 101 81
-9.982946395874023 -2.735518455505371 48.37026596069336 0.15983195266904776 -0.9678024330042184 -0.1944535872055719 131 121 95
-11.853071212768555 7.4408721923828125 29.305843353271484 0.0023666451854920368 -0.849307260829895 -0.5278935268519461 125 117 80
14.352840423583984 4.550940036773682 38.11130905151367 0.15299127567642054 -0.839252057046942 -0.5217754826641224 67 55 29
14.63485050201416 4.563652515411377 39.61894989013672 0.18722387459035142 -0.9364547755498792 -0.2966473902349418 100 88 67
0.7541067600250244 -1.0060747861862183 47.25240707397461 0.13894198713650865 -0.9373419546126471 -0.3195077218683467 103 83 59
13.717273712158203 9.2322359085083 30.235610961914062 0.17679185976652156 -0.842577562528807 -0.508731451203195 92 83 56
-5.6497321128845215 -1.9119318723678589 47.81816864013672 -0.2614969921281172 0.8789060120519292 0.3989279948648901 117 102 83
3.5651419162750244 4.842350006103516 26.252479553222656 0.9686887975783584 -0.09589063835324355 -0.22901309770928305 144 119 114
-0.6192723512649536 3.22613525390625 37.22246170043945 -0.027135774729119138 -0.8365694043871297 -0.5471885245262496 136 127 84
33.02229690551758 4.370111465454102 54.40742111206055 0.10664259434403765 -0.985106016890489 -0.13488325529037695 51 44 40
-12.464372634887695 -1.1575677394866943 45.27064895629883 0.0432283974948008 -0.9139727335074309 -0.40346641502730624 84 72 48
19.51239585876465 9.663766860961914 32.30058288574219 0.301882195835089 -0.7571006318562936 -0.5793667000100937 61 50 46
2.2487595081329346 4.2964186668396 25.846294403076172 -0.6585019716751502 0.514377680821954 -0.5493548532343802 100 90 91
11.685818672180176 5.579479694366455 36.2072868347168 0.0738435010898932 -0.8768977851119991 -0.47497095891481445 91 92 48
2.800137519836426 1.1429619789123535 24.937355041503906 0.4274863669518362 0.16550240832283275 -0.8887431343811676 228 217 215
5.279208660125732 8.475905418395996 29.509096145629883 0.10353209718977308 0.9311451704344629 0.3496423550259079 128 114 87
-8.284784317016602 -9.280268669128418 77.10018920898438 0.12994165865574664 -0.9675393878587538 -0.21675492678991418 139 128 96
-6.045207500457764 1.956024169921875 39.14717483520508 0.09505878138150457 -0.8864190072275897 -0.45301784921558874 112 96 82
3.597356081008911 5.035062789916992 25.990827560424805 0.5902245958194615 0.046254822125943486 -0.8059127855542747 193 168 163
-10.565443992614746 -0.8666308522224426 43.9190673828125 -0.07283935527255385 -0.933005505189884 -0.3524133306344236 117 106 76
-2.5575108528137207 1.658963918685913 40.521785736083984 0.08982526151359058 -0.8187061362124614 -0.5671434429860558 155 133 120
0.9490795731544495 6.59044075012207 32.05815887451172 -0.15958975125838204 -0.7921828769470503 -0.5890478764626713 150 138 100
6.7100725173950195 4.00279426574707 36.938899993896484 0.17636312788536826 -0.8533774397020474 -0.4905537611007258 160 145 114
2.3121986389160156 1.6196280717849731 24.877601623535156 -0.40335382834108713 0.34099029482555954 -0.8491356240303237 104 95 96
13.501083374023438 7.071877479553223 33.934139251708984 0.15483920274486576 -0.8505973277871206 -0.5025027435295693 77 72 42
-14.924731254577637 5.104217529296875 33.13685989379883 -0.08900612402547425 -0.889638183646239 -0.44790826302333636 109 100 69
-34.93336486816406 -11.269882202148438 80.04820251464844 -0.02896359764662002 0.9385530882360084 0.3439174473242321 145 139 103
24.253400802612305 8.060906410217285 37.70500183105469 0.21154137795307537 -0.7603960819427467 -0.6140423796285025 132 121 115
2.8873143196105957 0.8915970325469971 43.14701461791992 -0.6121301168143437 -0.7155226907360346 -0.33663630096993846 73 51 37
-0.8933895826339722 5.9600653648376465 32.858951568603516 0.05139777928911538 -0.8627606861628844 -0.5029933068102361 158 144 118
-22.235567092895508 -4.926515102386475 52.524574279785156 0.10052607647394846 -0.9425979724909032 -0.31843927239709696 145 139 107
-3.182615041732788 -9.286298751831055 77.41233825683594 -0.0068746766284964195 0.8465517729053186 0.5322619980912741 161 151 116
-23.155818939208984 -12.422139167785645 82.25067138671875 -0.05154162970283659 0.9011889013096541 0.43035104805713525 125 114 86
-1.1411832571029663 -10.887141227722168 81.26927185058594 0.003862169827102929 0.9400152982379293 0.3411104259955764 141 130 98
21.89376449584961 9.08227252960205 34.46413803100586 0.30799926531086813 -0.7751014230629867 -0.5516830942975308 41 31 30
27.54894256591797 9.609390258789062 38.08472442626953 0.3598962469937455 -0.7588954941790292 -0.5427267455309203 54 46 43
29.60868263244629 9.5716552734375 38.95817565917969 0.2740036050335269 -0.8328840024202514 -0.4808599202897376 100 95 75
-10.664362907409668 6.731435775756836 30.560714721679688 -0.0483586916958389 -0.6657918479336276 -0.7445687692635198 107 101 65
8.461181640625 6.786960601806641 32.19396209716797 0.027755687557004062 -0.9067955349046265 -0.42065601111272666 101 90 62
3.1596291065216064 6.391342639923096 25.788652420043945 0.5236054224141724 0.25160206371026983 -0.8139617700821147 173 153 151
7.590723037719727 7.362409591674805 30.37618637084961 -0.27189667901858844 -0.8339708638262855 -0.48017162996943286 79 76 96
23.48418426513672 -1.0814039707183838 63.84713363647461 -0.02192062128974061 0.9652028807496611 0.2605818208448693 109 98 70
-3.740539312362671 4.431349277496338 35.37135696411133 -0.04578567953803443 -0.919403542558573 -0.39064152042503947 155 140 117
23.533475875854492 11.085429191589355 32.523826599121094 0.3916677720143982 -0.6903798239126253 -0.608253282029493 43 31 31
2.3644301891326904 4.908743381500244 35.11840057373047 0.0381521885303077 -0.8742436792304056 -0.4839859500399069 132 118 82
51.2364501953125 9.993721961975098 47.819915771484375 -0.10191234774532733 0.933853361904361 0.3428290708749158 64 54 52
-11.03928279876709 7.395890235900879 29.25213623046875 0.0046290261200677444 -0.8789171582799479 -0.47695199024459517 147 136 104
-19.88552474975586 -3.476328134536743 49.20472717285156 -0.07064755813647931 -0.9190799831394462 -0.3876866094176427 96 91 59
-6.464179515838623 7.718912601470947 28.352554321289062 0.3394987611018946 0.8146045191855399 -0.4702765872683579 123 111 74
10.357808113098145 8.031683921813965 31.225984573364258 0.1109246437099685 -0.8119018052268497 -0.5731589501065121 86 84 33
-13.950759887695312 0.5072510242462158 41.338130950927734 0.04538343213113406 -0.8800660094625303 -0.4726776523982239 116 106 70
-11.511768341064453 2.357164144515991 38.22434616088867 0.012564462283202847 -0.8388051657577759 -0.5442867150552217 154 142 102
-5.995674133300781 -5.253929138183594 56.044979095458984 0.07096605109542571 -0.9580381468737379 -0.27771699394645544 144 141 98
-1.1281368732452393 6.763259410858154 31.39338493347168 0.051208940953921034 -0.8503513417240769 -0.5237177102165249 54 52 40
-20.719247817993164 -3.50317120552063 49.75003433227539 -0.07159104209949586 -0.8799563687939906 -0.46962912144585184 99 95 60
-8.814837455749512 7.389209270477295 29.94834327697754 0.1562017474306785 -0.8330129298527572 -0.5307452051575481 102 92 57
2.5490305423736572 2.4407224655151367 24.76755142211914 -0.2052007763236812 -0.18246056671796235 -0.961561637644264 176 161 154
12.672788619995117 4.925621509552002 38.00199508666992 0.31758145394771303 -0.8157190806040102 -0.483471200431842 114 105 74
-2.4982941150665283 2.5494322776794434 38.73420715332031 -0.02640332227547315 -0.8672485730978423 -0.49717479525069835 121 105 80
-4.377487659454346 3.6252670288085938 36.86919403076172 0.10344561444135507 -0.8334222711979433 -0.5428686053955516 97 84 68
14.92863941192627 2.6459357738494873 44.31312942504883 0.2930129521617271 -0.9187175669595805 -0.2647667691107367 122 106 80
-9.50398063659668 7.069473743438721 30.07746124267578 -0.14474459016177021 0.8773671028452136 0.45746690641389337 157 151 117
-7.992034435272217 7.818292617797852 29.42429542541504 -0.021023954369406773 -0.8775494320127875 -0.47902503871583535 151 142 101
-2.832582473754883 6.495245456695557 31.844539642333984 -0.02594755877829635 -0.8559981174786798 -0.5163273642432706 142 134 88
11.562146186828613 -10.7789888381958 83.96416473388672 -0.07039862563708117 0.9238398101110653 0.3762499684549632 140 127 95
-10.103096008300781 3.971189260482788 35.46506118774414 -0.16583501630571754 -0.919268704685687 -0.3569927113434978 146 136 101
-2.6199586391448975 -2.8524928092956543 52.95817565917969 0.37537261719977666 -0.8839017605790646 -0.278949952324463 109 91 67
33.24003219604492 5.961761474609375 48.96974563598633 0.1839495516939011 -0.9259366406201862 -0.32985436178504035 51 44 40
-1.0999585390090942 4.845868110656738 34.71665954589844 0.04838007738897317 -0.8764270881747724 -0.47909803508815013 67 49 33
-8.418212890625 3.0511085987091064 37.09090805053711 0.031478975611198695 -0.8415277541641069 -0.5392959420077104 142 128 101
6.759366512298584 5.242528915405273 34.85237503051758 0.2088071625146618 -0.9037470411454801 -0.37368550213162505 165 150 115
-20.298471450805664 -0.20577485859394073 42.97404861450195 -0.08761018791202353 0.8653340859961514 0.49347884917919765 105 99 77
-9.566109657287598 6.162281036376953 31.560529708862305 0.10719939691976478 -0.8476380088910552 -0.5196326540771332 130 128 77
21.910558700561523 8.881696701049805 34.83245086669922 0.2532612439828011 -0.8318265224414612 -0.49388599783677745 37 29 26
-12.097917556762695 -8.7325439453125 69.0887451171875 0.10755299676672768 -0.9805215566039862 -0.16434667602781816 154 145 114
1.0013577938079834 0.07930398732423782 44.659393310546875 0.08519346526684488 -0.9333664251030488 -0.348667735768857 141 130 97
1.5082052946090698 7.127711296081543 27.590251922607422 -0.8259735138403952 0.13608380352044427 -0.5470365187568007 52 42 40
-2.431823968887329 5.887702941894531 33.08406066894531 -0.12510296306629298 -0.8331508540177094 -0.5387104074376096 52 42 33
-15.511492729187012 -3.6516854763031006 50.16393280029297 0.06361696764887392 -0.9028467723620477 -0.4252300401695476 143 138 108
-6.8375935554504395 7.611650466918945 29.436717987060547 -0.20139118625654814 -0.7594823580958547 -0.6185694284713236 134 125 92
-17.40390396118164 1.5339787006378174 38.846221923828125 0.0002977508478759633 -0.8788616203241838 -0.4770766853091681 110 105 76
-32.45028305053711 -11.528341293334961 80.76859283447266 -0.12186249220389134 0.9307207333549915 0.34483104485675836 140 134 100
2.621173858642578 -1.6955291032791138 50.84047317504883 0.007759970929574493 -0.9838029888431955 -0.17908506915532518 146 133 101
20.205047607421875 3.930366277694702 45.50636291503906 0.3254240412182293 -0.9351885968966858 -0.13971929584564677 88 82 46
-12.396958351135254 1.2239562273025513 40.85456466674805 -0.06153334816778117 -0.7882784507199764 -0.6122342126945999 169 158 128
-16.983970642089844 0.9304226040840149 40.77425003051758 0.009260183998640125 -0.8265452792966884 -0.5627940567069545 73 66 38
-0.15914496779441833 -6.701082229614258 66.27159881591797 0.05980661404996377 -0.9893225645129727 -0.13290610317571522 152 139 105
-12.026385307312012 3.895179271697998 35.5416145324707 -0.02887600247221233 -0.8396139862878939 -0.5424154593215215 91 83 47
-3.9499433040618896 2.557313919067383 38.85986328125 -0.018460820422866946 -0.8734718525912389 -0.4865245326190073 132 116 95
19.157442092895508 6.589057922363281 38.217288970947266 0.11623080296717928 -0.9012328165890179 -0.4174563578922117 53 37 22
12.059935569763184 10.337468147277832 27.795738220214844 0.15776372528344812 -0.7685806062018501 -0.6199955312379967 52 43 34
3.15956449508667 1.0810012817382812 41.90571975708008 -0.22097842700153028 -0.8542890437377227 -0.4704877942621017 121 106 81
-8.262887001037598 8.702268600463867 27.9444580078125 -0.10409194136139109 -0.9080541386456726 -0.40571239694158084 141 127 102
-11.186229705810547 8.317459106445312 27.81231689453125 0.3039227579142419 -0.7336757838017789 -0.6077423808528142 78 66 40
3.8049516677856445 8.341100692749023 26.9835147857666 0.5860783402405598 0.2448487379397348 -0.7723737920399616 239 226 218
1.2772467136383057 8.53239917755127 28.70269775390625 -0.7728844415732353 -0.4448681619074813 -0.4524842080062974 43 35 31
7.163984298706055 1.9916845560073853 40.730167388916016 0.15980492410112668 -0.8562790743467713 -0.4911705743108709 104 84 57
-1.2235558032989502 -1.6668578386306763 47.419010162353516 0.16109899354436868 -0.9162489314102942 -0.36679014431754503 121 112 81
-35.807254791259766 -10.786768913269043 78.06095886230469 0.06597251513495085 -0.9606504883128105 -0.26981153895103843 115 109 77
-3.733980178833008 -0.5951905250549316 44.85470962524414 0.16342361282939044 -0.8635644641770723 -0.4770211095752002 138 124 97
13.606688499450684 4.545960903167725 39.75148010253906 0.26278950162430287 -0.8737119518766996 -0.4093520526195728 0 0 0
15.587919235229492 10.038125991821289 29.839887619018555 0.16051929960283165 -0.8560483344986696 -0.49133980447045905 61 57 47
22.083526611328125 12.02847671508789 30.7281436920166 0.41317756958967683 -0.7736455849215446 -0.4803715280065717 47 40 34
3.4781978130340576 3.322411060333252 25.189332962036133 0.8165381035393126 0.35044484704655104 -0.45875258543897385 200 167 157
17.383926391601562 6.786395072937012 36.688011169433594 0.23207667672543345 -0.8321281139916449 -0.5036896048409052 80 67 58
11.625391960144043 4.563158988952637 38.224246978759766 0.28220802429923064 -0.8693100429193809 -0.4057815672262964 146 138 115
-24.742088317871094 -7.571952819824219 60.272735595703125 0.015379226574567247 -0.9682537103078275 -0.24949595560869034 147 145 106
18.306381225585938 -15.628891944885254 108.8984603881836 -0.15118114367996657 0.8984559903630311 0.41221486530255297 156 146 111
1.5597584247589111 7.38041353225708 28.467470169067383 -0.9966351188512803 -0.009269097703456209 -0.08144030758818444 62 55 47
-3.3039276599884033 -3.4424989223480225 52.793277740478516 0.3124469660307566 -0.9049996056647314 -0.2887085159202193 98 82 67
37.92351531982422 10.394680976867676 42.085594177246094 -0.1602828592552601 0.9046891604589116 0.39477452802467905 54 47 39
-10.200826644897461 -3.2370002269744873 50.52277374267578 0.13915183401281528 -0.9255683568996512 -0.35207951345818156 177 167 132
4.2936553955078125 4.5568528175354 35.64248275756836 -0.04217765459037592 0.9749759427859721 0.21827266535656492 196 181 147
-1.9857467412948608 1.2146947383880615 41.195037841796875 0.038871515869573325 -0.8521351452022309 -0.5218761343127067 119 108 75
-11.992055892944336 -1.3060606718063354 45.109375 -0.1003866492399471 -0.8673935764565981 -0.48739194102509276 109 96 77
-6.535091400146484 6.592175483703613 31.544042587280273 -0.055900712671363983 -0.9347820234055133 -0.35079577967918635 157 149 77
6.054476261138916 9.059164047241211 27.719125747680664 0.07197660867664707 -0.8933833245517995 -0.4434925063810916 109 104 72
-11.222896575927734 5.155161380767822 33.42706298828125 0.031687871285010945 -0.7727780063734238 -0.6338848725746192 80 74 40
10.15591812133789 0.3539641201496124 48.26397705078125 0.2471138634089391 -0.935639926551262 -0.25201719456072097 128 124 77
19.029340744018555 -1.453841209411621 64.15448760986328 0.2227592990704226 -0.9357725897362981 -0.2733275598542457 112 106 61
2.292229413986206 5.668985366821289 25.978445053100586 -0.7834246995600014 -0.08434934599750803 -0.6157360862813825 184 165 169
-8.827163696289062 6.591510772705078 31.17593002319336 -0.3762723257823524 0.795110879620369 0.4756236179582153 121 114 68
21.844690322875977 9.397704124450684 34.08949279785156 0.3355651075672769 -0.7842667158563575 -0.5218445908345182 63 52 46
-5.998406410217285 -0.15968909859657288 43.450340270996094 0.183896959558882 -0.8978528120342614 -0.40005279175024894 156 145 115
-22.23851203918457 -1.3378475904464722 45.020206451416016 0.04048804296854726 -0.9020568944927004 -0.4297139484293729 99 94 65
-9.268856048583984 7.514043807983398 29.461471557617188 0.24256567487731237 -0.7768316564565433 -0.5811148517275192 125 117 81
-2.568291664123535 8.845974922180176 27.928007125854492 0.06393983557044566 -0.8706650952504806 -0.48770276741033136 74 60 25
3.1463425159454346 0.301744282245636 24.5994930267334 0.9396807187304976 0.08508912008110107 -0.3313004504825786 233 224 217
31.581892013549805 6.086652755737305 48.721920013427734 0.18373199782111513 -0.93485012086256 -0.303805537309507 44 35 28
20.95084571838379 8.73084545135498 34.58647918701172 0.32570632593661036 -0.7663646341585137 -0.5537153029815606 54 42 41
26.472410202026367 6.962038516998291 40.83765411376953 0.4592351466123497 -0.8128947600135602 -0.3581971374235559 75 61 60
-13.803184509277344 -7.096846580505371 59.47465133666992 0.07843317147861063 -0.9637283325960437 -0.2550998599832172 169 159 123
0.8610062599182129 8.328109741210938 29.002513885498047 0.1592529290367714 -0.8017364450309193 -0.5760704620985114 44 35 27
-11.110397338867188 5.5859150886535645 32.678646087646484 -0.02160400683775561 -0.8576854687157299 -0.5137206474752914 149 143 107
-8.83754825592041 -12.178544998168945 83.06460571289062 -0.07030581345708309 0.8844290092694047 0.4613484801718513 151 141 106
4.329292297363281 8.946378707885742 27.99235725402832 0.7820735674507218 0.19988756615190045 -0.5902591769661621 163 138 133
3.729964017868042 -0.32468870282173157 45.9219856262207 0.11778585356147288 -0.9241358680261588 -0.3634547979162377 109 92 76
4.967691898345947 1.4615854024887085 43.20679473876953 -0.011039276836968473 -0.9469045313091423 -0.32132529149310785 137 121 88
0.358970046043396 8.094684600830078 29.29163932800293 -0.03396013862364767 0.924154054897436 0.38050754499916195 131 125 91
0.3306789994239807 1.9860341548919678 39.73750686645508 0.1359355100666153 -0.8715983441448101 -0.4709966704627056 141 126 97
-5.201207160949707 6.5672736167907715 31.220170974731445 0.6099663706639259 0.36845564313736145 -0.7015564593810762 146 138 92
14.007226943969727 8.606603622436523 31.374082565307617 0.18632503827284255 -0.8537144187880387 -0.48626604988012984 91 87 59
1.9385534524917603 2.505497455596924 25.271265029907227 -0.8162840644452555 -0.47619914780903494 -0.3269781303981703 167 158 153
12.710951805114746 8.08267593383789 31.928382873535156 0.16701065082774308 -0.865498292052429 -0.4722500915451704 68 63 34
-6.768575191497803 -2.1667590141296387 48.93759536743164 -0.12929880469023664 -0.8814793237343898 -0.4541762003170568 62 45 25
6.799687385559082 7.671055316925049 30.316619873046875 0.23841173966263016 0.8812332598223802 0.40815166810128245 150 134 134
2.5924441814422607 7.890408992767334 26.479692459106445 -0.7738695713203436 0.30757842320515455 -0.5536437484186907 105 95 103
-24.486509323120117 -12.353717803955078 82.89665222167969 -0.008100674163565417 0.8890811962579459 0.4576778403403814 162 151 123
34.94394302368164 9.31374454498291 42.338233947753906 0.21427949636044627 -0.8920635236442558 -0.39787808085254867 60 54 42
15.5677490234375 9.799140930175781 30.10862159729004 0.23934085267001637 -0.8101051548764211 -0.5352061231767063 98 93 63
-9.422345161437988 8.231794357299805 28.54424285888672 -0.007426843648199759 -0.7950013120824494 -0.6065622439458369 125 113 77
7.624210357666016 -0.5573417544364929 48.92643356323242 0.3283980318112519 -0.9212111347181297 -0.20862592833545734 110 100 64
22.846981048583984 1.4911153316497803 55.779170989990234 0.22572666327757487 -0.9456143186134365 -0.2342243239264825 120 119 73
5.769550800323486 6.7197136878967285 32.179561614990234 -0.06399238576251479 -0.8317589433231434 -0.5514363379089098 122 121 75
-7.340398788452148 3.2873520851135254 36.786563873291016 0.0838733410002849 -0.8425298141693693 -0.5320796696972906 161 154 126
-18.9748592376709 -5.162176609039307 54.00115966796875 -0.07326574625423307 -0.9420723644904764 -0.3273099303246592 149 143 107
7.3651838302612305 8.185404777526855 29.519704818725586 0.041339797555060766 -0.8504634269583049 -0.5244072659149974 123 121 89
-5.4180521965026855 7.327957630157471 30.41263771057129 -0.24856920302738675 0.9313199737453004 0.2661887634919672 109 107 59
-7.2023491859436035 8.51815414428711 28.15401840209961 -0.02282906462625513 -0.7637439849630028 -0.6451154619454744 102 87 58
-6.814651966094971 2.3711018562316895 38.47214126586914 0.05220891386225047 -0.8945453150399936 -0.44391768229405226 134 129 105
12.894004821777344 3.5697381496429443 40.70444869995117 0.2596456489507845 -0.8807458214802295 -0.39606935620676526 114 110 62
2.228513240814209 2.302656650543213 25.002578735351562 -0.6608772814987687 -0.3509693201193815 -0.6633715061213711 101 88 80
24.49432373046875 12.44480037689209 31.684036254882812 0.4205393971514243 -0.6965373538298739 -0.581362477429696 31 21 19
1.7984638214111328 6.607853412628174 27.63633918762207 -0.8343454004409175 0.2119549352841188 -0.5088642826646311 92 75 85
17.688262939453125 4.785669803619385 41.016353607177734 0.24429096175030798 -0.8778865071333493 -0.4118703759683596 128 118 83
-4.8514404296875 8.4805326461792 27.968801498413086 0.14510322910464798 -0.6562826572456583 -0.7404310411523696 128 124 76
14.282486915588379 1.3048392534255981 49.22706985473633 -0.03462286060960225 0.9524949396378843 0.30257998527237673 122 120 72
-10.952756881713867 5.6724982261657715 32.37601089477539 0.04835496947207468 -0.9109394412377548 -0.40969638920156737 107 98 57
2.88750958442688 4.6022162437438965 25.552194595336914 -0.052449080339675616 0.4251337058636107 -0.9036096646839249 150 125 120
2.7541415691375732 6.49785852432251 25.494813919067383 -0.2638631070791018 0.30564374665931626 -0.9148541746369299 99 81 80
0.7373420596122742 5.722446918487549 33.48125076293945 0.009478859176136003 -0.792275189357701 -0.6100903011497049 169 153 130
8.828336715698242 2.94872784614563 39.90863037109375 0.33075474267722343 -0.8795970407770629 -0.34192154955889764 136 118 106
7.084415435791016 7.088124752044678 31.34850311279297 -0.08933062948185332 -0.8436104945862631 -0.529472730232914 177 159 152
-6.350462913513184 5.944368839263916 32.70414352416992 -0.09243076340705321 -0.8866223862636395 -0.45316365493291616 145 134 104
-5.987511157989502 7.030173301696777 30.445018768310547 -0.17559722947124395 -0.9521426936052909 -0.2501797434167777 109 103 105
-7.395573616027832 -3.903203010559082 52.532493591308594 -0.19502756489317438 0.8764878074180333 0.44015153342839447 107 93 64
17.46088409423828 2.5437729358673096 46.43095016479492 0.24311091360950704 -0.9542162757523823 -0.17426526553850333 135 127 80
6.041879653930664 2.838365077972412 38.86034393310547 -0.00972799016493151 -0.8848169371579946 -0.46583726120362723 145 131 102
10.7876615524292 5.255817890167236 36.65407943725586 0.20024239777188357 -0.6906321481249524 -0.6949318082451538 111 107 72
-8.466169357299805 2.1670684814453125 38.525516510009766 -0.22492928132645626 0.774364376933938 0.5914107118895275 89 79 44
23.508729934692383 6.397642135620117 40.13111114501953 0.43841283731796393 -0.821532208579851 -0.3645257389276157 46 41 37
3.6770145893096924 5.434418201446533 26.273672103881836 0.8801140838970795 -0.24184474075102544 -0.4085465955029784 93 83 80
-6.541572093963623 5.311395168304443 33.72525405883789 0.012970790220061267 -0.7083728268745322 -0.7057192761621658 110 97 80
-10.463286399841309 -4.244780540466309 51.767921447753906 -0.16807934794439258 0.8633123613191723 0.47585827678848164 139 128 96
15.542531967163086 4.785550594329834 39.882850646972656 0.19750029214147968 -0.8948994431371707 -0.40018573347486036 91 76 55
8.50809383392334 0.21193179488182068 47.17120361328125 0.2773563086360872 -0.9221192200923026 -0.2697584512042708 110 94 68
-14.024094581604004 4.327150344848633 34.54773712158203 0.06028216825046196 -0.8037080236942223 -0.5919623914072164 134 128 94
2.7751636505126953 0.5420101881027222 43.842620849609375 -0.13263489620322058 -0.8688114113503839 -0.47704791773627375 69 50 36
-7.945457935333252 4.719644546508789 34.11283874511719 -0.2179172111850454 0.8452081512543481 0.48799105537144766 113 98 69
-11.868474960327148 5.77529239654541 32.13056182861328 0.040597373428963454 -0.9025490122636758 -0.42866902586089917 135 129 93
-13.846942901611328 6.445840835571289 30.840566635131836 0.009706483561348256 -0.8253400400403281 -0.5645525683965161 106 100 66
-11.979391098022461 6.191385269165039 31.01177406311035 -0.16518251238435427 0.8798784278341661 0.4455655842123232 146 135 105
-17.200851440429688 -14.120339393615723 86.25641632080078 0.0049036474737511205 0.910703043284905 0.41303259095749983 138 133 104
16.652193069458008 4.224003791809082 42.029537200927734 0.3013616924511677 -0.8775221714703849 -0.3730093415731953 78 64 38
12.656750679016113 8.892687797546387 30.351224899291992 0.22346663351767998 -0.8284559528396723 -0.5135400645604836 61 49 28
43.29434585571289 11.335813522338867 42.74760818481445 -0.12080579515931193 0.8766000572370124 0.4658092952142465 54 41 33
-10.744976997375488 7.039363861083984 29.902114868164062 0.08749018620508858 -0.8733932729475328 -0.47909253603849467 144 140 105
9.735960960388184 5.927725791931152 34.381507873535156 0.3327779221294021 -0.8383181149552688 -0.43183514525925504 103 92 60
3.8254857063293457 2.4505293369293213 25.486976623535156 0.8474444425424181 -0.33092560758731066 -0.4151218604782692 178 158 149
7.430320739746094 -1.7139090299606323 54.49363708496094 0.003963238401577019 -0.97220223941677 -0.23410915918517505 122 107 78
-4.777647972106934 1.1279629468917847 40.99929428100586 0.06775222657377365 -0.8595793025746806 -0.506490926255863 161 146 117
-10.477157592773438 -2.312793731689453 47.43100357055664 0.12406053871608881 -0.9299574061039668 -0.34610432757458387 65 49 50
-20.6137752532959 -6.483542442321777 57.85425567626953 -0.16215022168471893 0.8865031589791571 0.43338141945354797 136 131 93
-21.335721969604492 -0.4316222369670868 42.450096130371094 0.010207618378549202 -0.8953806045622983 -0.44518465550902714 98 91 63
-14.588757514953613 1.4839609861373901 39.28547286987305 0.049582087626747914 -0.8261280114530662 -0.5612968245760671 132 123 92
7.801978588104248 -16.637805938720703 106.37090301513672 -0.1560945759607618 0.9128735091861203 0.3772220030457513 160 146 117
29.2745418548584 9.838314056396484 37.96759033203125 0.28265845656063365 -0.8865221624885926 -0.36630950349575986 67 61 45
1.946699619293213 2.280427932739258 40.5767707824707 0.15480991366377117 -0.9109280698853083 -0.382418543125778 121 105 78
2.5423669815063477 5.011794090270996 25.557674407958984 -0.7155172504557371 -0.13777395489675728 -0.6848747342780057 161 146 141
24.36252784729004 1.5530997514724731 57.11079406738281 -0.055217290097776754 0.9807088012646566 0.18751346084027865 117 115 69
4.854792594909668 7.398758411407471 28.0882625579834 0.9488761183904917 0.11599613596027432 -0.29356261408850964 145 130 105
29.798051834106445 4.049354076385498 53.21635055541992 -0.0779747354948793 0.9798176360382792 0.18405798198627973 73 68 49
21.509998321533203 7.207694053649902 37.88396072387695 -0.10371435350373079 0.9585358468669413 0.26542864040713066 112 98 95
16.089561462402344 2.970386266708374 46.836456298828125 0.13516783256695727 -0.9353475995673538 -0.32688610405267937 109 97 70
-7.432040691375732 6.733807563781738 30.97870635986328 0.06090509449513429 -0.8822336986595346 -0.4668557276226315 90 76 37
-6.043431758880615 4.646119594573975 34.799320220947266 0.10905028924912231 -0.8384378665459402 -0.5339756346094594 154 139 106
-8.251065254211426 2.287440061569214 38.40968704223633 0.010969933164814712 -0.8328184907579566 -0.5534374598976822 123 111 79
16.612794876098633 8.330910682678223 33.3541374206543 -0.0065040159771715235 0.8910554521852685 0.4538478587666526 67 63 41
-4.9194416999816895 4.7848639488220215 34.611568450927734 0.08744606135364821 -0.8485330452526613 -0.5218667046938125 99 85 74
-23.671092987060547 -5.4851813316345215 55.0913200378418 0.0619838920479759 -0.9525466011094748 -0.29801504968939446 137 133 98
21.571836471557617 -0.38969510793685913 59.8991813659668 0.027041594086033325 0.9431371449456044 0.33130209479135464 131 116 93
15.026610374450684 8.777104377746582 31.74587059020996 0.31158583455615835 -0.835087994996399 -0.45336774071038183 61 49 37
-5.906000137329102 2.7847278118133545 37.90766906738281 0.14284088317373836 -0.8816455261662481 -0.4497751085655878 150 138 119
13.772500038146973 4.318001747131348 39.32400894165039 0.35170375250568475 -0.8741207927154636 -0.3349885225136971 93 80 59
0.908204197883606 8.299019813537598 29.034252166748047 0.25403794471681973 -0.7880923470832534 -0.560691693458056 76 64 64
-25.801441192626953 -4.448009490966797 51.877227783203125 -0.04665031578750655 -0.9101037007448749 -0.41174628344091774 131 126 96
3.64119553565979 -0.48444491624832153 0.566693127155304 0.5264973751622626 -0.849197695227891 0.04078956198447681 0 0 0
-8.792837142944336 -6.260648727416992 59.157772064208984 0.10773614012853612 -0.9854304817699865 -0.13160429213660366 155 147 105
-4.329815864562988 0.7986859083175659 41.36306381225586 0.14734048838111283 -0.8710917850141997 -0.4684974733810108 115 99 76
-9.594456672668457 -1.0732252597808838 44.98814392089844 0.024904783661323995 -0.9407710795501096 -0.3381264964963615 96 88 60
-12.761678695678711 -7.318596839904785 62.685691833496094 0.08421159837405744 -0.9838780111497064 -0.15777346378711807 171 163 127
0.24318957328796387 -0.05075071007013321 44.4215087890625 0.1670027371447616 -0.8244028018422054 -0.540805053693916 93 78 49
1.4116847515106201 2.52528715133667 38.765830993652344 0.10969125690634911 -0.8178818245777538 -0.564833735876027 149 129 102
12.097243309020996 9.411056518554688 29.203826904296875 0.18259623543572245 -0.844177316198151 -0.5040072158423818 75 69 47
3.6573691368103027 5.942180633544922 25.790386199951172 0.606770100391747 -0.31946303032811146 -0.7278553548090235 181 163 163
-6.924629211425781 6.67261266708374 31.484281539916992 -0.15032821318015666 0.8876722419382499 0.4352463890882763 140 132 88
14.048005104064941 4.854443073272705 38.802406311035156 0.16077672407806576 0.8301887678390338 0.5337953303923068 75 60 53
-1.5611628293991089 -3.3484785556793213 55.071678161621094 -0.13573846089968752 0.8400066053679419 0.5253227323948686 55 50 18
-3.8491406440734863 7.616550922393799 29.83614158630371 0.13944164715592444 -0.8668009151117196 -0.4787611101582163 144 130 81
42.162357330322266 7.956791877746582 48.53018569946289 -0.1590046833186612 0.8979866878503643 0.41028943335926227 53 45 42
3.5058140754699707 2.486818790435791 40.12499237060547 -0.018559357867859564 -0.8931025847587739 -0.4494700472030702 136 118 94
-2.41277813911438 0.423531174659729 42.714351654052734 0.10731687668207329 -0.9187252042026482 -0.3800356393050618 112 95 69
5.34702730178833 -6.886456489562988 72.1888656616211 0.16700888358110852 -0.9400637820897801 -0.2973013932157904 103 92 60
-35.038246154785156 -16.22104835510254 90.9227066040039 -0.01172134462713318 0.9073031916062302 0.4203136074186516 138 133 103
14.34890365600586 -8.870049476623535 77.22732543945312 -0.15122428655215975 0.8958420849855597 0.417849463234686 170 157 122
3.077101230621338 -4.8109517097473145 60.50735855102539 0.5356462193142287 -0.776141952410967 -0.332696254024696 139 124 95
-8.206979751586914 -10.82518482208252 80.06970977783203 -0.06959767040075716 0.9020484159441612 0.4259868772244242 160 149 117
-2.1844704151153564 5.79148530960083 33.10927200317383 -0.11287959889167336 -0.9118776603044978 -0.39463569122882136 49 47 35
15.123183250427246 7.572753429412842 34.024574279785156 -0.021572612782796725 0.9330214365813457 0.35917352527351665 66 59 38
-6.476325988769531 8.596920013427734 27.82954978942871 -0.12518845671829554 -0.7547055987715963 -0.6440087805979808 81 69 31
-8.846322059631348 -0.632393479347229 43.524715423583984 0.14393737287767694 -0.8700657663232598 -0.47145264339209203 71 60 41
3.14416766166687 2.7055392265319824 24.69524574279785 0.07823371244824245 -0.30548681737670247 -0.9489769705559872 198 173 166
1.8849730491638184 3.413240671157837 25.91912078857422 -0.8964348717569546 0.20177698526374307 -0.3945764424239843 141 126 90
24.670047760009766 11.909867286682129 32.267906188964844 0.43325877008757124 -0.698204575416589 -0.5699098253316448 71 62 63
3.03953218460083 4.448240756988525 25.23604965209961 0.19287606253676906 0.4939528554599706 -0.8478262800145169 128 104 100
-9.5076322555542 8.74436092376709 27.74907112121582 0.25113853557110094 -0.7224678698520837 -0.6441813510049754 111 104 79
-25.22835922241211 -5.9548821449279785 55.23048782348633 0.005055694311814319 -0.9398620223661156 -0.3415169378945947 147 143 108
16.05214500427246 9.238780975341797 31.494821548461914 0.15049241125858695 -0.8609799500125374 -0.485865783761303 68 62 46
29.210742950439453 10.13601016998291 36.86058807373047 0.1581303574887432 -0.8111197627870621 -0.5630981446042441 65 57 54
-0.5812951922416687 8.192152976989746 29.278581619262695 -0.26736726325626214 -0.8543020410228427 -0.44573845385277444 68 54 27
-11.437378883361816 4.687629222869873 34.124454498291016 -0.10871780163763443 -0.8502398451314186 -0.51504625555185 104 98 64
-5.68569803237915 5.751665115356445 33.01960372924805 -0.30253344137359167 0.8645437381777965 0.40129495589679776 92 80 53
13.16097354888916 -8.736884117126465 79.137451171875 0.21725495972690198 -0.917573674319506 -0.3329547036307836 88 74 47
16.528953552246094 5.901351451873779 37.67583465576172 0.2640454332953466 -0.7921379261357319 -0.5502704018328214 67 50 43
1.2893872261047363 7.281743049621582 30.834983825683594 -0.10909053648789489 -0.909587277266228 -0.40093670308939416 71 64 46
15.969002723693848 11.260466575622559 28.45473861694336 0.3080346417450037 -0.8470321342551604 -0.43318728400563117 72 60 60
-8.869593620300293 -4.380077838897705 53.11949920654297 0.07829217609041354 -0.9232992517344831 -0.3760170566737233 87 72 49
-2.8006412982940674 -2.045631170272827 48.878257751464844 0.06728268663543571 -0.9576029127960223 -0.2801244392831372 125 114 82
-5.731537342071533 8.08554458618164 28.857091903686523 0.1384032242660723 -0.7890403438914367 -0.5985481461206265 98 85 50
-5.950119495391846 -1.1981022357940674 45.70859146118164 0.021653841938476713 -0.9729469882046486 -0.2300114546556471 99 87 66
11.493535041809082 9.31947135925293 29.121795654296875 0.16620946536105588 -0.8611724443684047 -0.48037114264382985 73 61 35
-0.48718520998954773 8.175366401672363 28.869306564331055 -0.24171537497645385 -0.8940201185492155 -0.3772289823558613 59 47 21
16.46125602722168 7.824840545654297 34.177040100097656 0.0152321830820468 0.8965876430728864 0.44260431413121315 50 40 31
-14.032907485961914 -3.230513095855713 48.816246032714844 0.044564904409653716 -0.9333046934913996 -0.3563093015932691 145 139 107
19.74759292602539 9.534902572631836 32.43925476074219 0.2664948066760887 -0.7343162174605209 -0.6243077853023675 44 33 31
-13.737662315368652 1.8476595878601074 38.880863189697266 0.10028903797528695 -0.8994208565586385 -0.42542241554637894 154 145 114
-5.079314708709717 -13.996464729309082 87.60363006591797 -0.0720253231189075 0.9039380458668479 0.42155469640847465 171 159 123
-11.217181205749512 -7.191974639892578 62.079002380371094 0.13023389557566906 -0.9777152121031458 -0.1646575126293525 126 115 83
9.573068618774414 -2.2424371242523193 55.82781219482422 0.10602502145260036 -0.9225142862258254 -0.37111465416395467 89 73 47
-0.69547438621521 7.629487037658691 30.04553985595703 -0.08281065068049097 0.9188493427869953 0.38582156678156426 108 105 58
18.927549362182617 8.539087295532227 33.82413101196289 0.15544979319104324 -0.8622929293802007 -0.4819608549848979 52 41 39
-0.9462313055992126 3.96506404876709 36.47751998901367 0.02164957572557087 -0.8488235955610577 -0.5282327133846412 167 143 136
4.13603401184082 -3.982347249984741 58.70428466796875 -0.5910996398574636 0.6645909327913591 0.45707779186029984 91 82 51
2.0096707344055176 -17.781770706176758 107.6815185546875 -0.1348155548900036 0.882519788889276 0.45053700001057506 139 123 97
6.5706586837768555 4.928764820098877 35.01904296875 0.19257682596465434 -0.913575530354083 -0.35818140158254347 105 85 58
9.831377983093262 8.43596363067627 29.888412475585938 0.2565521163254367 -0.8405570599620881 -0.4771214107088785 98 100 51
-9.851996421813965 -3.999533176422119 52.295658111572266 -0.16134953778865532 0.8810982960097239 0.4445583419801584 152 140 116
15.389162063598633 7.205771446228027 34.65620803833008 0.15140579833092976 -0.5659878171774654 -0.810391309824126 60 53 35
-13.136480331420898 5.959324359893799 31.84489631652832 0.04006376496908521 -0.847853441306968 -0.5287148917899265 140 131 100
-10.392386436462402 5.288237571716309 32.888031005859375 0.08640205924994487 -0.8959083363723049 -0.43575559316660306 144 141 98
26.289794921875 9.930682182312012 36.57988357543945 0.432660272588981 -0.7765960140644521 -0.4579341868243015 45 36 31
-10.011167526245117 6.117335796356201 31.399494171142578 -0.02306217607730944 -0.8303688056837416 -0.5567367264532991 134 125 82
9.578495979309082 7.436450481414795 31.702247619628906 -0.01409038295515604 -0.8580949286693683 -0.5132977250096556 103 105 56
3.679821491241455 -10.064663887023926 79.75904083251953 -0.09398035066132786 0.9129175985877144 0.3971764744775485 173 162 130
-20.842023849487305 -1.6523146629333496 45.40135192871094 -0.06513182205625637 0.8228996315092244 0.5644413540994446 59 52 34
20.455001831054688 -0.5781165957450867 60.925846099853516 0.17492551674606016 -0.9505649175348899 -0.256568511596829 119 108 80
10.893625259399414 7.43092679977417 32.2527961730957 0.2008849039671989 -0.9236175659596941 -0.32645956443146135 138 137 89
16.567760467529297 8.298652648925781 33.23712158203125 0.04499025919675207 -0.8638095156211071 -0.5018057366151144 78 73 53
0.39938056468963623 1.0799024105072021 41.88323211669922 0.07079099607474186 -0.8553173441422696 -0.513245434158123 112 96 70
2.6245622634887695 5.156026363372803 25.5528507232666 -0.27270273972170506 0.6539646220140873 -0.7056652810662061 158 133 128
15.941506385803223 6.112226963043213 37.6410026550293 0.2591425974294184 -0.7771961741226019 -0.5734206319332469 86 74 58
5.894219398498535 3.22672963142395 38.22025680541992 0.08176486290415107 -0.9228253962112668 -0.3764409585868464 129 114 81
-5.738313674926758 6.80023717880249 30.903453826904297 0.12022528782604273 -0.8592457181987665 -0.49723503086994125 141 145 100
15.903853416442871 8.591004371643066 32.67539978027344 0.12784707787009764 -0.8736328783723698 -0.4694898492053745 59 54 32
10.885611534118652 -6.513835430145264 74.2452163696289 -0.20907876745811899 0.8820325725027566 0.4222613054050336 108 94 65
-0.22884099185466766 0.5123342275619507 43.55177688598633 -0.008180868685751158 -0.8929869349185684 -0.4500082304272745 69 54 52
-9.660245895385742 1.7100555896759033 39.38003921508789 0.031584711506187045 -0.899271084556993 -0.43624983951717433 79 66 34
13.265481948852539 7.342249393463135 33.106014251708984 0.18233703546419822 -0.8656999994814665 -0.4661724105906708 60 49 27
21.369516372680664 7.198100566864014 37.34697341918945 0.21228914518871544 -0.93468997536562 -0.2851104501523239 95 86 80
15.806848526000977 2.618067502975464 46.021324157714844 0.13997345242564316 -0.9506269131433996 -0.27697636112762003 132 130 81
23.100130081176758 8.187614440917969 36.10182571411133 0.27655070621301503 -0.8585087225546736 -0.4318361728602935 47 39 37
-11.935478210449219 2.123558282852173 38.40676498413086 -0.07355187701343018 -0.8664645772647642 -0.49379070235596245 145 132 100
10.07814884185791 4.999401569366455 36.342960357666016 0.19652281935003282 -0.7872990097447027 -0.5844134244947875 137 121 105
33.18940734863281 8.976673126220703 42.0908203125 0.2402113922884393 -0.8994865647835741 -0.36499644763845984 75 65 61
9.521247863769531 1.547435998916626 43.400447845458984 0.2560377550150418 -0.9195298588804174 -0.2981769720052473 118 96 83
-2.9624598026275635 8.383813858032227 28.79987144470215 0.04221982464518379 -0.8260969415080373 -0.5619442406840703 106 97 56
-0.4394085705280304 4.415297508239746 35.58610534667969 0.048581222336621314 -0.8697374329455552 -0.49111776853373523 175 161 131
-14.973748207092285 -11.760602951049805 80.36492919921875 0.06219467987626096 0.9005939758964555 0.4301886939171043 101 90 60
-7.787705421447754 -5.081162929534912 56.219730377197266 0.02918610037528413 -0.9233008071560309 -0.38296708872944396 114 103 75
31.13910484313965 4.992099761962891 51.27295684814453 0.23396339981315278 -0.9089005480384607 -0.34519693121935 72 64 53
1.97140634059906 -0.8444611430168152 47.47813415527344 -0.00977059329163221 -0.9594804107094085 -0.28160588944770626 114 98 82
7.3426361083984375 8.348869323730469 29.095190048217773 -0.05420519285198337 -0.8116684722285852 -0.5815978750459762 137 140 93
3.28257417678833 1.8342037200927734 25.22559356689453 0.8762173632161687 -0.3830431269019194 -0.2924399003756246 102 92 65
-17.774234771728516 -0.613196611404419 43.38270568847656 0.013012254346276722 -0.8775070000412291 -0.47938726111096236 110 106 71
0.9206843972206116 5.943219184875488 33.155296325683594 0.0334256299097945 -0.8147094973561715 -0.5789051409192942 134 117 97
3.6219494342803955 3.424621105194092 25.789400100708008 0.9204903146784568 0.22984713880125168 -0.3160187864163045 192 159 150
-10.388126373291016 5.377265453338623 37.30636215209961 -0.9754801522298923 0.00042971510428125274 0.22008700086664756 105 91 56
-10.364777565002441 -0.6363343000411987 43.62984085083008 -0.18492296527863927 -0.7533114935563129 -0.6311301692903877 121 112 81
10.320619583129883 8.692564010620117 30.279495239257812 0.14070905143850618 -0.7433390890262641 -0.6539479807820187 118 115 72
-5.367732048034668 3.5404725074768066 36.78078079223633 0.1013373492559994 -0.8385343725450495 -0.5353418045569097 111 98 81
16.337366104125977 -6.681882381439209 75.98721313476562 -0.24531566761300894 0.8917301512244137 0.3803124513092727 86 71 48
-9.162096977233887 -13.591228485107422 85.45867919921875 -0.08199454634397103 0.8838307545269524 0.4605649701422858 148 137 107
11.343018531799316 -9.244878768920898 80.9837646484375 -0.17707721464724863 0.9041427779278133 0.3888052175238259 131 120 88
10.951373100280762 1.5538842678070068 44.203636169433594 0.22955076111109815 -0.9322188788443043 -0.27977564225569207 90 75 55
22.12346839904785 -5.514423847198486 76.61347198486328 -0.15412822617789218 0.8337062220360899 0.5302626002591236 95 77 65
-6.758423328399658 2.8298914432525635 37.78635787963867 0.1893169520884345 -0.8213949393488704 -0.5380236474951737 106 93 77
-9.796399116516113 4.972900390625 33.59874725341797 -0.05140979930927074 -0.8505363383597094 -0.5233975254666742 131 118 86
1.8394731283187866 4.692135810852051 35.406158447265625 0.0927353033380654 -0.8915994124464347 -0.44322753890069694 173 164 109
15.771611213684082 8.077282905578613 34.17827606201172 0.2797361855261946 -0.8538146203110285 -0.43903104747886457 108 100 85
20.322650909423828 7.121739387512207 36.89060592651367 0.17990581833613026 -0.9321786358943362 -0.31412877504453846 51 40 37
6.6614580154418945 5.38414192199707 34.43818283081055 0.07228343264488044 -0.9097768221965362 -0.40875572064381693 155 143 103
-20.711467742919922 -2.779236316680908 47.523406982421875 0.013702258850824016 -0.9119988872167398 -0.4099637518340051 116 111 79
-21.986021041870117 -5.799080848693848 55.21461868286133 -0.012097910599901675 -0.9366996097283129 -0.34992496580544674 149 145 110
26.20169448852539 -7.144125461578369 83.49608612060547 0.4224112790031158 -0.9025913998068196 -0.08305104674667142 129 110 104
18.400022506713867 7.11415958404541 36.48187255859375 -0.0059180560895082945 0.8920029736951175 0.4519907869981302 61 54 38
2.0244240760803223 8.508821487426758 27.86307716369629 -0.7823241447782084 0.24026228528704588 -0.5746677011679796 77 68 73
-10.140932083129883 5.556576251983643 32.56119918823242 0.07963878535331664 -0.8719736976946031 -0.4830316080716143 144 136 99
6.077826023101807 6.371596336364746 32.528751373291016 -0.2549708929148997 -0.7763199839459546 -0.5764695363090158 138 134 86
11.204462051391602 4.444314956665039 38.676788330078125 0.26434255564754233 -0.8712264922996196 -0.4136271417460731 140 132 96
-8.702499389648438 6.663085460662842 31.08881187438965 0.1309336242239114 -0.8589456150060125 -0.49504425712206296 137 133 88
-6.30887508392334 1.0948735475540161 41.01844024658203 0.13266630786186523 -0.8173447397843556 -0.560666770109613 113 103 79
-1.2062814235687256 1.2164435386657715 41.19656753540039 0.06175917673177338 -0.8984581949006731 -0.4346937727932587 155 141 112
-2.480221748352051 5.242508411407471 34.001468658447266 0.06650386787433298 -0.8147372307950643 -0.5760038891484529 101 87 61
-18.87201690673828 -0.44055306911468506 42.901119232177734 -0.14261165852004468 -0.8454750358843663 -0.5146201303393518 70 63 37
5.827916145324707 7.273957252502441 30.9852352142334 0.19106717220998795 0.9759759718289854 0.104710257931811 122 120 82
-3.7277748584747314 4.216765403747559 35.10422134399414 -0.5157365773623636 -0.8233841733306231 -0.23675786339465393 189 178 148
17.835786819458008 7.193642616271973 36.03155517578125 0.4146725656821078 -0.8285498320291902 -0.37623375594837183 58 55 24
25.204708099365234 10.598784446716309 34.49693298339844 0.3811155999742495 -0.7486429894267307 -0.542480021603078 63 52 56
17.38700294494629 10.413533210754395 30.20321273803711 0.21121773756969822 -0.8917161432001561 -0.4002866314182592 67 56 55
19.443462371826172 -7.537950038909912 80.87596130371094 -0.1776165437638269 0.9149434858673515 0.3623958899467435 92 80 54
2.1371517181396484 0.3446972668170929 23.919954299926758 -0.0630333704463431 0.5749423094226596 -0.8157623030306758 106 92 79
7.140324115753174 -1.3205164670944214 50.28691101074219 0.31501334252409596 -0.9315753839262472 -0.18147699053726252 116 100 75
0.6780591607093811 -10.224346160888672 80.5480728149414 -0.15636391860045487 0.8743409083487779 0.4594325858575378 129 116 81
7.360236167907715 8.36864948272705 29.178232192993164 -0.043404244827260755 -0.7594961491810727 -0.6490621471863055 146 151 97
2.94389271736145 7.5162129402160645 26.00069236755371 -0.5692371937919026 0.35023246591173535 -0.7438455733721249 181 162 163
-9.376197814941406 3.862184762954712 35.64582824707031 -0.18588512043308522 0.8446918376742654 0.501938662954001 142 130 90
-26.329519271850586 -4.4200334548950195 51.436031341552734 -0.023785135554010434 -0.9159160942692791 -0.40066441766793587 135 129 97
-6.964886665344238 -2.4860739707946777 49.21493911743164 -0.1887877940551108 -0.8291573619973192 -0.5261722511321276 142 127 106
-7.864320755004883 3.858090400695801 35.98456954956055 0.06733130217147641 -0.874960732962152 -0.47948953223425694 143 135 112
8.5892333984375 7.168191432952881 31.52396011352539 -0.07859082757456173 0.9362768693871352 0.3423581540897944 146 127 111
30.108821868896484 9.710339546203613 38.96971893310547 0.2797202208673917 -0.8542852497026804 -0.43812476553868274 54 47 37
5.339375972747803 8.337753295898438 29.07569694519043 0.08738648628381541 0.9640621233035412 0.2508940502013471 131 118 99
43.98880386352539 9.27111530303955 43.11160659790039 0.25648062821042256 -0.7952253606275702 -0.5493944968486103 50 42 39
-8.08471965789795 8.494706153869629 28.063762664794922 -0.016047842589278664 -0.8678971022936213 -0.49648472945153616 156 149 121
10.745244026184082 8.35067081451416 30.165990829467773 0.1448661011582552 -0.8140031501417718 -0.5625057193437935 80 75 35
0.21836747229099274 5.217361927032471 34.39828109741211 0.05148999359503347 -0.8703102275149461 -0.4898049493854324 114 102 78
19.865245819091797 7.650149822235107 36.170249938964844 0.17197537090838766 -0.8027828305980622 -0.5709327444611018 62 52 50
-8.221917152404785 -12.333967208862305 83.48823547363281 -0.07440035682244683 0.8787530167902311 0.47144217289797097 143 137 103
-7.1487507820129395 7.075626850128174 30.43107795715332 -0.0509908993295125 -0.7864462085919325 -0.6155503953186467 117 108 67
-3.6836836338043213 7.189652919769287 30.710718154907227 0.06837233586143203 -0.8330474549810765 -0.5489600727178646 105 97 51
29.369409561157227 -14.345879554748535 109.34310150146484 -0.13601061770723682 0.8677026793396808 0.47811418315882886 160 144 112
-16.454479217529297 4.517390251159668 33.85693359375 0.06600036921885045 -0.8701511800645041 -0.48834503693119147 133 128 94
19.30873680114746 6.628238201141357 38.61820602416992 0.13328238415969995 -0.8945784284326185 -0.4265738405665926 63 53 42
-5.9687604904174805 -1.4839768409729004 47.10533142089844 0.05977701629975608 -0.92219792733713 -0.3820702698946884 133 117 101
-7.266251564025879 5.511460781097412 33.565330505371094 -0.23113266611209007 0.8180081086905293 0.5267261383038245 138 126 88
-1.0745960474014282 4.172723770141602 35.71535110473633 0.1367104349584875 -0.8744173565509746 -0.4655153526317544 183 164 150
-12.995304107666016 -2.2290985584259033 47.246360778808594 -0.00928849619694205 -0.8186477108450698 -0.5742209064171443 125 119 97
4.166769981384277 4.905834197998047 35.541770935058594 -0.02774473641583485 -0.8549217263583168 -0.5180145474807933 107 92 59
14.14445686340332 -10.35860538482666 83.96613311767578 0.13347224982527472 -0.9346066983229919 -0.32968997251414134 132 121 89
14.151079177856445 6.331339359283447 35.90070343017578 0.13876045825392289 -0.8749419588096832 -0.4639203637904196 69 56 40
29.303993225097656 6.245996475219727 46.9274787902832 0.2826303105194346 -0.9278264361448477 -0.24343009667343649 69 62 54
2.6967506408691406 -0.5214995741844177 46.094032287597656 -0.08234669764424912 -0.9186926331378079 -0.3862937576578313 105 87 73
31.793851852416992 3.2599871158599854 57.21092987060547 -0.014727580516855977 0.9631484647869044 0.268566813196919 74 60 51
27.610952377319336 3.148078441619873 55.703338623046875 0.3575685458692417 -0.9185912854045573 -0.1683293954832594 102 89 73
5.200981616973877 5.16776704788208 34.54997253417969 0.11382859670139542 -0.8384334612224595 -0.5329844103494185 118 102 68
-9.30555534362793 2.0929598808288574 38.70001220703125 -0.16835779498182965 0.9754928859885222 0.14166609423090637 134 120 91
20.339216232299805 0.0779753103852272 60.067317962646484 -0.10744146819047708 0.9553487021943556 0.2752547694929818 125 113 91
11.452522277832031 4.101524829864502 39.285091400146484 0.21342527041250087 -0.8027266630954405 -0.5568478771666544 101 87 58
9.70155143737793 8.013483047485352 31.046188354492188 -0.001231574384662564 0.9113245302375921 0.4116868759284992 78 78 25
22.76789093017578 10.328941345214844 33.06344223022461 0.2759575461832615 -0.7372162617904563 -0.6167330184579214 56 47 40
26.187320709228516 7.304042339324951 40.436744689941406 0.451398892419811 -0.7865349703914783 -0.42142826230978464 66 50 50
-5.039048671722412 0.14057020843029022 43.174739837646484 -0.0014410798507797967 -0.9429542582326813 -0.33291919465497527 166 144 131
-2.54349422454834 5.388346195220947 33.78090286254883 0.08283556623460658 -0.8236016566977202 -0.5610869630024948 126 111 90
-4.391218185424805 7.285931587219238 30.285585403442383 0.09757244678455336 -0.8667070350493699 -0.48918149292916413 105 94 53
-14.76235580444336 -5.561473846435547 55.530860900878906 0.06986059598296576 -0.9430579982381257 -0.3252093311822468 152 146 110
-15.279851913452148 -6.001560211181641 57.14779281616211 0.010936246412720708 -0.9345437780015593 -0.3556800887215543 129 123 89
2.198639154434204 3.541498899459839 25.24569320678711 -0.8010301574225543 0.44068907450089206 -0.4051466728422504 52 35 38
-0.6030622720718384 3.7267539501190186 36.8079948425293 0.005455576820635563 -0.7612649159209975 -0.648418047612303 96 79 51
12.588676452636719 2.131312847137451 44.13709259033203 0.25586868043835315 -0.8740786021436185 -0.412938028819573 85 73 51
18.200345993041992 6.802633285522461 37.00262451171875 0.18400632814173154 -0.9353751317560632 -0.30201826781856006 117 105 93
-10.376867294311523 -10.169670104980469 79.03854370117188 -0.049095725618113296 0.8844526482136168 0.46404000128647477 149 138 108
-10.474298477172852 0.24820397794246674 42.2112922668457 0.05980206697582009 -0.8854362994877187 -0.4608972470463613 119 106 72
9.59202766418457 4.24204683303833 37.547054290771484 0.22538598492412926 -0.9104708802741721 -0.34676207112738516 100 86 59
-2.7588584423065186 7.458963871002197 30.182209014892578 0.011559400162067884 -0.8730927585689178 -0.4874170854641949 131 120 74
41.91399383544922 11.225720405578613 42.2274055480957 -0.11058313360925716 0.9031705501770658 0.41479431993942845 63 59 48
-16.355283737182617 -6.562106132507324 58.015010833740234 -0.04283231822651167 -0.9176590942779921 -0.3950533877898506 123 119 84
-12.931185722351074 7.679914951324463 29.692960739135742 -0.04298666487203105 -0.8802665174479501 -0.4725283112187428 146 135 103
-35.44229507446289 -14.584632873535156 86.3436508178711 -0.013826714473141606 0.9181192192446964 0.39606302682829075 124 118 86
1.6047815084457397 5.560952186584473 26.76963996887207 -0.7438938333867051 -0.4571793452759378 -0.48745154723551537 180 164 164
20.990432739257812 6.181617736816406 40.29739761352539 -0.09917753165203327 0.9194837644146263 0.3804121767153598 63 48 41
-13.116276741027832 -5.002319812774658 54.20199203491211 0.013137478659008378 -0.9482896857949835 -0.3171341647778363 160 150 114
-4.380674839019775 6.338454246520996 32.00798416137695 -0.10195709519098284 -0.8778938466201006 -0.46787513805157505 119 109 74
3.741746664047241 5.296311378479004 26.786651611328125 0.7421105820492766 -0.5696282827390009 -0.3532640705114238 162 142 135
-17.412139892578125 -1.4993096590042114 45.22639465332031 0.05806916257808245 -0.9393360680892892 -0.3380469250622383 82 76 54
12.377883911132812 -1.4826107025146484 55.00444030761719 0.5168788740611521 -0.7044447640052786 -0.48640909121317155 120 103 73
-5.5679240226745605 6.15062952041626 32.400001525878906 0.027463272219460606 -0.8441623869375265 -0.5353836317622507 117 106 103
-11.139225006103516 1.3564695119857788 39.73325729370117 0.015541212620737922 -0.9034261816799893 -0.42846190608429996 101 91 55
-9.280287742614746 5.575672626495361 32.70777893066406 -0.1557142867552824 0.9044301576266535 0.39718906187824493 159 161 88
-4.847110748291016 7.334751605987549 30.047515869140625 0.12878182154103085 -0.6603832550156086 -0.7398034867014105 116 111 73
-12.249995231628418 6.78183650970459 30.352619171142578 -0.002494800468553591 -0.8370812096337039 -0.5470729608094311 105 94 64
27.2445125579834 8.407966613769531 39.08351516723633 0.40852691616191245 -0.7413653899947721 -0.5324313263596889 36 32 21
-30.014331817626953 -10.658738136291504 78.19340515136719 0.04395772149147057 -0.9681338237811102 -0.24654536696568485 116 110 76
3.380929946899414 0.6800211071968079 43.56660079956055 -0.32940365026249446 -0.8998924988375916 -0.28580889721906777 124 106 86
3.1894783973693848 5.208730220794678 34.87322998046875 0.11955069011872752 -0.8592155745416581 -0.49744972505488827 131 117 82
0.12820027768611908 8.119781494140625 29.38825798034668 0.2064467063575584 -0.8808793618871621 -0.4259475404734515 125 116 80
-9.519001960754395 6.9965338706970215 30.350908279418945 0.14716817177508537 -0.8404330330136753 -0.521549466719901 107 101 65
-23.927255630493164 -3.6992239952087402 50.21641159057617 -0.07641896072974538 -0.8379375216645178 -0.5403895374891254 83 78 49
22.328886032104492 -0.4756017029285431 62.68567657470703 -0.0644500496252251 0.9638687370240987 0.25846324475807914 122 110 85
-19.707992553710938 -0.6585331559181213 43.02961730957031 -0.11317121911924155 -0.8869553531982864 -0.4477750290000182 134 129 99
-12.708392143249512 2.9573659896850586 36.76408386230469 -0.022382142465748343 -0.8192326354158318 -0.5730243701347034 144 138 102
18.512001037597656 -5.226014614105225 74.57798767089844 -0.25167294841209764 0.8913138655304448 0.37712109481005907 97 84 51
24.829601287841797 10.777586936950684 33.789756774902344 0.45321415145682264 -0.6859195067216711 -0.5693077930416652 60 47 45
12.499114036560059 6.955883502960205 33.89946365356445 0.13867787106472218 -0.9274661848673036 -0.34723900127238744 105 101 66
-31.014244079589844 -13.71911334991455 85.37283325195312 0.009830251076925412 0.9009559027813615 0.4337992939219547 140 135 103
-7.503684997558594 6.065896987915039 32.466182708740234 0.17172339616631166 -0.8123678481572741 -0.557287676599284 126 115 70
21.815853118896484 0.6509027481079102 57.49995803833008 0.31102694110705087 -0.8787346408307576 -0.36206031667338356 117 103 64
3.6857306957244873 5.986996650695801 25.889915466308594 0.5694592642622742 0.150397914158418 -0.8081439313406161 0 0 0
22.484249114990234 9.680680274963379 33.7694206237793 0.14948679925975353 -0.7768944464237704 -0.6116279228117186 55 44 42
31.235692977905273 12.49637222290039 36.047218322753906 -0.09555229320403069 0.8401227533648179 0.5339133998526053 68 60 58
-8.527538299560547 2.722710132598877 37.40263748168945 -0.0009109116353965741 -0.879295213846261 -0.4762762823688059 106 93 64
-5.2478485107421875 3.917620897293091 36.27756881713867 0.1787455499854012 -0.8539278964901473 -0.4887301668163412 122 109 92
-31.970237731933594 -12.858781814575195 83.5535659790039 -0.043366366997047656 0.8697841971623738 0.49152294817239395 145 136 105
24.130186080932617 6.536648273468018 39.790279388427734 0.21553245755737788 -0.9161646316514489 -0.3379173381912252 58 47 41
25.196653366088867 6.528708457946777 39.68288803100586 0.3562918948217815 -0.8504373021728695 -0.3870561726122411 65 49 49
-9.922542572021484 -5.602023601531982 56.26605224609375 0.10499897456271974 -0.9502125771652433 -0.29337906117813495 142 134 97
-6.546535491943359 5.093105316162109 34.09687042236328 0.13016441485688993 -0.788738639863692 -0.6007899658707164 81 66 45
-3.352487802505493 4.476894378662109 35.40265655517578 -0.007362780911316349 -0.9067874120925394 -0.42152387681810705 101 84 64
-11.218475341796875 -1.7550196647644043 46.181556701660156 0.028456282186170596 -0.9192701259750168 -0.3925973452457591 97 90 73
-11.683801651000977 -0.32382166385650635 43.22669219970703 0.038087479410398264 -0.931991345657192 -0.3604739595758042 156 149 116
-9.162914276123047 1.230165719985962 40.838531494140625 0.11154291025147002 -0.8068228799736544 -0.5801680959201824 152 141 147
-7.401451587677002 -6.110573768615723 59.24829864501953 0.07464750613940804 -0.9890195398802261 -0.12754646040668088 165 154 122
-11.209016799926758 0.1499529629945755 42.17180633544922 -0.020910480559098728 -0.8875731306208334 -0.4601920138406577 98 87 55
8.997035026550293 -0.2337922751903534 49.691078186035156 0.3068571556997749 -0.9128189401336958 -0.2694443700080613 97 82 53
-4.930794715881348 6.990115165710449 30.71080780029297 0.013693958744217137 -0.8073907883057191 -0.5898581104409614 131 119 81
-18.871816635131836 -0.17195968329906464 42.20214080810547 -0.08867013475048506 -0.8112389672646995 -0.5779523727736003 84 77 51
-2.4978296756744385 7.368193626403809 30.34242057800293 -0.04025877648697732 -0.8915698002185155 -0.4510903703850129 113 105 59
13.678109169006348 8.281014442443848 32.0145378112793 0.16741877776340044 -0.787233479707413 -0.5934933877306193 102 97 68
28.11849594116211 11.439473152160645 35.31880187988281 0.3075960479238141 -0.7651858925663628 -0.5655751242046179 53 43 44
16.811790466308594 2.859172821044922 45.18814468383789 0.10374513413705753 -0.9419553104624006 -0.3193072818376791 132 129 74
28.072866439819336 11.478290557861328 35.354095458984375 0.3075960479238141 -0.7651858925663628 -0.5655751242046179 61 50 49
0.9786216616630554 7.756623268127441 29.97153663635254 0.00040972260275095256 -0.8620727481074262 -0.5067843812687001 32 33 19
11.570300102233887 -8.347079277038574 79.10572814941406 -0.10195215566600298 0.8235054608886354 0.5580721403561116 117 103 76
1.2331678867340088 1.3192471265792847 41.66163635253906 0.03470309549322287 -0.9127119368104715 -0.40712727195173987 103 83 56
3.010023832321167 2.397865056991577 40.3431510925293 -0.1122354443748302 -0.9309876498684004 -0.3473689692797794 121 100 79
-4.744465351104736 1.6044468879699707 40.165130615234375 0.07685524710469979 -0.8518324441384565 -0.5181454989726131 90 77 58
9.304035186767578 -3.7868869304656982 60.30842590332031 0.09522999227990678 0.9277978482572491 0.3607248277282666 116 102 73
10.877439498901367 3.2841362953186035 40.66587829589844 0.2617526254372101 -0.9128625433566017 -0.31331699604912 126 108 94
8.549742698669434 6.679300308227539 28.745075225830078 -0.2740924470838589 0.5943280972754735 -0.7560737022542822 110 109 65
-1.50484299659729 -1.1528500318527222 47.03530502319336 0.11791255698644641 -0.9133174683845492 -0.38980486252554153 124 113 81
3.098106861114502 4.618405342102051 35.554771423339844 -0.04514162902338671 -0.8691271656956792 -0.49252431734779345 149 144 78
-3.289950370788574 -3.470693826675415 53.3366813659668 0.3056883404445526 -0.9040774580144397 -0.29866132730302514 102 86 70
11.161212921142578 6.079314231872559 35.03201675415039 0.2563590022281865 -0.8903073503976333 -0.37634144577034584 92 86 54
-16.849943161010742 4.128021240234375 34.602691650390625 0.05452988929379624 -0.9142973763132723 -0.4013561994541422 151 142 111
-23.738908767700195 -17.17144203186035 93.39204406738281 -0.03699073452286876 0.9203220611047082 0.3894085122380362 140 135 105
-19.561767578125 -13.817334175109863 85.93328857421875 -0.009607535793352613 0.9099660611748864 0.41457142058497265 168 159 128
6.995311260223389 1.9741871356964111 40.65740966796875 0.1294925398150841 -0.8777436786574301 -0.4613000289498805 109 89 61
-8.351179122924805 -1.6975361108779907 47.459659576416016 0.06376795499142372 -0.9635534538534849 -0.25980452167588053 130 114 92
7.118867874145508 5.879823684692383 33.433448791503906 0.024528523697177836 -0.8596481108272178 -0.510297439809796 124 112 70
-4.422502517700195 7.428885459899902 30.049606323242188 0.23260273431185413 -0.8327976960104667 -0.5023384969423579 123 114 73
2.5409538745880127 2.7712368965148926 24.8397274017334 -0.1590092675290065 -0.14951013936041616 -0.9758907577533037 180 165 160
-12.198686599731445 -2.879701852798462 48.039859771728516 0.09954428598981716 -0.917963585994748 -0.38397107952870674 127 122 93
-9.967276573181152 0.16417311131954193 43.76993179321289 -0.22600657973359736 -0.6098640139432251 -0.759596544498577 146 135 103
2.4176082611083984 6.166008949279785 25.720951080322266 -0.7495579872140867 0.0716806206173416 -0.6580461324492984 154 138 139
-2.268880605697632 3.4564995765686035 37.25729751586914 0.021877106226743128 -0.8980778189048261 -0.4392921845586321 103 85 65
2.5187838077545166 4.67825984954834 35.62849807739258 -0.06180254301252682 -0.8944731868360235 -0.4428297231539375 126 112 73
13.664897918701172 8.283860206604004 31.986528396606445 0.1003008582595035 -0.8498662923913686 -0.517365463564544 80 74 50
-11.244084358215332 5.04915189743042 33.617122650146484 0.07005579386155573 -0.7516930019309442 -0.6557818361272846 99 93 59
-10.133702278137207 -0.47614532709121704 43.37950897216797 -0.15349368812909558 -0.513223608868425 -0.844417678050737 105 94 64
-1.817906379699707 2.5664830207824707 38.63058853149414 0.07417516048279375 -0.8499887550879215 -0.5215526452731661 152 128 118
-9.569526672363281 2.025801658630371 38.81200408935547 0.02473314424725406 -0.9212123449148379 -0.3882732119940161 147 135 99
-2.6573827266693115 5.076018810272217 34.23802185058594 0.034342623603618894 -0.8692672838555177 -0.49314802384524603 144 135 104
-5.2990031242370605 8.664369583129883 27.670272827148438 0.050255174475034095 0.963985674340453 0.2611628555228813 123 119 72
9.709955215454102 6.107443332672119 34.15349578857422 0.26583032877903806 -0.8596300248477335 -0.4363146303775675 98 92 57
11.988149642944336 3.507767677307129 40.41497039794922 0.33727322257313536 -0.8329210390735824 -0.4387360436569071 107 93 66
7.1099534034729 6.607827186584473 32.131717681884766 0.04531103897171078 -0.8538776915311043 -0.5184976351467924 133 127 75
2.884910821914673 0.8893153071403503 43.09864044189453 -0.6121301168143433 -0.715522690736035 -0.33663630096993835 84 65 50
1.3580588102340698 0.897049069404602 42.48020553588867 0.17915656830949211 -0.9199524756102752 -0.3486981024469336 114 92 71
40.13111114501953 9.9480562210083 44.20942687988281 0.22903633385911817 -0.92387137977212 -0.30660076876996534 57 53 44
-13.461137771606445 -1.1491791009902954 44.7952766418457 0.011811987144351279 -0.9334383831035651 -0.35854324970455614 124 118 88
-10.701478958129883 8.013978004455566 28.420764923095703 0.16895134428177142 -0.7651725868043087 -0.6212619058566087 133 118 89
-22.252452850341797 -11.472977638244629 80.44947052001953 -0.0792777399920253 0.926463569086646 0.3679406135465213 166 155 123
19.825355529785156 2.6395111083984375 47.85243225097656 0.12363854753351283 -0.9716384024610929 -0.20157461255490078 145 139 101
-11.055952072143555 4.225320339202881 34.91688537597656 0.11836138262815676 -0.819769475081422 -0.5603290023076453 108 105 61
-8.747562408447266 5.893559455871582 32.06557846069336 -0.2447115677820928 -0.5829467398461788 -0.7747834194769152 130 127 86
7.093085289001465 -7.260976791381836 75.34622192382812 -0.033664660295769686 0.94079644881623 0.33729620890537915 149 138 108
1.4037277698516846 8.019957542419434 29.39797019958496 0.4195078867106913 -0.7274462977030995 -0.5429871241066252 64 52 53
-4.07354211807251 7.870343208312988 29.19754981994629 0.2350057018188568 -0.818828045965689 -0.5237298456767938 162 150 110
-20.29899024963379 -3.943337917327881 51.457088470458984 -0.012371533639925575 -0.9276727779817378 -0.37318917742485724 68 65 49
38.05653381347656 -9.879124641418457 103.68561553955078 -0.21327325628727972 0.8907238945618735 0.40140436197075424 129 115 88
-9.395804405212402 4.251491069793701 35.39744567871094 -0.15763466239592255 0.8976309334255207 0.41159448559103945 129 117 79
-4.227861404418945 5.418482303619385 32.9202880859375 -0.04061913091092069 -0.910056893253149 -0.4124882267974058 169 151 128
5.10849666595459 -1.809546947479248 51.42772674560547 0.1368644057123921 -0.9801162739854541 -0.14366705926503726 149 135 101
5.515134334564209 7.714770317077637 30.178682327270508 -0.10333184381976047 -0.8178647795298093 -0.5660562979576013 141 125 109
1.3883024454116821 -13.479361534118652 85.93885803222656 -0.0666558197126365 0.9046050193747259 0.4210068415364381 165 154 122
-12.632784843444824 7.244467735290527 29.72229766845703 -0.069059058470919 -0.8365091486126643 -0.5435837476695065 105 99 63
20.438631057739258 9.960545539855957 32.538818359375 0.24493429384168086 -0.7879659856542349 -0.5649042371519507 31 26 23
-11.368539810180664 -5.641414642333984 55.87618637084961 0.07543892124510936 -0.9541111535500321 -0.2897945407229084 155 151 113
9.226543426513672 5.766849994659424 34.33843231201172 0.2548346136751492 -0.8598922230513186 -0.4423174023355836 109 94 65
2.8704276084899902 6.6400909423828125 25.60699462890625 0.09064886997091631 0.33048476093729096 -0.9394480321769894 160 145 138
-17.848939895629883 1.1690022945404053 40.36509704589844 0.058971792217614005 -0.8554937335999357 -0.5144441655747354 83 76 48
-7.49747371673584 2.106346607208252 38.461509704589844 0.10850221776638594 -0.9283335948779069 -0.35556153526617257 127 116 86
-5.655514240264893 -1.9718828201293945 47.71391677856445 -0.3428538928901092 0.8549066485140532 0.38934025023951196 104 87 67
-13.614704132080078 -11.173213958740234 79.4863052368164 -0.0024375637748336038 0.9146725616500215 0.4041882769792211 162 151 119
20.262662887573242 9.907325744628906 32.04018020629883 0.2590506436979031 -0.8165026426167609 -0.5159614313100818 69 59 58
-8.22208309173584 5.11875581741333 33.522621154785156 0.006557507596049821 -0.778830813531608 -0.6271997791675485 161 149 116
-8.570690155029297 6.253511428833008 31.682212829589844 0.10408202405380503 -0.8139934311203023 -0.5714732070376184 157 150 104
3.868036985397339 5.133382797241211 26.231042861938477 0.9132396743232609 -0.22584965285902245 -0.33909472355877646 149 137 87
19.18561553955078 7.92347526550293 35.03755187988281 0.2585579074335512 -0.9168698919649313 -0.30413386807752824 48 37 34
-14.7586669921875 6.306214332580566 30.527021408081055 -0.16958801318914005 0.8721863180206954 0.4588364985918852 87 81 47
14.23484992980957 8.78292179107666 31.475975036621094 0.18212434177687017 -0.8544499461670221 -0.48656552860587576 65 62 30
1.6324740648269653 5.919014930725098 26.64410400390625 -0.7982847720543881 -0.04687166194522441 -0.6004535535847599 105 90 95
-0.6190297603607178 4.180567264556885 36.099205017089844 0.01273779591318262 -0.8009613829207788 -0.5985804971972506 169 145 135
-8.487232208251953 7.40421724319458 29.955463409423828 -0.03873192037870132 -0.8790172379031501 -0.47521419782335467 99 88 56
-7.296435832977295 0.4227583408355713 41.82468795776367 0.20489058100199425 -0.8751083296257144 -0.4384122047073476 142 128 102
29.979169845581055 -2.0906710624694824 73.47754669189453 0.23461845574952048 -0.9166611654032635 -0.3235529138537337 89 72 66
-11.907048225402832 4.5757975578308105 34.32299041748047 0.02039688113998788 -0.8187642408215456 -0.5737674487034613 95 85 50
33.002323150634766 8.128408432006836 44.541297912597656 0.2655993411727845 -0.8589531452170163 -0.4377858886377868 47 45 32
-10.025919914245605 4.909907341003418 33.84737777709961 0.04128671664082103 -0.8312211861166776 -0.5544066619186712 137 126 96
29.024658203125 13.615479469299316 32.79304122924805 -0.07755317863743627 0.7622829415615812 0.6425809065693229 49 41 39
15.98019027709961 7.518270492553711 34.765010833740234 0.16271741975939755 -0.7703453238275516 -0.6165153066744317 48 43 15
22.744768142700195 5.710008144378662 40.765052795410156 -0.07347179803609165 0.9544291147989103 0.2892524152319425 51 44 36
-11.485764503479004 0.629064679145813 41.22489929199219 0.05184944535826827 -0.8493765867045336 -0.5252342800828937 95 84 52
1.4882937669754028 7.302544116973877 27.809057235717773 -0.9162879968204477 0.2915246037992045 -0.2746447018649527 58 54 45
-36.25558090209961 -11.742790222167969 79.15308380126953 -0.02896359764662002 0.9385530882360084 0.3439174473242321 120 115 83
34.630836486816406 3.111513376235962 58.18025588989258 0.02221586812473622 0.9111550856730766 0.41146429377961 49 42 36
3.1233127117156982 5.36416482925415 25.690881729125977 0.2937482817287007 0.2598235158813079 -0.9198933022783196 168 142 140
-9.054254531860352 -5.4815568923950195 56.59627914428711 0.11457374166883562 -0.9307003922762259 -0.3473753553965534 133 129 91
-15.495150566101074 2.714031457901001 37.57069778442383 -0.03622467892594144 -0.8512003550017587 -0.5235892744142037 106 99 70
26.91927146911621 4.774049282073975 49.23176574707031 0.23338587208459904 -0.9165506127738865 -0.32475530624629423 89 81 58
5.531572341918945 7.207001686096191 30.47451400756836 0.09659550851499478 -0.7680181152722052 -0.6331014787128988 134 126 93
-1.5811229944229126 0.17134714126586914 43.88274002075195 0.14891617593382084 -0.8950274099613669 -0.4204163507323371 90 73 53
-0.05267646536231041 3.8957066535949707 36.60451126098633 0.07869161244577887 -0.837185779237097 -0.5412278643730919 133 131 70
-23.443321228027344 -8.24769115447998 65.60508728027344 0.008540708138233304 -0.9831876906953323 -0.18239797468633542 119 116 75
-0.7349405884742737 5.969546318054199 32.88640594482422 0.1770877693394087 -0.8367487389656165 -0.5181616251613417 130 119 91
2.75344181060791 4.638183116912842 35.8187255859375 -0.030675518181360856 -0.8843561058082775 -0.4658039187296771 114 99 66
9.867949485778809 9.689181327819824 28.065824508666992 0.1076914033205783 -0.8945506033557614 -0.4337992389189817 86 76 61
-19.50359535217285 1.794769287109375 39.13618469238281 0.003269495022798697 -0.8832119463038137 -0.46896265129381554 97 92 63
11.360329627990723 2.4905641078948975 42.48853302001953 0.2629450692680313 -0.8761780142858275 -0.40394551344181934 126 107 92
4.542435646057129 -14.264925956726074 93.87337493896484 0.14658734505489823 -0.968760481668149 -0.2000381949225024 143 131 105
-1.0250797271728516 3.584230661392212 36.925289154052734 -0.20225340275756812 -0.8238527717106933 -0.5294904830283486 176 154 143
-5.047520160675049 4.60837984085083 34.864166259765625 0.10215300931224312 -0.843705068456022 -0.5269976471959547 177 159 157
10.678180694580078 4.009730815887451 39.009315490722656 0.3016618709201726 -0.8219264866761328 -0.4831531497705155 88 74 48
-9.784332275390625 8.58326244354248 27.820940017700195 0.16702631474675847 -0.7696467903445818 -0.6162353676107853 99 85 67
12.487517356872559 1.913143515586853 45.027992248535156 0.25963849144698425 -0.9420277332273393 -0.212536123023111 97 81 58
2.3646514415740967 6.465110778808594 26.111116409301758 -0.7730562654941746 0.37617983186732773 -0.5107570307655777 111 96 101
-7.37896728515625 1.6479156017303467 39.59966278076172 0.1389929547399107 -0.853382452054019 -0.5024135239610281 84 69 48
15.601155281066895 6.23997688293457 36.37204360961914 0.1150604887977564 -0.9379572641165634 -0.3271043481957902 84 68 55
3.2196974754333496 -3.7906579971313477 59.63456726074219 -0.8413615213526234 0.4070658998882577 0.3555392292495468 87 75 51
22.04962730407715 7.485766887664795 37.09447479248047 0.20072666220087354 -0.8983585202122707 -0.3907182824538874 83 77 52
-20.035612106323242 2.140214204788208 38.46086883544922 0.01668896571388127 -0.9107899627238286 -0.41253257110793984 82 77 47
-0.5734154582023621 6.76111364364624 32.20029067993164 0.059173094016366654 0.9697491711709243 -0.23682290843124898 53 46 25
13.196860313415527 6.082244873046875 35.989662170410156 0.30751171367094643 -0.8480269900413772 -0.4316095111515968 94 85 70
16.24258041381836 8.887557029724121 31.4527645111084 0.1656508609077563 -0.867040234638751 -0.46989469437108883 66 52 51
19.45659828186035 11.479303359985352 29.814802169799805 0.29145732946395725 -0.7584327905524986 -0.5829513936139858 60 46 45
-8.223098754882812 -2.6635324954986572 49.15850067138672 0.009486457638600785 -0.9013671565084969 -0.43295179441741355 84 70 57
13.42703628540039 4.825575828552246 38.88520050048828 0.20854338968155875 -0.8283810183775479 -0.5198985891612927 74 69 40
-2.9934985637664795 -0.5602592825889587 45.03120040893555 0.08214432545881445 -0.8860939913255007 -0.45616855254583283 130 116 90
13.324798583984375 9.107406616210938 30.267675399780273 0.18865988293093902 -0.7430910133573843 -0.642046099933626 57 49 28
16.571247100830078 9.701260566711426 31.05617332458496 0.22471850318145906 -0.8091763466562129 -0.5428952333001172 45 36 31
10.379335403442383 6.10922384262085 34.4139518737793 0.08997348700701785 -0.9105821042565381 -0.4034166618318254 94 82 56
2.5287907123565674 7.290561676025391 26.302860260009766 -0.7619475799936815 0.2763164055503464 -0.5857346919600279 61 52 57
-14.4749755859375 6.940901279449463 29.551286697387695 -0.23556167948215712 0.8752828594410299 0.4223631270935944 136 127 95
-0.6636873483657837 3.2697935104370117 37.55179977416992 -0.061845645212701424 -0.9077920346039025 -0.41483579652427754 139 130 87
-4.3992791175842285 -2.1035330295562744 48.401039123535156 -0.00552602903466224 -0.9260540167382042 -0.3773505281381563 106 89 69
3.1564486026763916 0.6990026235580444 24.545230865478516 0.49090271533183805 0.17936512096123272 -0.8525506890868083 100 84 61
6.985024929046631 -7.225210189819336 74.99269104003906 -0.04911826171865737 0.9499905267467303 0.30839162676247667 152 141 109
4.550389766693115 1.5113210678100586 40.90481185913086 0.1583014348344151 -0.8332423377922299 -0.5297620807871257 106 89 59
-17.248043060302734 0.7160477042198181 41.39350128173828 0.07287121968798946 -0.8606990222773173 -0.5038719861155758 106 99 71
-7.293704986572266 8.047016143798828 29.10500144958496 -0.0601667667728916 -0.9061906694594576 -0.41856711619609704 129 117 77
16.778886795043945 8.828843116760254 32.61930847167969 0.07658278804986238 -0.8675479168726102 -0.4914221082781122 93 82 78
1.26116943359375 6.975781440734863 31.352514266967773 -0.030504916963429232 -0.9194268482307224 -0.39207616708182436 165 156 113
-0.5613492727279663 6.458404064178467 30.645952224731445 -0.020199897269233224 -0.9442299789247298 -0.32866656515398235 86 79 61
6.963536262512207 -0.49786412715911865 48.73576736450195 0.13847400747972505 -0.9226693637164556 -0.35986969101547917 159 147 107
-10.890547752380371 1.6136144399642944 39.69707107543945 0.07246223562834822 -0.8724595554067684 -0.48328412821772415 124 113 81
2.2020106315612793 -4.961534023284912 59.48491668701172 -0.3001207940146646 0.7826089573385234 0.5453904371122729 138 125 94
-12.391108512878418 2.418999195098877 38.19331359863281 -0.043212763495098595 -0.8944939015275264 -0.4449868730661393 124 114 79
13.719922065734863 8.832670211791992 31.347064971923828 0.11258403786903985 -0.8299608461279937 -0.5463422263669606 61 54 36
0.41086721420288086 7.174093246459961 30.754684448242188 0.07713328118863241 -0.9202179318165042 -0.38373091469991116 71 66 39
13.385963439941406 7.5680832862854 32.38866424560547 -0.05994096697498907 0.9440782053803212 0.3242274242009383 82 75 49
-6.000516891479492 3.80690860748291 36.078739166259766 0.10598750676248107 -0.8680154821482565 -0.4850935694906731 138 125 109
-1.305364727973938 -3.4691574573516846 55.1807861328125 -0.2553120430192213 0.7221237174917433 0.6429254212778152 62 53 20
13.681930541992188 -16.86102294921875 109.13834381103516 -0.19275348705453765 0.8852923333955984 0.4232063062612524 122 103 86
5.13366174697876 -4.477060317993164 61.343650817871094 -0.19403582736249647 0.684226874663806 0.702981992434765 241 228 217
-9.902949333190918 4.675897121429443 34.025848388671875 -0.04774019097739642 -0.7922040608518727 -0.6083860617529334 129 116 84
3.7710816860198975 3.9983341693878174 36.64397048950195 -0.04419733827271977 -0.8673994567266529 -0.4956458188665703 99 86 43
15.942293167114258 5.624120712280273 37.62550354003906 0.17407161893292164 -0.809152554788641 -0.5612229633230336 72 56 41
4.426938056945801 7.392176151275635 27.208833694458008 0.6752011619987496 0.2524228263524814 -0.6930989161524946 198 177 174
-11.153899192810059 3.472790479660034 36.32316589355469 0.01160419958823073 -0.8601937725927612 -0.5098352833460524 124 119 77
5.869931221008301 -3.127443313598633 60.93046188354492 0.048868499868577484 0.8434709724925871 0.5349472761712168 115 102 70
9.605287551879883 5.718300819396973 34.814029693603516 0.3447000538386836 -0.9163545019863368 -0.2036573091567813 128 115 84
30.99186134338379 11.047279357910156 36.776920318603516 0.24241619996134878 -0.8059011912646359 -0.5401459579729722 60 49 46
25.800106048583984 13.15900707244873 31.578638076782227 0.3574394962431574 -0.7660664945982578 -0.5342088845941962 60 49 45
-2.8058743476867676 -1.1235934495925903 46.29171371459961 -0.03857249973060036 -0.8883890754710722 -0.4574680457126885 113 102 72
17.896926879882812 7.695039749145508 33.77646255493164 0.35680667355089507 -0.8249273761587205 -0.4383877527639591 57 46 40
13.654260635375977 4.868913173675537 38.50637435913086 0.1583669070317242 -0.8655260286181533 -0.4751679877071818 73 61 40
23.541255950927734 9.354094505310059 34.720951080322266 0.38877626607748444 -0.7908143488970679 -0.47272156764141354 52 40 40
-1.9317744970321655 7.859002113342285 29.607316970825195 -0.14986503374683488 -0.8311453771184141 -0.5354790693899708 130 117 75
-14.294366836547852 5.796685218811035 31.986215591430664 -0.11788993209615659 -0.8213836090766664 -0.5580599704785799 138 132 100
-12.81593132019043 7.458668231964111 28.747596740722656 -0.18504240039740646 0.9008301387975937 0.3927650329256346 86 77 46
-9.333938598632812 2.0864789485931396 38.85467529296875 0.09928219064071468 -0.9378288224134474 -0.3325960710414169 127 114 82
-11.209480285644531 3.1865122318267822 37.121482849121094 -0.02045575745533856 -0.8453919077271075 -0.5337547042757099 127 115 75
19.26702308654785 11.79294204711914 29.91267204284668 0.40298261076559716 -0.7470581921345864 -0.5286861762758194 58 47 41
-14.087058067321777 5.092868804931641 34.0633544921875 -0.10835804570592521 0.8739732745006827 0.47373964304177346 106 97 66
7.157252788543701 2.272862195968628 40.080989837646484 0.2507643138279859 -0.8505690456681122 -0.46222241124983976 129 110 78
-7.064619064331055 7.401175022125244 29.98253631591797 0.1746128539015642 -0.8570722258701549 -0.48470357012748433 94 87 43
22.52621841430664 3.887237310409546 47.13597106933594 0.24089316927369425 -0.9373084354108161 -0.2518399847224495 89 82 53
5.280559539794922 8.735953330993652 28.308034896850586 -0.04519536717100233 0.9528818548424113 0.2999559125911068 192 180 156
1.271355152130127 4.514434814453125 35.59799575805664 0.05932826781858241 -0.8986742220131173 -0.43458577902039647 132 122 71
32.232521057128906 8.212882041931152 44.3153190612793 0.26706162410090917 -0.8873919531335775 -0.37578399439885574 51 44 30
6.303525924682617 4.138027191162109 36.661529541015625 0.2988202046701843 -0.8966685445774953 -0.32663742352361563 149 132 103
-8.202256202697754 4.9448161125183105 33.78413009643555 0.06796317222024154 -0.7822077559763807 -0.619299631609898 100 87 52
-11.912393569946289 -11.547202110290527 81.16866302490234 -0.11099168420845554 0.9084311123264588 0.4030307186727623 156 145 115
30.24345588684082 -12.231209754943848 105.10128021240234 -0.1478780820047254 0.8580212342920351 0.4918654636855248 129 113 90
-12.941597938537598 3.005396604537964 37.48297119140625 0.06092489281606296 -0.8798416220821348 -0.4713458151795018 172 162 126
-11.886357307434082 5.019344806671143 33.52737808227539 0.18108883698380926 -0.7073669763246692 -0.6832560237020571 153 145 106
-10.05274772644043 5.907095909118652 31.794954299926758 -0.006409407818283638 -0.858502920600187 -0.5127686172264913 174 165 124
0.004655161406844854 6.810394763946533 32.28958511352539 -0.13682870736867928 -0.8212258764218507 -0.5539548399779346 60 53 25
-19.724729537963867 -4.858269691467285 53.37289047241211 -0.018211606908459323 -0.9428362635574017 -0.3327583469951275 102 96 64
-9.37137222290039 7.715726852416992 29.134992599487305 0.19505082679244426 -0.8134977409566684 -0.5478837471818098 111 97 70
-16.680143356323242 -4.577622413635254 52.12608337402344 0.07501565931960386 -0.9542745952473787 -0.28936594084704764 123 118 88
12.389063835144043 -8.266465187072754 77.8365249633789 -0.13224947037519208 0.8446289145078525 0.5187601318169772 125 111 82
24.5867919921875 -6.6955952644348145 81.28851318359375 0.2937449245383333 -0.913781306086271 -0.28056664797377096 71 57 44
-3.871683120727539 6.787420272827148 31.25169563293457 0.07081545365686835 -0.8371549173981543 -0.5423622551389985 115 98 68
-6.745871543884277 4.317021369934082 35.06846237182617 0.07523783696074741 -0.8605410329099982 -0.5037940041005462 113 97 72
-11.861737251281738 7.102047920227051 29.956266403198242 0.029394683639471304 -0.8308545433263054 -0.5557127679006231 108 97 65
17.89988899230957 7.677353382110596 35.1169319152832 0.21920225782529684 -0.8656747899785933 -0.45006391563844683 44 37 29
2.3868703842163086 0.13065053522586823 23.9400634765625 0.056011460777835295 0.004425055066787349 -0.9984203198799536 46 39 32
20.543642044067383 9.139450073242188 33.65251541137695 0.22532873286435218 -0.8348743707942273 -0.50220687683134 41 33 30
12.565829277038574 7.1637091636657715 33.59318161010742 0.2478063837673687 -0.9346234603352006 -0.2550901478991202 110 105 75
2.6316335201263428 7.386084079742432 26.18658447265625 -0.697966441687405 0.29810866161845007 -0.6511329143472004 142 133 138
6.054041385650635 8.66991138458252 28.28640365600586 0.02061541263158485 -0.8254536517793644 -0.5640933198737076 144 126 112
21.91944122314453 11.601716041564941 30.319229125976562 0.4139146580006969 -0.7738821587496004 -0.47935483752771746 65 53 48
22.337928771972656 7.854604721069336 36.602081298828125 0.311062678052965 -0.8535021808078868 -0.41805984939802443 47 40 32
-5.4120192527771 8.275712966918945 28.548389434814453 0.004197311965975611 -0.8799356348791083 -0.47507437422172205 109 97 59
21.904783248901367 9.446584701538086 34.21531295776367 0.3355651075672768 -0.7842667158563572 -0.5218445908345182 40 32 30
36.06456756591797 11.714227676391602 38.448299407958984 0.23225611047036981 -0.8787243775617254 -0.4170138695870118 68 57 58
-3.5995712280273438 0.9710743427276611 41.3728141784668 0.18621485484775022 -0.9158843304962333 -0.35564015659863035 154 132 119
37.46234130859375 3.8810110092163086 56.80523681640625 -0.132299027439371 0.9048767415186516 0.4045924492587381 62 53 44
6.910552978515625 6.864131450653076 31.70953941345215 -0.04433935496660825 -0.8362130896947841 -0.5466092665005304 136 125 93
15.83906364440918 5.961696147918701 37.137474060058594 0.25224519799271106 -0.8596699727544964 -0.4442295555609749 96 82 71
32.801265716552734 7.666213512420654 45.81123733520508 0.2765959201771611 -0.8531298340373744 -0.4423394434331076 41 37 28
-4.297547340393066 5.4804911613464355 33.082275390625 -0.1908609280245427 -0.9132016251092205 -0.36004846625348835 133 117 93
-2.572514295578003 7.160094738006592 30.710147857666016 -0.006426616106477523 -0.7980275006869146 -0.6025867628423451 107 93 56
14.749443054199219 8.431361198425293 31.86724090576172 0.19578837653165349 -0.8458861120599892 -0.4961286093737541 56 50 36
-24.55386734008789 -2.097745895385742 46.359580993652344 0.03371693757400015 -0.9231924408750297 -0.38285622005112513 68 61 35
-12.411577224731445 5.974092483520508 31.559295654296875 -0.04605160331883367 -0.9105084455190923 -0.41091802159332314 147 141 105
-11.60831356048584 -4.411975860595703 52.83624267578125 0.10268117102266218 -0.9004051638309645 -0.422761301521259 141 135 99
40.370182037353516 7.64661169052124 49.58414077758789 -0.14580745791510666 0.9173459903766797 0.37042748164271333 88 78 65
21.42727279663086 0.6348777413368225 56.785884857177734 -0.1771581976913825 0.9035294219309487 0.3901916922435266 156 143 110
2.6681008338928223 1.8649325370788574 24.72537612915039 -0.0852935510163312 0.1812558837956329 -0.9797302254929612 254 247 234
17.7183780670166 6.743440628051758 37.02531814575195 0.2942418451216175 -0.8326793375376287 -0.46911284081478943 59 52 44
0.49361518025398254 7.865938663482666 29.8126277923584 0.07542164207611185 0.9266035480022013 0.36839848090929406 63 61 46
-7.582260608673096 6.284403324127197 31.817747116088867 -0.11054945011035303 0.9233691964184659 0.3676522081884106 115 107 61
10.582657814025879 8.653682708740234 29.880977630615234 -0.007914900660204947 0.9488716206834515 0.3155629918242937 72 67 31
10.807913780212402 3.2515456676483154 40.25099182128906 0.2991398495501403 -0.893347300193984 -0.3353296164182928 104 82 69
3.1034090518951416 -0.9790399074554443 48.85966873168945 0.0208560125703528 -0.9764402721989105 -0.21477760955877917 133 111 97
20.24314308166504 5.3397016525268555 41.96692657470703 0.5420896179626142 -0.7680452577702517 -0.3409476911694441 92 76 61
-17.37895965576172 2.8897199630737305 37.00584411621094 0.03168788512910234 -0.8789377606288091 -0.47588264401726077 152 142 111
-13.264233589172363 6.160088062286377 31.288616180419922 -0.10983855478361323 0.8934238598216936 0.4355792678541466 142 130 92
19.424962997436523 -9.60216999053955 85.02149963378906 -0.16875002978207185 0.9156729199225196 0.36478285481792705 101 89 65
-7.492424488067627 1.687793254852295 39.649131774902344 0.02537346707934596 -0.8743611020547337 -0.48461206173805094 90 76 63
11.205098152160645 -0.7271673679351807 52.88853454589844 0.22980827782993318 -0.9518909025937387 -0.20271128483663156 141 128 96
2.9622881412506104 3.0284488201141357 38.50722885131836 0.058008832334876505 -0.8023167717313563 -0.5940730368984262 142 130 92
-0.2056543081998825 7.773932456970215 30.02182960510254 -0.02241782259254244 0.9220624730162006 0.3863913004784882 114 113 65
-17.061986923217773 1.5487115383148193 39.62771224975586 -0.1322963882142572 0.9051601799067591 0.4039588028210617 87 80 52
-4.1192522048950195 7.813589096069336 29.488428115844727 0.16813570219586865 -0.8550355785024749 -0.49055534360767095 117 108 65
-17.765512466430664 1.81968092918396 39.316368103027344 -0.03382941746143539 -0.871496313647368 -0.4892338355155626 98 91 63
11.808764457702637 0.30388933420181274 50.446128845214844 0.30526936875226884 -0.898374760662804 -0.31580595609589296 80 64 39
-14.080184936523438 -1.1014844179153442 43.700706481933594 0.012324101397752418 -0.910607273608153 -0.413088985300582 145 136 97
2.9052047729492188 3.966177463531494 25.09859848022461 -0.06383232259477037 0.4217124920169434 -0.904479965874876 174 149 144
-0.9391553997993469 3.9910199642181396 36.32898712158203 0.00018059559450241561 -0.8497084209526456 -0.5272528489703898 185 161 149
-13.170792579650879 7.332651138305664 28.401077270507812 -0.37208021373691474 0.8829692351271712 0.2862195736919984 130 124 90
-15.924015045166016 -3.05668044090271 48.468204498291016 -0.09505972251673937 -0.8687092645641833 -0.48611507157811534 110 105 75
-6.290389537811279 7.495436668395996 29.81707763671875 -0.06566917125916188 -0.853905119890886 -0.5162689281472078 123 115 69
2.8340864181518555 -5.00801420211792 59.64057922363281 0.42763962369250935 -0.8548950109420649 -0.2937326548317298 134 120 92
11.553255081176758 4.504116535186768 38.10572052001953 0.27002582439486056 -0.8630415589812976 -0.42690200471654827 146 135 109
-8.05465030670166 3.1699674129486084 36.93745803833008 0.06337331072075433 -0.8569179496286313 -0.5115422280638745 88 76 49
3.022804021835327 -10.783247947692871 81.40438842773438 -0.08046809530051041 0.8808710216488342 0.46646664281387434 98 86 60
20.47147560119629 -2.0378756523132324 64.93547058105469 0.20954651966720528 -0.9288921239429467 -0.30536810274179355 76 65 35
-31.076499938964844 -10.838057518005371 79.85556030273438 0.0173691259157198 -0.9585387680197642 -0.2844323182552866 120 114 78
-9.587143898010254 3.9045631885528564 34.85222244262695 -0.2299998260505411 0.9265416500282437 0.2976922081272207 134 120 85
-4.061662197113037 6.156619548797607 32.237735748291016 -0.0900480835339955 -0.7677795377005818 -0.6343547305255439 114 101 69
25.041996002197266 12.586834907531738 31.861309051513672 0.37173767786889983 -0.7738937087058217 -0.512737385489089 58 49 44
0.502284824848175 6.296306610107422 32.38589859008789 -0.017205978879567617 -0.8961966212191989 -0.44332332490642523 161 146 115
-18.527219772338867 -5.366944313049316 54.52665328979492 -0.07415126760625104 -0.938470809399418 -0.33730420901255787 158 152 120
33.38127136230469 6.824202537536621 47.536590576171875 0.24168938915836477 -0.8776491913496378 -0.41390595078058934 48 41 33
-6.029137134552002 5.7575531005859375 33.11012268066406 0.11970671967595953 -0.44825664895140804 -0.8858534178605824 82 67 46
-8.259180068969727 -6.2059454917907715 60.13127899169922 0.13652841637972946 -0.9747843600132118 -0.1765090450783646 161 160 116
-3.3488128185272217 6.595551490783691 31.681283950805664 0.19324278975921527 -0.8400645553180741 -0.5069011413523569 106 92 57
-6.217940330505371 2.3780040740966797 38.44369888305664 0.15795935023271115 -0.854667162682153 -0.4945633272968167 86 76 51
8.910598754882812 4.6764020919799805 36.43130111694336 0.09470899349073802 -0.8691149982064222 -0.4854578523874363 80 69 39
10.813751220703125 -9.695361137390137 80.49176025390625 0.1256556197426386 -0.9581476323521393 -0.2572232101601313 141 132 99
-23.385013580322266 -14.780838012695312 87.84725189208984 -0.040155157244138207 0.9121590456800476 0.4078644857434431 145 140 111
15.203901290893555 6.917385578155518 35.39971923828125 0.13840394300815123 -0.8554297115063438 -0.4990835172914147 86 82 57
3.668273448944092 -2.042853593826294 54.59920883178711 -0.0020574178070486946 -0.9943939640462681 -0.10571854757002828 116 100 75
2.23686146736145 2.980288505554199 24.563539505004883 -0.07366299700849487 -0.34248647186846287 -0.9366305458711133 221 197 193
26.854873657226562 11.411246299743652 34.4288444519043 0.38940962686861397 -0.6960852874082205 -0.6031794220262009 52 44 42
-3.7846686840057373 5.342846870422363 33.59916305541992 0.14556838098377767 -0.8420778172192728 -0.5193407322798655 121 106 85
-9.595990180969238 2.948195219039917 37.3874626159668 0.011498158092187906 -0.8929385841848693 -0.45003164025922426 106 95 67
-25.72218132019043 -5.241147041320801 53.19794845581055 -0.029230176982068836 -0.9516307368226801 -0.3058505149381321 128 126 88
-4.494679927825928 6.009111404418945 32.441856384277344 -0.0020210171331837864 -0.7519966488256565 -0.6591638306557253 128 118 82
10.209146499633789 8.474149703979492 30.220417022705078 0.19162363404252183 -0.759647141827675 -0.6214632754953278 107 105 56
-10.533299446105957 7.176675319671631 30.30243682861328 0.06118857834649507 -0.8792718403268992 -0.4723737806949944 133 123 88
8.335823059082031 -5.063482284545898 67.56068420410156 0.07883990931703672 -0.973307049562007 -0.21554038130193223 156 143 108
-3.7859089374542236 5.135663986206055 33.82991027832031 -0.12800909749996575 0.9250814907886793 0.357544271884531 127 112 105
-17.379011154174805 -1.0290436744689941 44.35288619995117 -0.1320743192395299 0.9095819914956447 0.3939758557884373 125 118 92
-9.41057014465332 7.856009483337402 29.02515411376953 -0.2814182482721187 0.8234497700379073 0.4926806732194491 125 118 89
21.907363891601562 -0.16989406943321228 60.08058166503906 -0.047282654450929607 0.9484589184045831 0.3133528852378453 108 101 73
9.009846687316895 6.0768585205078125 33.78716278076172 0.2046059894089148 -0.878820406993837 -0.43105809509761595 113 98 69
-0.6958238482475281 7.638859748840332 30.088069915771484 -0.08281065068049097 0.9188493427869953 0.38582156678156426 106 100 52
2.933645009994507 4.333471298217773 36.20939636230469 -0.03173246879723909 -0.8525623018143047 -0.521661357538707 106 89 52
4.1617207527160645 6.338174819946289 26.614547729492188 0.6497851652595074 0.4522523796283352 -0.6109394602816086 228 205 199
-7.454925537109375 0.49804818630218506 41.69010925292969 0.056260392384611654 -0.8253038456877047 -0.561879284670484 83 71 44
-3.3410661220550537 6.062571048736572 32.5678596496582 -0.0796770455703734 -0.8736065737774248 -0.48006574827001214 159 151 105
-8.64293384552002 1.5117846727371216 39.754947662353516 -0.09789460470103468 -0.8302299084718766 -0.5487576381693543 126 110 89
-6.82366418838501 5.461955547332764 32.987056732177734 -0.18986338026142843 -0.6715348556014056 -0.716235181032113 156 148 120
37.1058464050293 7.7740373611450195 47.785919189453125 -0.1239191438378875 0.9225710431829374 0.36538570862970376 40 33 25
45.79118728637695 8.243393898010254 49.38515090942383 -0.1619790287403112 0.9439088887715725 0.28774781310439085 105 98 79
2.503959894180298 -3.2570252418518066 58.37717819213867 -0.3235333702562395 0.2840404413356076 0.9025780775182347 201 187 178
-4.04780912399292 -8.565532684326172 74.68428039550781 0.11909787400582247 -0.9613881003544086 -0.24808993712812027 149 139 104
-9.6095609664917 6.207152843475342 31.359224319458008 0.045518562817948055 -0.8374006952379665 -0.5446908628331857 160 157 113
-4.5234150886535645 3.525546073913574 36.74340057373047 0.06654200642958624 -0.8120130482340192 -0.5798335717065898 60 47 28
12.939189910888672 9.00973892211914 30.245901107788086 0.19985207573637614 -0.8326589202511805 -0.5164671048092028 72 59 43
3.7864508628845215 5.608011245727539 25.935434341430664 0.5056502102052575 -0.34208575517941514 -0.7920196973704051 181 162 158
3.0059170722961426 0.8641670942306519 25.09352684020996 -0.9414072575137457 0.09971357453711657 -0.3221949387459073 243 237 229
4.384559631347656 7.569421291351318 27.18225860595703 0.6570427323546274 0.3015767886007998 -0.6909025173186113 147 126 123
-12.024197578430176 8.767790794372559 27.27184295654297 0.09405738509679223 -0.7148529426775716 -0.6929202541807897 68 54 33
16.73903465270996 2.0020999908447266 47.498321533203125 0.25287559722711794 -0.9333750757885333 -0.25468588540352566 136 135 89
14.453943252563477 2.027527332305908 46.65951919555664 0.301220243571155 -0.9294948928804758 -0.21285114275485478 115 115 72
-13.256972312927246 1.5157908201217651 39.8119010925293 0.09853114454660047 -0.899544754794825 -0.4255712016519154 99 88 58
23.9033145904541 11.185714721679688 32.683773040771484 0.3865864072898632 -0.7079668247667349 -0.5910447738779379 62 52 51
-9.770103454589844 4.768906593322754 34.07715606689453 -0.08082852364397766 -0.8319471956429821 -0.5489358919102598 159 144 111
-4.590926170349121 6.108180522918701 32.462440490722656 0.012933100523962644 -0.7779505770667221 -0.6281923547388897 90 79 49
-10.93686580657959 3.4605062007904053 36.310184478759766 0.019134460930902774 -0.8457224516711781 -0.5332798581834642 121 104 67
4.565587520599365 1.1131771802902222 41.909793853759766 0.18461975685189055 -0.8462268172941383 -0.4998156851001994 111 93 69
-32.93347930908203 -12.499115943908691 83.18345642089844 -0.11282699357717754 0.8863982243250943 0.4489635368642484 123 117 85
5.450494766235352 5.536839008331299 34.21663284301758 0.0683650435671708 -0.8530751706721789 -0.5172900289012847 131 119 81
15.448736190795898 1.4601694345474243 50.0107421875 0.15395199714490662 -0.9692747383557464 -0.1918469811086289 177 170 115
-11.53926944732666 -1.1369787454605103 45.07091522216797 -0.07739506135570991 -0.844044357760877 -0.5306591435279094 115 104 74
-8.360457420349121 8.381146430969238 28.200284957885742 -0.024851001208171266 -0.8465280653336369 -0.5317637279294644 135 123 85
-1.7722549438476562 3.4788384437561035 37.31555938720703 -0.041904635757683856 -0.8802098559925342 -0.47273101327881806 110 92 68
9.92214298248291 7.51179838180542 31.2349910736084 -0.08765711524865903 -0.8298100976448369 -0.5511183466306945 108 110 60
16.72026252746582 8.443038940429688 33.162113189697266 0.051321102270067726 -0.7997614377177983 -0.5981202113299177 52 46 32
9.549936294555664 8.60873794555664 29.52666664123535 0.10157380914774908 -0.8551806639776657 -0.508280231028057 51 45 11
28.3964786529541 12.440753936767578 34.25425338745117 0.17570724198508536 -0.6993707931949797 -0.6928257058884436 61 56 50
12.975881576538086 10.173296928405762 28.354307174682617 0.22758732983304006 -0.8523826380584067 -0.47079490825205117 47 34 26
-8.823214530944824 5.762173652648926 32.63131332397461 -0.04597831237695626 -0.8001703432624196 -0.598007873321304 134 128 79
-3.5264320373535156 4.895827293395996 34.56843566894531 -0.024224747998767737 -0.8701802990151706 -0.49213759132001356 99 84 65
25.283689498901367 1.5734364986419678 56.786617279052734 0.1496161750674423 -0.9496066928066059 -0.2754308064380028 61 47 34
15.751363754272461 8.331229209899902 33.15627670288086 0.09827591235857938 -0.780556937998398 -0.6173108711116744 152 145 121
-8.192302703857422 6.2433929443359375 31.77756690979004 -0.2865778199921644 0.8775148542573115 0.384500758967141 134 125 84
29.016984939575195 10.242362976074219 37.294742584228516 0.20515058845413076 -0.8181168486364564 -0.5372132333013375 58 53 47
3.547386884689331 7.554150104522705 26.577192306518555 0.663340062726479 0.21662903838716072 -0.7162763579160523 167 152 145
-7.952852725982666 7.435044288635254 29.85137367248535 -0.14068026187237995 -0.7634852722540708 -0.6303168274531834 95 82 45
0.6590538024902344 -3.975404739379883 57.16994094848633 -0.5222183506071678 0.1967862208759158 0.8297970701096163 140 130 95
5.719334125518799 3.1817803382873535 38.322547912597656 0.07688105333297135 -0.9317369836910744 -0.3549020947538506 102 87 54
8.41362190246582 7.871054172515869 30.147850036621094 0.3715707722357423 -0.7405890462108518 -0.5598776882968592 81 73 54
0.7513473033905029 5.684372425079346 33.22397994995117 0.0334256299097945 -0.8147094973561716 -0.5789051409192942 147 132 111
27.660614013671875 12.569299697875977 33.8112678527832 0.15218979768542384 -0.740245788004177 -0.6548850577181812 77 73 61
-9.949542999267578 1.202354073524475 40.473472595214844 0.05349640819879675 -0.9152148095228583 -0.3993995327236452 181 167 138
14.771669387817383 5.847075462341309 37.570804595947266 0.11528748238482617 -0.879630223148952 -0.4614753156218578 53 40 24
3.7337045669555664 2.0617053508758545 39.69202423095703 -0.07755171982535972 -0.9369501828312466 -0.3407493002848611 108 90 66
-3.224151611328125 -9.928998947143555 77.85285186767578 0.03620123861167187 0.8486048224757782 0.5277871972621484 106 95 63
-8.284683227539062 0.18986840546131134 42.23365020751953 -0.03580303487255847 -0.9194990552275959 -0.3914583376675897 150 136 109
0.6402609944343567 2.085192918777466 39.85920333862305 0.22093053048956993 -0.8680529515948303 -0.4446051888193614 130 113 87
-11.256746292114258 5.918774604797363 31.772090911865234 -0.029735786785768277 -0.8753781761187649 -0.48252340021932244 125 117 78
-5.367465496063232 5.180848598480225 34.00764465332031 0.042475171949199315 -0.8416239962190127 -0.5383910370318445 70 52 38
-1.1071984767913818 7.041533946990967 31.17014503479004 0.07746910862891387 -0.8489708077667827 -0.5227304322191871 80 68 42
7.582340240478516 8.0355806350708 29.924182891845703 -0.11276342279188213 -0.7388566777011991 -0.6643607606538829 135 131 96
-10.78290843963623 6.073193550109863 31.492982864379883 -0.1306151397131366 0.8891357294371836 0.4386084129561646 115 107 70
18.256486892700195 7.151015758514404 36.159793853759766 0.22849706164282454 -0.8626476386288146 -0.4512517527818869 50 38 26
17.929750442504883 5.396584510803223 39.72196578979492 0.23000840591062463 -0.8749422500672678 -0.4261128867538282 75 63 39
11.586701393127441 -9.528985023498535 81.29375457763672 -0.10212549113246934 0.9391287032813586 0.32803606925767576 141 130 98
15.386345863342285 9.660935401916504 30.532665252685547 0.4288879705620507 -0.7669767581738341 -0.47728582749577 59 53 40
27.041053771972656 9.42504596710205 37.64492416381836 0.43007488245510983 -0.7238533850338221 -0.5395107713997013 41 32 25
37.98698425292969 12.82246208190918 36.8781623840332 0.2075059501780575 -0.8713126349533705 -0.4446971697810963 57 46 44
-6.198690414428711 7.123874664306641 30.276018142700195 -0.1417412169495441 -0.8739633890590619 -0.4648627991161062 68 65 58
29.117469787597656 4.281734466552734 51.40933609008789 0.19335089747973877 -0.9416957726846958 -0.2753624922743713 62 53 44
20.012269973754883 6.09691047668457 39.39741516113281 0.16190879751284365 -0.8890177827852938 -0.42829069938473535 58 49 40
1.1233065128326416 8.59367561340332 28.61503791809082 -0.01101529012063268 0.986442532322275 0.1637369653107576 97 88 80
-5.481153964996338 -2.8907387256622314 49.95232009887695 0.15557774445344374 -0.9535775291762645 -0.2578477482563485 124 109 86
-2.8701529502868652 4.6239776611328125 34.850215911865234 -0.011160253287355369 -0.8706491421440745 -0.49177791738786863 0 0 0
5.102776527404785 5.66866397857666 33.7772102355957 0.1071020197497517 -0.8293106695512646 -0.5484277260806175 121 107 70
-13.494933128356934 6.860169887542725 30.338285446166992 0.00037379568404578 -0.8637016922492343 -0.5040032213018044 131 120 90
-20.147502899169922 1.1421849727630615 40.57051086425781 0.0027547304151395277 -0.8831945271498214 -0.4689987619098192 119 112 84
35.765785217285156 2.2026844024658203 61.287261962890625 0.009563384783342219 0.9726521975389926 0.2320694816085353 72 70 55
21.469375610351562 6.495985984802246 38.67747116088867 0.23717846651558494 0.7906230992524251 0.5645010982715671 62 48 39
-13.660398483276367 -0.8203215599060059 44.227317810058594 0.0028056839206832213 -0.9052273654716221 -0.4249182803069829 118 117 131
4.96720552444458 7.732515335083008 27.78640365600586 0.873327420388058 0.12033797404732631 -0.4720360037121379 128 113 90
14.13454532623291 6.749794960021973 35.07365417480469 0.18902654974817024 -0.8938218738608088 -0.4066342598678266 88 82 47
-8.511460304260254 5.361101150512695 33.17461395263672 0.06548386018415833 -0.8341153117221308 -0.5476892465678634 106 93 61
-9.987791061401367 9.078800201416016 27.221954345703125 0.0008791500910219002 -0.799335771120108 -0.6008839755751022 79 68 36
5.7667131423950195 -8.998456954956055 78.44805145263672 -0.06265522442231881 0.8881015347324012 0.4553569883712591 164 151 117
22.318042755126953 5.395968914031982 41.780269622802734 0.31132645837863604 -0.943456406765772 -0.11386766374187501 65 58 42
37.25033187866211 8.118056297302246 46.927391052246094 -0.08542230249564037 0.9091645184253201 0.4075817815761641 38 30 28
12.602190971374512 7.1031813621521 34.18411636352539 -0.011144574048396647 0.900928949430582 0.4338234969975553 125 119 84
7.552803039550781 2.093076705932617 40.88666534423828 0.15642923313743765 -0.8539211961952716 -0.49633505387839505 111 94 66
-22.203330993652344 -10.304197311401367 76.45391082763672 0.03308148992003743 -0.9620605041671842 -0.27082319203911215 114 104 69
-9.806062698364258 5.509966850280762 32.877017974853516 0.08760615735722777 -0.887257013895429 -0.45287984332101544 129 127 84
-12.570294380187988 5.52298641204834 32.430381774902344 -0.010128608944828617 -0.8347066487626035 -0.5506016906915077 114 108 74
-8.180082321166992 -0.33983325958251953 43.4315299987793 0.04361490314113892 -0.8688252116530358 -0.49319417253252984 154 143 115
-10.265063285827637 6.410006523132324 31.1866512298584 0.049197601121323174 -0.8573831464613004 -0.5123219068203384 124 112 76
14.760235786437988 10.0391206741333 29.497615814208984 0.37231327406060294 -0.7973680373720929 -0.4749600393039934 135 131 94
8.425491333007812 4.895648956298828 36.31134796142578 0.23554134554702513 -0.8748015800719331 -0.42337036982002774 134 128 65
4.987776279449463 3.2369296550750732 37.71173858642578 -0.02821255703736758 -0.8646647561771569 -0.501556488394389 152 148 103
-24.15224838256836 -3.361837863922119 49.79053497314453 -0.05143930065068392 -0.8868063576173687 -0.45926950958885165 145 134 117
-11.385343551635742 7.593904972076416 28.947750091552734 -0.1445261436492146 0.9144809247373012 0.3779376034393741 121 115 81
-25.063501358032227 -4.539027214050293 51.00040817260742 -0.04807859565745011 -0.9026945695784663 -0.4275873743378716 143 137 105
18.052289962768555 8.957805633544922 32.1788330078125 0.20130725923650214 -0.8539836685686373 -0.4797783667452501 40 32 30
-10.582245826721191 -2.864372491836548 49.547950744628906 -0.31367942228161966 0.89472587813329 0.3179163774260191 105 93 69
-15.02890396118164 -0.025665365159511566 42.65235900878906 0.004930911701337085 -0.9086706318897635 -0.41748457318906024 138 140 120
-17.052919387817383 -1.504759669303894 45.35744094848633 0.012711804217589323 -0.8941723110370798 -0.4475424987731795 77 71 49
20.574562072753906 5.598343372344971 40.908321380615234 -0.10685583992696587 0.8802254474243354 0.46236889080055105 39 30 19
15.245746612548828 1.1152609586715698 49.84624481201172 0.06034113166853336 -0.9679796293006887 -0.24366859684387215 110 109 61
18.674787521362305 4.682697296142578 41.77715301513672 0.22335274078569323 -0.8657419254314443 -0.44788890557120814 67 57 45
15.74036693572998 3.975454092025757 41.7460823059082 0.39078507990741124 -0.7882148055886319 -0.475399244396364 79 63 48
12.441521644592285 9.06847095489502 29.69211769104004 0.24499956747861715 -0.8703986313789824 -0.42706139421503053 96 86 61
-5.874403476715088 6.517350196838379 31.608400344848633 -0.12929276842237009 -0.8481844750977251 -0.5136793515773003 115 104 69
10.815841674804688 5.386922836303711 36.292545318603516 0.2770768955689503 -0.8101891458527957 -0.5165481021978401 120 112 89
6.136419773101807 6.435948371887207 32.860626220703125 -0.2966023553960397 -0.670333821827036 -0.6802055645819733 135 129 69
-2.8486742973327637 8.034150123596191 29.276905059814453 0.036998122601052626 -0.8558628655328385 -0.5158777901072268 116 98 74
-9.296544075012207 -6.1713080406188965 58.159751892089844 0.0519031549463113 -0.9486794933013861 -0.311950767743957 127 123 79
-9.779857635498047 0.9503225088119507 40.88886642456055 0.15127039578745138 -0.8085209928335726 -0.5686924225851103 78 66 42
19.60094451904297 7.079898834228516 37.3979606628418 0.15411638681999806 -0.9128665102234652 -0.37805141690778166 61 52 45
-21.081130981445312 -1.6755216121673584 45.333438873291016 -0.005020805244912312 -0.8722074704262374 -0.4891103352489667 68 62 36
19.132930755615234 -8.21003532409668 80.72832489013672 0.21551495933048506 -0.9128495173494225 -0.34678388223749035 88 70 56
-16.20061492919922 -7.130128383636475 59.834041595458984 0.018475251726024933 -0.97379534112202 -0.2266744332356619 117 112 78
22.32445526123047 10.159990310668945 33.22888946533203 0.2873546372243785 -0.7586778729400142 -0.5846667406111461 54 43 43
12.604829788208008 6.839113235473633 34.472198486328125 0.026383500702599264 0.8950268329165192 0.44523126490634196 127 120 92
18.50360107421875 6.764233112335205 35.16886520385742 0.5793431231990447 -0.527782809644034 -0.6211335214317655 90 72 60
13.246424674987793 5.9854607582092285 36.403228759765625 0.14990142383422278 -0.8875039983654128 -0.43573640657842455 65 52 44
-5.097712516784668 0.1647130399942398 43.580928802490234 0.02558131222038672 -0.9040481845202709 -0.426664360511497 163 144 130
25.031938552856445 8.552419662475586 37.372650146484375 0.27316938632511945 -0.8157833696066071 -0.5097803254815232 33 24 25
-0.8166327476501465 -21.21953773498535 111.21322631835938 -0.15017767405995422 0.8500648465479128 0.504813255449395 164 151 119
30.482746124267578 -4.714502334594727 79.17636108398438 0.2786747922267512 -0.8837199671803259 -0.37600449436699684 105 87 77
19.66514778137207 9.002861976623535 33.046810150146484 0.23937281680150724 -0.8185630366705163 -0.5221639680916859 57 46 42
5.174289703369141 6.312233924865723 32.414493560791016 0.26518515936030285 -0.8220504185753932 -0.5038947713313482 145 142 89
-4.222641944885254 3.929661512374878 36.367916107177734 0.046696583890579 -0.8583328151663705 -0.5109639982048864 164 154 129
7.453954219818115 5.566976547241211 33.398414611816406 0.12577042768365249 -0.8683282898686805 -0.4797788871282313 0 0 0
1.3316348791122437 5.318170547485352 34.207584381103516 0.08826617112485624 -0.8507452433669398 -0.5181135145153846 134 127 73
11.384804725646973 8.996932983398438 29.66437339782715 0.1847960922722841 -0.8596828844244186 -0.4762307660248397 112 101 73
-2.1567118167877197 2.215378761291504 39.61702346801758 0.05840590999806586 -0.8862327029937493 -0.45954362776747415 139 117 106
-15.154869079589844 4.921255111694336 33.43354034423828 -0.0525599541004322 -0.8493430547443287 -0.5252178848654458 120 114 81
-12.012252807617188 -2.4001364707946777 47.239707946777344 -0.012423341280867783 -0.8134264493187724 -0.5815350996630159 80 75 46
13.980366706848145 8.551743507385254 31.137435913085938 0.18632503827284244 -0.8537144187880386 -0.4862660498801297 83 79 50
-16.147066116333008 0.09050630033016205 42.049346923828125 0.1029743034405289 -0.8977846562410429 -0.42822774764030724 65 56 25
-16.95819091796875 -13.481823921203613 85.27750396728516 -0.05408777005025327 0.8959499190467412 0.4408494705578411 128 121 92
18.294584274291992 10.349990844726562 30.471651077270508 0.09336812214840368 -0.7966325450579065 -0.5972093283941935 63 52 53
-11.53926944732666 -1.1369787454605103 45.07091522216797 -0.07739506135570991 -0.844044357760877 -0.5306591435279094 122 110 84
-20.576974868774414 -3.772245168685913 49.87381362915039 -0.0954287745111223 -0.8863116038167086 -0.45315018474580715 124 120 85
-9.645252227783203 6.652888298034668 30.872520446777344 0.13639753668039548 -0.8474392360838146 -0.5130715867529603 117 111 77
-1.143854022026062 -1.0785669088363647 46.81013488769531 0.1458399411575115 -0.907368166462044 -0.3942254710879059 141 127 98
-14.41780948638916 0.3429412543773651 41.69706344604492 0.024313520978190627 -0.8906410777177692 -0.45405652002737923 123 109 80
14.561474800109863 6.198256969451904 36.55145263671875 0.17952034702323524 -0.8822764169034505 -0.4351560285468484 123 113 86
-11.71680736541748 -10.994081497192383 80.09395599365234 -0.09365252348066193 0.8933308578784361 0.4395329148174026 153 144 113
15.073507308959961 10.480764389038086 29.102840423583984 0.305462045397911 -0.7775524045531953 -0.5496409709936738 59 54 35
8.892993927001953 9.76023006439209 27.448444366455078 0.21216887659648456 -0.8954951232999203 -0.3912452580541341 101 97 62
-10.08794116973877 -2.818916082382202 49.66880416870117 -0.1850906949500181 0.8928121697513206 0.4106432322428526 91 79 53
8.245068550109863 7.54935359954834 30.429933547973633 0.3790174198630409 -0.7724907824487222 -0.5095132839015337 142 130 108
2.999429225921631 -3.0636792182922363 58.32366180419922 -0.12562377606301967 0.38242517853236324 0.9154068219716077 122 111 83
-2.26462459564209 3.0160648822784424 38.02885437011719 -0.012271848683556668 -0.8443508270446812 -0.5356501494435064 112 94 70
-11.59416389465332 5.749798774719238 32.04679870605469 0.013239454428597948 -0.8843156046057237 -0.4667018623245961 121 113 76
9.323816299438477 3.03375244140625 40.07416915893555 0.40256125368703427 -0.826077641198549 -0.39438581077640794 118 104 91
5.149693965911865 2.9888131618499756 38.438053131103516 0.16032424852073596 -0.9218634411425699 -0.3527944603037888 124 109 76
21.05529022216797 7.42741060256958 36.78934860229492 0.3162803827336456 -0.8523243015119011 -0.4165453211237755 69 55 44
36.641117095947266 5.62122106552124 53.99638366699219 -0.1701675482116982 0.9189806150618582 0.3556931749080215 89 75 63
-6.3922247886657715 5.986549377441406 32.89790725708008 0.34892506019166614 -0.5069873240381176 -0.7881720342887781 124 115 84
-16.43143081665039 -0.1780504584312439 42.62675094604492 0.06244150344618786 -0.8777974575313526 -0.47494492543754296 126 115 84
17.627357482910156 -16.326583862304688 110.90037536621094 -0.15251144336979094 0.8916052210478631 0.4263571149182976 181 170 134
1.4132027626037598 2.5114500522613525 38.67326736450195 0.10969125690634902 -0.8178818245777537 -0.5648337358760273 139 119 92
-8.830985069274902 4.524335861206055 34.208526611328125 -0.3646197825053576 -0.8800175912518152 -0.3043377290003636 122 108 69
29.124834060668945 13.067422866821289 33.82242965698242 -0.11489065946465465 0.80522104531248 0.5817380893096601 67 60 52
-2.1097679138183594 4.3274736404418945 35.233604431152344 0.2265191488742523 -0.8129755180288598 -0.5364325514722157 129 111 87
-10.248045921325684 7.730919361114502 29.013174057006836 0.11548155183281895 -0.8402838921773846 -0.5297046268756856 124 116 79
-7.213832378387451 7.874231338500977 29.212505340576172 -0.03043019973600382 -0.7911273918405584 -0.6108939783821596 115 102 67
-2.5409421920776367 8.81177043914795 27.836776733398438 0.00800935675825902 0.9292677994574262 0.36931992512707995 81 66 34
27.062318801879883 7.631659030914307 40.22758865356445 0.42591109003632965 -0.7819470921447317 -0.4551466669881963 58 46 46
-4.593157768249512 6.093313217163086 32.3877067565918 0.012933100523962644 -0.7779505770667221 -0.6281923547388897 88 76 50
-6.838610649108887 6.845714569091797 30.708595275878906 -0.010979587143788263 0.9460393432559198 0.3238657278534731 121 114 70
-4.597784519195557 -1.2166764736175537 45.357383728027344 0.020883843632622332 -0.9205872790058864 -0.389978110677595 157 142 119
-12.267365455627441 7.489020824432373 29.056833267211914 0.07090529260765985 -0.8623554596560913 -0.5013137746776503 177 167 132
2.395792245864868 -11.423881530761719 83.18801879882812 -0.048668527203879916 0.9152546333143191 0.39992540636533286 135 124 94
20.563583374023438 -3.0035696029663086 68.91865539550781 -0.10445877633725452 0.9499529579752887 0.29441083825179115 132 120 94
-19.12173843383789 -6.309660911560059 58.228607177734375 -0.07628824631359367 0.8922352195154714 0.44508023605926955 125 121 86
-1.0164358615875244 8.25123119354248 29.115140914916992 -0.1023766077392121 -0.869391854072529 -0.48340131801655467 113 104 61
13.073943138122559 9.056190490722656 30.27998161315918 0.2839469645550607 -0.7591875289610833 -0.5856692045770636 54 44 30
-4.149959564208984 6.638733863830566 31.51889419555664 -0.010099856136711712 -0.8204925373320847 -0.5715680091540948 112 96 63
-1.2439461946487427 4.198116779327393 36.01529312133789 0.040264322601128055 -0.7863616642623253 -0.6164528508361834 118 101 91
9.946435928344727 7.541642665863037 31.51593780517578 0.04816534414794977 -0.8909619094219721 -0.45151630710558344 101 100 56
-10.062315940856934 7.174931526184082 29.840002059936523 0.08922031617019854 -0.8457341470443166 -0.526092660760167 141 131 96
4.515558242797852 8.146240234375 27.504125595092773 0.776048902767633 0.18704567661053 -0.6022972815599137 228 217 211
3.6592235565185547 3.6145451068878174 37.23051452636719 -0.08839857782068124 -0.9015049049231852 -0.42364442382582973 136 125 80
-9.327295303344727 3.846437931060791 35.6952018737793 0.15176847702963553 -0.6998313587675 -0.6979988529114782 122 109 67
-0.839991569519043 -10.424052238464355 80.54856872558594 0.017595737286365713 0.9425755166358643 0.33352928727172215 148 137 105
0.4098833501338959 6.121113300323486 32.900691986083984 0.03080375509549188 -0.7948419009079524 -0.606034224473379 171 157 118
11.74034309387207 3.5039937496185303 40.267269134521484 0.3286588287240079 -0.8355807042541449 -0.44021388094869424 68 56 30
3.86202073097229 5.7043890953063965 26.08708381652832 0.6455398662247174 -0.33131158268259275 -0.6881212947547323 178 161 159
-19.0804500579834 -0.42255324125289917 42.89979553222656 -0.11475471948601858 -0.8752737489539592 -0.46981615420052053 86 76 51
2.4747960567474365 2.3253397941589355 24.827795028686523 -0.4326764607038468 -0.23523166040895013 -0.870320140117441 196 179 172
7.712613105773926 4.010471820831299 36.868507385253906 0.3700373502134038 0.9196956514231357 0.13127173420206173 130 116 87
-3.6335742473602295 5.029748916625977 34.35417938232422 -0.05293589230405211 -0.9422232874253804 -0.3307764621905295 138 121 114
0.8846655488014221 4.825891494750977 35.07678985595703 0.02801145108604847 -0.8603316076873428 -0.5089645207891861 159 156 103
22.31023406982422 5.563009738922119 41.10824966430664 -0.04429793688847992 0.9421215805299272 0.33233209337531 42 34 27
-1.0069245100021362 8.722935676574707 28.207279205322266 -0.0688400246052053 -0.858053627227423 -0.5089253617321674 136 128 82
25.245573043823242 8.955378532409668 36.946372985839844 0.32593598757268705 -0.8079841867494222 -0.4908434434398528 27 21 21
-9.442258834838867 5.843170166015625 32.13191604614258 0.051177669667822 -0.8496224836295447 -0.5249023541941255 111 108 64
20.174062728881836 6.671024322509766 37.95589065551758 0.246079026990786 -0.86510636688583 -0.4370767512106643 62 53 40
10.474499702453613 -7.525384426116943 76.22676086425781 0.3404610228096208 -0.8887307017798636 -0.3069919081365142 106 92 66
-6.936065196990967 2.0786068439483643 38.92006301879883 0.018555178143157203 -0.8737178393059756 -0.4860790497877615 103 96 84
11.56005573272705 3.655658721923828 39.78390121459961 0.2378032787428367 -0.8634992957632778 -0.44476799214363544 96 84 60
1.1066694259643555 -2.3994369506835938 55.66556930541992 -0.5318988052526343 0.7124194743102281 0.45775774553180226 120 112 91
18.640108108520508 7.083156108856201 36.408599853515625 0.058192956139696383 0.8645042864731995 0.49924534902709644 79 66 57
1.8490583896636963 -3.90653133392334 58.44098663330078 -0.3212207815783782 0.2701562720383944 0.9076523553434396 124 109 80
0.6161896586418152 2.0793330669403076 39.6985969543457 0.18559177273533145 -0.8937399422683449 -0.40839271478214756 122 108 82
9.468571662902832 6.889768123626709 32.45223617553711 0.25242031348702254 -0.8191883789166975 -0.5149896942531432 149 142 110
-27.08933448791504 -10.883593559265137 78.41451263427734 -0.037928402777222404 -0.9363057472067801 -0.34913175737867547 119 115 80
6.788784503936768 -0.5013158917427063 47.756168365478516 0.14734816158848132 -0.9589420555659796 -0.2423193210278315 132 118 91
17.80190658569336 8.949045181274414 31.54072380065918 0.08802855198831099 -0.8022150966175022 -0.5905098752720507 55 46 39
1.6743191480636597 2.3445911407470703 39.28950500488281 0.2248515978982449 -0.783974908620739 -0.578640736187584 121 105 71
18.451566696166992 4.193312168121338 42.411808013916016 0.12305429445523605 -0.9042605316268166 -0.4088649307021952 177 173 164
-4.661683082580566 5.795464038848877 32.79627227783203 -0.15454341351201845 -0.8627479344367026 -0.48143777891359546 141 134 101
13.882859230041504 5.682426929473877 37.483943939208984 0.0704428490529513 0.9159074555949133 0.39515988890948356 115 103 79
-15.113744735717773 -11.024882316589355 80.49845123291016 0.07616657382665881 0.9024145251446634 0.4240833383185906 130 123 94
10.79869556427002 9.45287036895752 28.62589454650879 0.273767169209148 -0.7878115066610076 -0.5517287078227151 56 41 34
3.5832014083862305 3.980687379837036 25.452028274536133 0.8392640523204877 0.17802671345717427 -0.5137531895552868 151 128 116
11.728818893432617 6.8760786056518555 33.61821746826172 0.22219207671242752 -0.9112396366615965 -0.34680398732289736 132 120 94
-8.0235595703125 6.098421096801758 32.22066879272461 0.18600701296496192 -0.7282822318982576 -0.6595501359480909 125 116 76
44.91135025024414 -4.231295585632324 95.04334259033203 0.2592921762182486 -0.9097312661208912 -0.32427856974225777 116 104 82
-9.244420051574707 1.7950217723846436 39.63062286376953 -0.11491121338239703 -0.8696465499023321 -0.480114873006405 139 126 94
23.906564712524414 6.85430908203125 38.14865493774414 0.163284931838333 -0.8160633344543438 -0.5544174106156925 67 52 45
7.944047451019287 7.196805953979492 31.442737579345703 0.21686810185489552 -0.9331172447024084 -0.28681079832677187 178 152 151
8.463638305664062 8.31401252746582 29.664094924926758 0.36749781156475614 -0.6812983894351958 -0.633070188089854 132 121 91
-3.3371737003326416 6.057982921600342 32.518402099609375 -0.07967704557037338 -0.8736065737774247 -0.4800657482700121 130 118 76
4.554883003234863 -3.4847350120544434 60.63821029663086 -0.078313468115857 0.8936905102227144 0.44179664173636657 85 71 44
25.701072692871094 9.416346549987793 36.335060119628906 0.4217108021584061 -0.7901521709286482 -0.4447690930355415 37 31 31
12.615954399108887 9.101509094238281 30.00582504272461 0.2849542371955547 -0.7881547283523882 -0.5455393724380241 95 88 60
22.043498992919922 1.738286018371582 54.90446472167969 0.19243401616853806 -0.9405422129919624 -0.2799097979732553 79 65 40
12.937411308288574 5.7281389236450195 36.556095123291016 0.21401478465692308 -0.8562835118325216 -0.47008107738135463 87 80 64
5.624037742614746 7.508757591247559 30.69084358215332 0.054713560772100954 -0.8811575218227249 -0.4696465138834427 112 101 80
-12.282611846923828 5.753531455993652 32.09675216674805 -0.004984055450884275 -0.8318450168385144 -0.5549856098604666 133 125 86
-1.0457298755645752 8.068344116210938 29.153282165527344 -0.026450571715872798 0.9246308890713533 0.3799448463014366 126 121 67
2.1042444705963135 3.0897772312164307 24.592174530029297 -0.18564721204164425 0.2560563898509822 -0.948667611905058 68 49 52
28.36094093322754 7.5644612312316895 41.724334716796875 0.39436822360936313 -0.8179263851041344 -0.41889155250217025 67 52 47
-8.898571968078613 1.4342180490493774 39.961708068847656 -0.2868314747165969 -0.8871634261447584 -0.36148134173563745 80 73 45
20.067636489868164 -1.5907299518585205 64.0410385131836 0.17165548838936653 -0.9339796575901158 -0.3133949465349713 109 99 64
3.6867642402648926 4.14337158203125 26.400358200073242 0.9629735001744455 0.018801386032189445 -0.2689396695265422 172 148 138
-10.052884101867676 7.297229766845703 29.833173751831055 0.059633031083782456 -0.8260439768719654 -0.5604420129480912 111 101 66
-15.146200180053711 -3.848104238510132 50.74027633666992 0.10967218526752841 -0.9199636979976044 -0.37634931399594257 141 132 101
6.240593433380127 -9.498451232910156 79.3906021118164 -0.0752774808103716 0.9279058220347441 0.36513570945180074 138 128 93
-9.421567916870117 -2.2063241004943848 47.96186447143555 -0.29220783159895525 0.8894272771877318 0.35147361458102966 59 52 59
2.8443474769592285 -0.2788988947868347 24.169933319091797 0.6013338404458365 0.10261811194715253 -0.7923806758339471 247 239 232
7.356910228729248 -0.8994808793067932 49.43235397338867 0.38459306955882006 -0.8668033067171108 -0.31739596454839647 120 119 62
9.964836120605469 7.580354690551758 31.558977127075195 0.04816534414794974 -0.8909619094219722 -0.45151630710558344 102 101 55
1.5850471258163452 1.4259487390518188 40.68598556518555 0.1528479586511037 -0.9062822700529913 -0.39406845664654244 117 100 74
16.135168075561523 8.939226150512695 32.077049255371094 0.1796714158799214 -0.8977051623312813 -0.4022979292010751 62 54 43
-10.608014106750488 -1.7779172658920288 46.52702713012695 0.098778038450829 -0.9143111010813737 -0.3927825219624372 180 174 142
-1.145944356918335 8.668130874633789 28.24822235107422 -0.15561820938786658 -0.8887741463301331 -0.43111888119410613 89 87 30
-5.070184230804443 8.166183471679688 29.9469051361084 0.059958016970614786 -0.6647786923187143 -0.7446303287134974 0 0 0
15.79434871673584 9.178242683410645 31.489444732666016 0.20309532795089585 -0.8641251030917553 -0.46047811454094156 69 66 36
2.201319456100464 6.546550750732422 26.39411735534668 -0.7743120375319843 0.37632049023018327 -0.5087472429074988 42 25 31
8.781839370727539 1.4456220865249634 42.74665451049805 0.32887318923087216 -0.8744533695638539 -0.35661425919827827 120 101 86
4.487305164337158 8.9704008102417 27.66397476196289 0.73960560453878 0.2190112782305132 -0.636409938438003 177 165 129
-10.661039352416992 9.118946075439453 27.27977752685547 0.10309443282027782 -0.8361153120722543 -0.5387789183327258 86 74 48
-11.174376487731934 5.004176139831543 33.63216781616211 0.0700557938615558 -0.751693001930944 -0.6557818361272848 99 90 59
-16.9393310546875 0.35552138090133667 41.69241714477539 0.02142620847870035 -0.7910787600226085 -0.6113389510176166 117 112 83
12.053160667419434 9.264973640441895 29.320606231689453 0.1369880440028277 -0.8704785820689709 -0.4727592558157623 74 64 40
2.965221881866455 0.12054610252380371 24.182621002197266 0.718597236576693 0.2568058153497698 -0.6462729955575122 229 220 211
-8.24669075012207 4.579129695892334 34.846458435058594 -0.03817023887022245 -0.9255911872717102 -0.37659525609005745 106 92 63
-12.760527610778809 -1.890725016593933 46.45122146606445 0.053146671802430656 -0.8786382745869755 -0.4745210361060372 126 118 95
-2.2290163040161133 7.049941539764404 30.78750228881836 0.05544978846578951 -0.7631860529258243 -0.6437952854585071 91 76 45
-5.999331474304199 1.7154909372329712 39.62498474121094 0.0798159812602145 -0.860403269223541 -0.5033245706747401 119 102 94
3.248140573501587 1.4553463459014893 24.6148624420166 -0.3748699471766354 0.3550133816746659 -0.8564099611375996 137 124 96
-8.830595016479492 5.536633014678955 31.606277465820312 -0.7166555006759155 0.1375010784310041 0.6837385076045254 116 115 61
13.28545093536377 6.16249942779541 36.03599166870117 0.16983632660322992 -0.8476933746929096 -0.5025649855169649 106 94 79
20.43264389038086 7.213460445404053 36.920989990234375 -0.1424333514804219 0.957736636121544 0.24990653496186024 85 71 58
4.169745445251465 5.450272560119629 34.01571273803711 -0.03846989339218254 -0.9168378031339903 -0.3974022018646002 110 96 57
-6.0726189613342285 6.446159362792969 32.86688232421875 0.2530014262908558 -0.6489156891499613 -0.7175644268425122 62 49 52
3.788950204849243 6.539331436157227 26.289491653442383 0.6668327695009347 0.4219691054422956 -0.6142280778114447 169 148 143
-9.89871597290039 5.819677352905273 32.13842010498047 -0.07083370003149018 -0.9095063450273043 -0.4096105409958626 142 138 93
10.32777214050293 8.682766914367676 29.688480377197266 0.24833783637104725 -0.8788496822699488 -0.40737151962374174 105 102 59
4.739825248718262 8.134546279907227 28.022323608398438 0.8824569759051818 0.03495214062796926 -0.4690927771153631 151 137 111
2.9498181343078613 6.822239875793457 25.73456382751465 0.235491628799676 0.23709532859258328 -0.94251233303594 172 151 146
-6.483890056610107 1.8768730163574219 39.315406799316406 0.06738456192098144 -0.8619027132965358 -0.5025763958114101 156 148 119
-15.08486557006836 2.807258129119873 37.49664306640625 0.01840826751279757 -0.8421422257212662 -0.538941190988784 152 145 116
-3.3929779529571533 8.452651977539062 28.485288619995117 0.048654147778446614 -0.8341583668385577 -0.5493747290667667 109 96 62
11.470577239990234 8.725423812866211 30.16535186767578 0.27474057634902915 -0.8681718065011194 -0.4132739165541255 74 67 51
-13.605289459228516 0.29722917079925537 42.21677780151367 0.03973753995903304 -0.8537704652134656 -0.5191309282321621 136 123 89
-12.48046875 -2.2242937088012695 47.272621154785156 0.034855318285791664 -0.8102611928118798 -0.5850315429190683 110 101 76
-14.563566207885742 4.240146636962891 34.66304397583008 0.002292631250181192 -0.9738756351855432 -0.22707045389901756 121 112 81
9.314921379089355 3.017932891845703 40.053985595703125 0.40256125368703427 -0.826077641198549 -0.39438581077640794 102 90 74
8.991004943847656 6.190218925476074 33.553680419921875 0.18530494956805743 -0.8797121737413852 -0.4379138808450664 130 124 90
16.350400924682617 8.450579643249512 33.13241958618164 0.05685040229827292 -0.8250888325183606 -0.5621356154986216 40 33 23
-24.168033599853516 -19.101760864257812 101.95671844482422 0.03185175346140502 -0.9609516984949648 -0.27487687964082425 137 128 97
25.75774383544922 7.266810417175293 39.79349136352539 0.4090668726258285 -0.7881103713177727 -0.4599416662376728 54 47 41
37.19803237915039 8.888463020324707 44.931678771972656 0.21803828488123356 -0.9096392161415887 -0.35357573839754053 58 54 44
-5.782990455627441 4.116386890411377 35.69778060913086 0.1767530267065197 -0.8175095240429244 -0.5481209224698463 135 123 101
-2.3694543838500977 -8.741114616394043 76.4661865234375 -0.11897881400444742 0.9293532685497944 0.3494946981771091 126 115 83
-12.13691520690918 7.580910682678223 29.09992027282715 0.010732942049006475 -0.849417139586471 -0.5276128570568674 130 119 87
-4.420154571533203 8.453681945800781 28.531728744506836 -0.3797938464781897 0.7685450739410944 0.5148738714463755 122 108 81
-0.30345454812049866 5.763086318969727 33.44236373901367 0.10164986918609975 -0.8934096903929994 -0.437591623784475 129 116 81
1.5838440656661987 1.9963375329971313 40.181480407714844 0.0662929239672516 -0.9186771770532799 -0.38940659033109504 108 91 65
-10.744534492492676 5.007250785827637 33.639495849609375 -0.05978021051657814 -0.7942477427932992 -0.6046460530743112 131 121 86
-8.665623664855957 6.919466018676758 30.512863159179688 0.13135658264759262 -0.806573071071466 -0.5763552109745257 141 132 91
-11.160724639892578 6.543223857879639 30.806760787963867 -0.08262047220317344 -0.8408487453740585 -0.5349273268172009 103 97 63
2.3690123558044434 6.157585144042969 25.863340377807617 -0.7427017560153159 0.07171779863839543 -0.6657707255281119 161 148 155
13.187108039855957 -1.7439045906066895 57.273094177246094 0.4699225440930068 -0.7782033930428524 -0.4166200686593809 106 90 67
-8.29254150390625 7.761430263519287 29.533729553222656 0.10333035109112809 -0.8576297206080684 -0.5037798138801418 144 134 99
-0.6102690696716309 7.29390811920166 30.752031326293945 -0.1624698302472774 -0.7726605574500403 -0.6136768019246075 139 131 85
-8.165509223937988 6.344492435455322 31.681915283203125 -0.3987763869208223 0.8756734030888846 0.27234809409486704 106 97 58
8.269560813903809 -0.293928325176239 49.908103942871094 0.38108793096093435 -0.8990459771155254 -0.21561150226345574 93 79 50
18.05312728881836 7.8233771324157715 34.8076171875 0.17981810901548886 -0.9199801362478206 -0.34828436166376364 62 51 45
-7.782268524169922 7.109002590179443 30.31428337097168 -0.05135385280673131 -0.8622348185699154 -0.5038986995891234 141 135 93
8.762871742248535 5.1130170822143555 35.275474548339844 0.4763775718972949 -0.696408168525942 -0.536730911913578 121 117 63
-10.158184051513672 6.970339298248291 30.076704025268555 0.12108994193903444 -0.7996828780932441 -0.5880854703575893 140 134 98
-5.2861647605896 2.2194855213165283 39.351287841796875 -0.46940813340127113 0.8510316893627011 0.23537431465051975 104 89 77
2.075946092605591 2.9745800495147705 38.51373291015625 0.06586663201502775 -0.9106959035974779 -0.40779229757042995 107 88 63
10.781346321105957 5.366677761077881 36.2044792175293 0.2861413313249859 -0.8008752154191285 -0.5260437508752752 141 131 101
-7.820699691772461 3.947783946990967 35.435508728027344 0.021768758240728842 -0.9227094421042535 -0.3848810291717607 103 92 68
10.008359909057617 6.613035678863525 33.47268295288086 0.34609551284144474 -0.7441580667978791 -0.5713551151522673 168 164 116
-14.947179794311523 4.080493927001953 35.235496520996094 -0.054113314777698276 -0.8605313107056414 -0.5065151650829426 122 113 82
-16.879379272460938 -0.4819311201572418 42.9367790222168 -0.13067010825446315 0.8491673168110441 0.5117032253843028 95 89 55
-4.982053756713867 1.8631877899169922 39.65082931518555 0.1378279074596953 -0.5567874800444942 -0.8191405068674016 175 159 144
31.261009216308594 7.54473352432251 44.337135314941406 0.32968779482119176 -0.8563567723989726 -0.3974406072765516 55 44 39
-10.600802421569824 -0.461945116519928 44.117774963378906 -0.2627940697582228 -0.8081868356742218 -0.5270420434299323 127 116 86
13.513129234313965 7.086346626281738 33.982994079589844 0.15483920274486576 -0.8505973277871206 -0.5025027435295693 86 81 52
6.803647041320801 7.673720359802246 30.330463409423828 0.23841173966263016 0.8812332598223802 0.40815166810128245 168 153 150
-5.809366703033447 -10.998603820800781 80.88811492919922 0.024775086294590267 0.8828483921492618 0.46900417010785606 138 127 95
6.313088417053223 3.746074914932251 37.59787368774414 0.16040993998565037 -0.8629753959508167 -0.4791055386210138 116 106 70
-9.22011661529541 5.72549295425415 32.197303771972656 0.15321935225023164 -0.7838157836398414 -0.6017945225848113 117 113 79
-11.924513816833496 -4.290524005889893 52.31108856201172 -0.08508689178540213 0.8574107077622869 0.5075500951244855 151 143 106
12.226798057556152 4.773757457733154 38.30807876586914 0.26187259864350404 -0.8876183392077024 -0.37888840834981813 112 111 65
-14.692671775817871 6.570878505706787 32.239471435546875 -0.05838204559657242 -0.8533364817886776 -0.518081446879235 93 82 54
10.2257661819458 7.142445087432861 32.57878875732422 0.3502449694034873 -0.8538790513856114 -0.38499224279504407 128 128 78
-5.271648406982422 6.614626407623291 31.406997680664062 -0.0677508952148713 -0.9236404286072901 -0.3772243030873339 133 124 81
7.374625205993652 8.726780891418457 28.487279891967773 0.30990120889583056 -0.8907298991531543 -0.3325078758157681 110 114 64
-4.736547470092773 -2.7061984539031982 49.94091033935547 0.18529036835314933 -0.9287503441598697 -0.32107674724040397 108 94 68
-1.0940719842910767 4.668516159057617 35.018104553222656 -0.08913383933027473 -0.886248695037204 -0.45455297736468236 95 81 68
-15.92912769317627 3.232461929321289 36.65497970581055 0.030984743163646487 -0.8796113059222879 -0.47468294279947526 96 89 60
3.431901216506958 4.1351728439331055 25.419504165649414 0.5820073142199619 0.36589440135424195 -0.7262153766287848 130 107 99
-19.180282592773438 -1.4294955730438232 45.06581497192383 -0.11828512930312117 0.8445971879509983 0.5221725943507666 65 58 40
-32.77208709716797 -7.574746131896973 61.390865325927734 -0.04518956912878231 -0.9675651813451008 -0.24854682192813596 149 146 111
3.187459945678711 1.0332837104797363 24.55179214477539 -0.6810027532044968 0.22358027667828648 -0.6973142118215836 118 106 92
2.3188087940216064 1.3102245330810547 24.773027420043945 -0.28541124747421015 0.8738381660492429 -0.3936334327402982 81 72 82
1.6175487041473389 7.276417255401611 30.686071395874023 -0.18386463829754315 -0.8778907923251783 -0.44215557390401033 66 58 44
6.2369489669799805 0.0653037503361702 44.955753326416016 0.1974838069072858 -0.939014029736787 -0.2815187346641184 91 70 49
-2.269779920578003 7.459564685821533 30.152442932128906 0.030711216637806772 -0.8846288000547423 -0.4652834698184886 116 107 66
18.441247940063477 -1.657597303390503 64.20099639892578 0.1856363515924624 -0.9552632953611323 -0.23024157205689452 137 126 94
-16.501325607299805 0.5706892013549805 41.15422439575195 -0.06720150137018345 -0.8418195884767408 -0.5355592765235646 127 122 92
4.187288284301758 -16.3597412109375 103.03592681884766 -0.16058060322684495 0.913788377556082 0.3731014217484657 119 101 87
-12.122443199157715 -2.9026615619659424 48.03788757324219 0.09954428598981725 -0.9179635859947479 -0.3839710795287066 124 115 86
2.1764442920684814 -0.15857818722724915 23.977354049682617 -0.0040865932714579 0.015481527771447264 -0.9998718028093879 143 122 108
15.593331336975098 8.730868339538574 32.2645263671875 0.3666266716819622 -0.8448758915538302 -0.38957619470718197 113 107 95
-16.5082950592041 -13.348910331726074 85.13314819335938 -0.054087770050253406 0.8959499190467413 0.440849470557841 151 140 108
17.79393196105957 8.852497100830078 32.71940612792969 0.13226800869509742 -0.8939903488237406 -0.4281196445923032 69 57 57
37.48101806640625 5.20982551574707 54.28861999511719 -0.14885606223346132 0.9276397053900622 0.342529487373257 49 43 34
27.46583366394043 14.365853309631348 31.40149688720703 0.23291982825845906 -0.8462365030854957 -0.47919947250563855 30 23 14
-7.240902900695801 2.1434080600738525 39.020050048828125 0.07677485877237714 -0.8825660741117346 -0.4638779428766598 97 82 63
19.08298683166504 8.421005249023438 33.791595458984375 0.12105767169040325 -0.8690530786984121 -0.4796788368582779 78 69 66
21.186731338500977 6.323065757751465 39.46817398071289 0.15426025208037825 0.9520430078928747 0.2642307433861282 55 46 39
-12.267702102661133 3.5372259616851807 36.04111862182617 0.06130213480180705 -0.8741256491468117 -0.48181573010063267 138 129 93
25.905200958251953 6.269957542419434 41.83927917480469 0.23571387321151696 -0.8275594512174116 -0.509494185125171 79 65 56
4.790842533111572 6.206843376159668 27.56599235534668 0.8363134199566769 0.28696689947621046 -0.4671507917208083 109 101 64
2.5205516815185547 1.17482590675354 24.285907745361328 -0.9549906055824622 0.04019431034778438 -0.2939002563199093 234 226 224
11.498889923095703 3.818209171295166 39.933876037597656 0.1747513263389312 -0.8644430706095886 -0.47138111079873657 110 97 73
11.30384349822998 -3.704271078109741 60.55495834350586 0.19869586154721525 -0.9520406236650224 -0.2326770411869751 118 105 73
-5.349776268005371 8.729355812072754 26.9698429107666 -0.004577740104717112 0.9484798123121905 0.31680449796643584 76 65 38
-37.51299285888672 -10.924426078796387 80.10423278808594 -0.008100677734114823 -0.9598206827178997 -0.28049712306402136 112 108 71
-10.850500106811523 2.2494564056396484 38.44002914428711 0.005509986225525407 -0.8415764648955955 -0.5401098904719552 118 106 68
1.9008899927139282 7.047959327697754 31.58224868774414 -0.3868039387852676 -0.7591522450752456 -0.5235175085299603 149 135 104
2.7354440689086914 4.9482645988464355 25.564096450805664 0.018894306917624917 0.331593256173034 -0.9432332254679472 137 118 112
-3.604886293411255 8.284632682800293 28.316843032836914 0.06890985114778717 -0.7632346487512776 -0.6424362251307939 134 125 84
-15.582172393798828 5.221375942230225 32.425559997558594 0.09805316359921797 -0.889765227502966 -0.4457616145820322 115 109 73
16.725818634033203 -0.9964760541915894 59.92718505859375 0.4633806935378259 -0.7828956911558526 -0.41515379033076844 241 233 233
-33.023895263671875 -10.495628356933594 77.0423812866211 0.07955852494497913 -0.9665377309175052 -0.24387549245756346 121 116 84
9.870270729064941 8.938088417053223 29.190387725830078 0.16699870630064506 -0.8326359858836951 -0.5280423724526259 85 74 42
14.832146644592285 7.6529459953308105 33.289947509765625 0.1913193536218926 -0.8866297318825989 -0.4210518061610615 68 67 21
-5.726500511169434 6.4402756690979 31.799367904663086 -0.09590134497358765 -0.8492036154494591 -0.5192842685271952 126 122 74
-5.614384174346924 0.19934852421283722 42.788658142089844 0.14511022420230935 -0.9252371452492081 -0.3505413640115113 89 73 48
-20.172426223754883 1.742824912071228 39.71307373046875 0.0049627709590939015 -0.8661194536914771 -0.4998124276582011 137 128 97
-7.585796356201172 -0.5084218978881836 43.94648742675781 0.07878691062084718 -0.9213886228508799 -0.3805727636021553 113 102 72
18.33412742614746 6.789722919464111 37.746299743652344 0.29017368505465924 -0.8610172437008585 -0.41767037068910656 45 39 29
31.338489532470703 6.067985534667969 49.11711883544922 -0.17912694234397913 0.9289266986225951 0.3240505008677252 81 75 63
30.223289489746094 8.445327758789062 41.28653335571289 0.2729802751086952 -0.8390465998747877 -0.47061935004857053 60 53 45
17.716739654541016 10.022444725036621 30.919677734375 0.1403714515367546 -0.8433337644644378 -0.5187330886956267 60 47 46
2.942512273788452 3.4162540435791016 24.873342514038086 0.2526468581307654 0.5662172974536301 -0.7845811220906097 145 124 123
6.187341690063477 -4.27645206451416 60.451454162597656 0.4290140192515118 -0.8888336682838476 0.16100211616852117 200 192 171
-12.53310775756836 7.61647891998291 28.8353214263916 0.10530937940827954 -0.8437870790513011 -0.5262445247550966 99 93 61
-4.699923038482666 8.815755844116211 27.678768157958984 -0.2845736371668297 0.9338545102761138 0.2166416365027779 110 107 62
-2.452402114868164 -0.12081548571586609 44.27790451049805 0.1447029821568578 -0.8808255307608459 -0.4507853494899604 99 82 68
-7.004586696624756 4.345789432525635 35.16630935668945 0.06599117583925347 -0.9031588408352229 -0.42420428207707855 175 162 145
-0.5585826635360718 6.843321323394775 31.439931869506836 0.024659518179661184 -0.8370406294758128 -0.5465847535102693 40 33 15
2.571042060852051 2.75065279006958 24.645044326782227 0.17633453096030627 -0.7775214524542554 -0.6036278026768102 189 170 164
1.9475256204605103 6.049190521240234 32.91433334350586 0.005740923131275453 0.9481243611492386 0.31784782144439677 154 139 106
9.589430809020996 5.697930812835693 34.792381286621094 0.3447000538386836 -0.9163545019863368 -0.20365730915678135 136 125 93
-7.203445911407471 -0.4619230628013611 43.77571105957031 0.06651346745618375 -0.8926841171723691 -0.4457477151877988 101 90 58
-13.533658027648926 -1.1204559803009033 44.64731979370117 0.07407701034796557 -0.9580982477045654 -0.2766953998232502 128 121 88
-12.856980323791504 7.357357501983643 29.384145736694336 -0.1225211521540722 -0.9395153261307423 -0.31984296027939013 127 116 84
-0.6483816504478455 7.663591384887695 30.26332664489746 0.05760264540384674 -0.8956054980653397 -0.44110398669430934 125 117 71
10.16802978515625 4.7385382652282715 37.10443878173828 0.2813136462385588 -0.8645366355098756 -0.41646012810499866 83 69 43
3.195038318634033 5.212937831878662 34.89649963378906 0.11955069011872752 -0.8592155745416581 -0.49744972505488827 152 135 105
-5.986334323883057 8.133994102478027 28.682218551635742 0.2635661065396323 -0.7516310849832047 -0.6046351127502515 94 84 47
-7.06906270980835 4.710247039794922 34.4580078125 0.06743618590563674 -0.8366677854689717 -0.543543353918477 153 145 124
-8.17960262298584 -0.3377264738082886 43.42113494873047 0.043614903141138785 -0.868825211653036 -0.4931941725325296 137 126 98
20.656328201293945 10.525217056274414 31.37147331237793 0.3118677030883661 -0.7953158812302344 -0.5198184152503283 45 33 33
-1.7057626247406006 -0.18106135725975037 44.24595642089844 0.1407944184504032 -0.8863636219211678 -0.44106287700055 109 94 74
-0.5672187209129333 7.018901348114014 30.06763458251953 -0.028242719814893624 -0.8267198489055227 -0.5619044760482753 0 0 0
10.74946117401123 8.113543510437012 30.87556266784668 0.18568794691421694 -0.8153953908166924 -0.5483159153313688 119 118 70
3.650287628173828 7.216916084289551 26.800718307495117 0.6512115734950625 0.2799280851668773 -0.7053819913216457 194 182 168
-28.450820922851562 -3.5699374675750732 51.90236282348633 -0.17213039989164666 -0.9190607732838368 -0.3545397304168573 148 141 115
9.669172286987305 8.924642562866211 29.131505966186523 0.18850762724685063 -0.8456062184092633 -0.49941465522884665 90 80 44
29.0355167388916 5.5852580070495605 48.531471252441406 0.29767410547715395 -0.911057062281975 -0.2852457820801446 61 53 42
24.807071685791016 9.344063758850098 35.68666458129883 0.33856248863302013 -0.7528289150671401 -0.5644679494262264 67 53 49
-3.6536202430725098 5.6392974853515625 33.187255859375 0.21229753007002602 -0.8307308568057299 -0.5146027616297681 126 110 87
-0.20319613814353943 7.960417747497559 29.089832305908203 -0.18309859992111263 0.9090885106905015 0.37420981071780485 121 109 71
4.1711554527282715 1.16212797164917 41.67225646972656 -0.18567473605048684 -0.850044586851677 -0.49289866378064306 105 87 63
-11.59416389465332 5.749798774719238 32.04679870605469 0.013239454428597948 -0.8843156046057237 -0.4667018623245961 121 115 79
2.5873420238494873 -1.6406103372573853 49.21273422241211 -0.018459123547381037 -0.9794797062413195 -0.20069570453619814 156 145 113
-6.736034870147705 8.147420883178711 28.631059646606445 0.015821680277099445 -0.8742046003340902 -0.4852998981948405 106 92 57
-4.004062175750732 2.246816635131836 38.96611022949219 0.00651608017333464 -0.8620501453077156 -0.5067811042986122 117 102 81
10.154595375061035 9.774224281311035 27.736717224121094 0.09240056118672439 -0.8953219222232569 -0.43573018242810635 104 92 66
2.188816785812378 0.18943187594413757 23.92792510986328 -0.09437892546812571 0.32053671044331383 -0.9425225916049232 228 223 219
18.5402889251709 8.335844993591309 34.03609085083008 0.24001787111936054 -0.826396310472862 -0.5093727118526978 63 54 47
-8.462077140808105 7.475215435028076 29.85022735595703 -0.014847808203930534 -0.8210157754454727 -0.570712396099128 106 93 60
15.981070518493652 8.780945777893066 33.09343338012695 0.07159376774544132 -0.824352393820553 -0.5615313555112802 122 115 108
-4.670562267303467 6.877049446105957 30.930316925048828 0.017673446098117166 -0.9083694308256005 -0.4177949574188177 94 81 46
22.646265029907227 11.138998985290527 31.953676223754883 0.3542637203602427 -0.7503626450914076 -0.5580798484876025 63 54 49
17.485734939575195 4.535717010498047 41.48626708984375 -0.03921997710573394 0.8816099031240138 0.4703464383935451 55 41 30
12.990936279296875 8.084372520446777 31.985727310180664 0.24351553487503674 -0.7821269872656961 -0.5735656545376561 90 85 55
12.434407234191895 0.9010400772094727 50.20619201660156 0.2757090628527325 -0.9107715369828668 -0.30737553592102085 129 122 93
-14.786916732788086 -2.9177236557006836 48.095237731933594 -0.014730181308927398 -0.8693816824526784 -0.49392156459741293 94 89 60
28.267253875732422 7.404779434204102 41.97040557861328 0.39436822360936313 -0.8179263851041345 -0.41889155250217014 57 46 41
2.470782518386841 4.315476894378662 25.28697967529297 -0.4103617167990966 0.6770620144336137 -0.6108930266395214 174 153 150
7.407853126525879 6.146209716796875 33.308597564697266 0.0562091170200764 -0.8613462310669722 -0.5048992031985645 130 122 76
2.7513201236724854 7.529357433319092 26.10837745666504 -0.6162907858799521 0.3588680787199931 -0.7009988368858339 96 86 95
-7.237452030181885 1.1514666080474854 40.56549072265625 0.1605431908002784 -0.857405334719529 -0.4889600964109004 163 150 115
-0.22440558671951294 8.086963653564453 28.89435386657715 0.2983704912351781 -0.8440374661198795 -0.4456184531031127 112 102 77
3.3335821628570557 1.7417306900024414 40.47890090942383 -0.1470982838512109 -0.8702750384775175 -0.47008877064974025 111 90 69
23.334802627563477 6.748658657073975 39.32518005371094 0.21321800998660748 -0.9366150782145231 -0.2780112866028171 47 39 34
-8.429821014404297 -4.226821422576904 53.12681579589844 0.09536050201151827 -0.9301053162841643 -0.35469772381007075 162 157 121
-10.830092430114746 6.2818708419799805 31.100887298583984 -0.05553454437668812 -0.8853606853578225 -0.4615759647161027 166 155 123
-9.609070777893066 5.269126892089844 33.141334533691406 -0.020621382393193687 -0.8672254006677019 -0.4974885556723268 140 128 90
10.825550079345703 0.5545806288719177 47.665794372558594 0.2393168600717303 -0.9394960688476226 -0.2451011568827667 160 151 110
-12.327502250671387 3.0498299598693848 36.955848693847656 -0.02339716998359553 -0.9168495484447601 -0.3985467073674034 117 109 72
-9.825313568115234 0.16240756213665009 43.27788543701172 0.03207013009334326 -0.7256123546965496 -0.6873559612511737 130 124 88
-7.695654392242432 2.8546736240386963 37.480472564697266 0.013548132328599222 -0.8339335010975834 -0.5516986168711444 163 152 125
-3.2479872703552246 1.399823784828186 40.80396270751953 0.066624131386568 -0.8470727326984876 -0.5272845632442712 128 113 91
-6.118829727172852 5.237418174743652 33.00354766845703 0.15884512422779304 -0.8282951780354695 -0.537303754455752 141 126 105
-6.3187103271484375 -3.919728994369507 53.610286712646484 0.19639488383187267 -0.9170795645879236 -0.3469785610378394 156 142 113
-4.551172733306885 -9.245147705078125 77.64991760253906 0.05034810653594619 0.8576752981258873 0.5117207745957896 121 117 82
-3.94614577293396 -0.20631664991378784 43.94377899169922 0.07397914665783417 -0.9113332717384615 -0.4049675958422477 114 99 78
11.596636772155762 -0.1536840945482254 50.12343978881836 0.2972883128651314 -0.9030985128575685 -0.30989148924785304 132 116 90
-9.526667594909668 4.061912536621094 35.43975830078125 0.16264276518953524 -0.8401171910358508 -0.517446070868776 146 134 92
-2.7761025428771973 5.207067966461182 34.04309844970703 -0.04299991494927908 -0.8319388476009352 -0.5531986633812328 117 103 76
20.95980453491211 4.291294574737549 43.753631591796875 0.2601825059554381 -0.8508578891404636 -0.45644924809028153 70 64 40
-13.584283828735352 -0.4925226867198944 42.89268493652344 -0.08406802530031397 -0.8792588386826781 -0.46886721118083524 127 131 143
8.07404613494873 3.521324872970581 38.27751541137695 0.05543298457106751 -0.9245029021840089 -0.37712274934679935 108 91 76
-8.901869773864746 7.131460666656494 30.267969131469727 0.1439827635555644 -0.7283845064710522 -0.6698693712447403 116 107 64
1.7770607471466064 2.6325175762176514 25.43466567993164 -0.7897247105788971 -0.5716113274747017 -0.22270018366334102 188 173 166
15.79709243774414 4.137668132781982 40.754695892333984 0.4033156358794907 -0.8269632348265713 -0.3917503109128254 155 135 111
-9.269781112670898 7.067772388458252 30.182947158813477 0.18581661791939846 -0.8097736893400863 -0.5565417832989191 161 156 118
36.33015823364258 2.0801761150360107 63.331111907958984 0.15669490968235797 -0.9473283133823489 -0.27931303575700134 72 65 54
23.835308074951172 1.3770688772201538 56.71599197387695 -0.06687320837803695 0.9694300365101549 0.23607917805928536 115 114 70
12.389242172241211 3.688062906265259 40.48442077636719 0.2324073506109103 -0.9216702623013749 -0.3106617951588717 96 81 60
-9.407054901123047 3.051034927368164 36.781822204589844 0.03862700847147044 -0.9448784114773534 -0.325134959271652 101 86 55
4.15185022354126 6.366140842437744 26.699901580810547 0.6480209384072669 0.4494297486693419 -0.6148835372627709 176 155 146
9.913350105285645 -3.5900466442108154 59.2489128112793 0.044543526039948884 0.9281842922156676 0.3694452516571684 134 120 91
-2.163745641708374 2.2157788276672363 39.66472625732422 0.058405909998065816 -0.8862327029937493 -0.4595436277674741 144 125 111
14.59176254272461 6.6731648445129395 35.456268310546875 0.1186954565574063 -0.8004111472901237 -0.5875826613220788 109 97 83
9.631369590759277 6.028247833251953 35.07310104370117 0.19862496982089087 -0.6707829914135095 -0.7145616137143066 118 108 73
-17.54808807373047 1.1059075593948364 40.214210510253906 0.02464775671147127 -0.8355562245034196 -0.5488517867172186 70 63 35
-7.776851654052734 -5.071969032287598 56.08724594116211 0.02918610037528393 -0.9233008071560305 -0.3829670887294439 100 89 59
-15.148292541503906 -5.326897144317627 54.73674392700195 0.08286462627896699 -0.9468664376101451 -0.3107690509673062 174 162 127
-4.117587566375732 6.282990455627441 32.02550506591797 -0.06223349644516275 -0.8280112780385074 -0.5572470864537987 104 92 60
25.281936645507812 6.111805438995361 41.57945251464844 0.2727785286877363 -0.8180223108565104 -0.5063905342992979 43 36 28
2.1454150676727295 2.3498764038085938 25.015592575073242 -0.6972632623791997 -0.35639668683581494 -0.6219367689313513 173 158 163
-14.669451713562012 -16.307632446289062 92.57415771484375 0.03342325289342948 -0.953748170508153 -0.29874288848167146 134 125 93
-6.98858118057251 1.5025770664215088 39.988243103027344 0.06998095798817375 -0.8980238409066997 -0.4343453081158309 109 94 79
13.504704475402832 6.566901683807373 35.62746047973633 0.22666634470580202 -0.838323296794852 -0.4958189369404126 100 94 58
9.031758308410645 7.449608325958252 31.557870864868164 0.41052512996544366 -0.8891393084824144 -0.20223849232594004 96 93 49
-10.839110374450684 2.2492990493774414 38.391414642333984 -0.05254972349016844 -0.930205593658677 -0.3632575946724515 103 90 55
26.869585037231445 0.5575283169746399 60.555694580078125 0.402725930681055 -0.8691149891429297 -0.2871427526582605 96 85 59
-7.083376884460449 4.815750598907471 34.30232238769531 0.07145825277414716 -0.8286589301650886 -0.555173932716691 89 78 56
-3.0926995277404785 -12.393232345581055 83.85967254638672 -0.04733239783410543 0.8931372510734785 0.44728681498584777 144 134 99
4.967861175537109 6.481950759887695 27.771284103393555 0.9368463613629138 0.08380322775866597 -0.3395525205594826 139 132 88
-8.227907180786133 1.78663170337677 39.231475830078125 0.01565570751999437 -0.8695659317867712 -0.49356862653318323 141 131 104
-18.132116317749023 -7.580397129058838 61.864654541015625 0.0464396376882116 -0.9698791180270194 -0.23911891699846471 152 146 112
1.429190754890442 8.58254337310791 28.375349044799805 0.7392360005787105 0.6684005898342545 0.08228479177596054 64 60 50
2.561161994934082 2.7731235027313232 24.737804412841797 0.17633453096030582 -0.777521452454255 -0.6036278026768107 159 141 141
-6.157833576202393 -2.9892163276672363 49.63238525390625 0.02157859944332538 -0.9278094521350365 -0.37242983845947136 140 125 104
24.685026168823242 9.153277397155762 36.2508659362793 0.39013226845255966 -0.7773511703980136 -0.4934794534657931 56 42 41
7.920738697052002 -11.366503715515137 84.45756530761719 -0.15338832361699395 0.8943117452742874 0.420331445935736 143 132 102
4.452442169189453 2.932635545730591 38.34883499145508 0.08983667153134316 -0.8157251801615426 -0.5714208631985609 165 152 107
-15.03431510925293 -1.2661136388778687 45.2086181640625 0.04154289033196524 -0.8379732689903494 -0.5441277319899193 93 88 59
-10.719413757324219 3.947303533554077 35.78411102294922 0.003155384363753511 -0.8769464941406082 -0.48057766278096326 143 130 95
-3.031473159790039 -3.860846757888794 53.930973052978516 0.28744158042329726 -0.9101117571167134 -0.29845255469116966 120 103 88
8.808367729187012 -12.38023567199707 87.06497192382812 -0.1546424152917562 0.8984047152859169 0.41104098450733967 166 152 124
39.9289665222168 -7.327881336212158 99.68443298339844 -0.2132732562872802 0.8907238945618737 0.4014043619707539 103 85 70
9.629363059997559 8.239892959594727 30.012069702148438 0.030350727938012193 -0.8512654029115194 -0.5238568956494907 110 113 61
28.54293441772461 13.370844841003418 32.9255485534668 0.20739137520386822 -0.7575455454329096 -0.6189616822435813 43 37 29
-2.691659688949585 5.516812801361084 33.51544952392578 0.16890174921014892 -0.8135485351223367 -0.556426976443497 122 108 82
-14.368332862854004 -7.324483394622803 61.196353912353516 0.06509905646137687 -0.9860072592800254 -0.1534659489754378 159 155 118
0.026389500126242638 7.8879289627075195 29.462350845336914 -0.09560639698734578 0.974338751461992 0.20377294779873095 133 129 88
-9.071325302124023 3.9723446369171143 35.59962463378906 -0.01343079866418145 -0.8690391685681375 -0.49456095391937555 106 92 53
17.92654800415039 1.0891097784042358 53.43223571777344 0.28503123316264883 -0.9314824703300376 -0.22604779049933343 124 117 70
-2.2392215728759766 7.052322864532471 30.874296188354492 0.029012676008154673 -0.7196087818470968 -0.6937733532785643 77 60 30
37.08198928833008 2.545063018798828 61.7156982421875 0.22965616029056632 -0.932359943549391 -0.279218523212859 94 88 64
-11.896552085876465 0.2030619978904724 42.255550384521484 -0.20352968440291452 0.8853438008573316 0.4180215566814033 110 98 72
2.8680880069732666 4.570279121398926 25.395286560058594 -0.05244908033967554 0.42513370586361066 -0.9036096646839249 124 105 99
-9.04665470123291 9.105198860168457 27.227401733398438 -0.03449038030015776 -0.873238458546759 -0.48607099088675376 126 120 84
-11.28426456451416 -3.1350152492523193 49.812477111816406 -0.24743261733176444 0.9163067162469394 0.3148953820574439 122 113 82
-8.864261627197266 -9.969103813171387 77.99844360351562 -0.14333942344730694 0.9146277356869821 0.3780342772790548 142 132 99
4.850721836090088 0.6635233759880066 43.865386962890625 0.0364855010634744 -0.9282614599305845 -0.37013439480773375 113 95 75
21.0566463470459 12.854147911071777 28.639034271240234 0.25661500770083157 -0.8363931982933532 -0.48435024070533717 66 54 54
14.175939559936523 5.7904276847839355 36.751827239990234 0.1770864792837978 -0.8738003972072498 -0.45289429748598176 112 104 81
11.174095153808594 8.400500297546387 30.481698989868164 0.39334431864897784 -0.7917105986426498 -0.46741263887861306 94 89 49
-13.244449615478516 -16.01340675354004 91.47062683105469 0.026455440334046846 -0.9432831791589542 -0.3309334579526644 166 160 124
-11.236656188964844 3.1567676067352295 37.022464752197266 -0.02045013832965325 -0.8445111454328169 -0.5351473788425477 149 137 99
23.12679672241211 9.465014457702637 34.79336166381836 0.4463987077646209 -0.7571395048479135 -0.47693601657322143 63 52 46
-1.2085119485855103 5.132977485656738 34.32591247558594 0.002930038886273157 -0.8627311467244928 -0.5056544109800355 127 113 87
7.378237247467041 2.795055627822876 39.94923400878906 0.1804198879243296 -0.8696875653513741 -0.45944771488665753 110 92 63
11.732246398925781 7.267529010772705 32.945003509521484 0.21768719022100583 -0.8248682479043847 -0.5217323651191613 114 112 65
3.203282356262207 3.9755959510803223 25.163639068603516 0.2868590102039001 0.34703638925600055 -0.8929040557624303 171 148 140
-16.048192977905273 0.8875716328620911 40.747310638427734 0.04199501262527888 -0.7586451757366406 -0.6501491492312547 111 105 69
-9.897111892700195 3.4676952362060547 35.49213790893555 -0.007120728825652867 -0.8890769478351349 -0.45770238807455665 0 0 0
2.3303678035736084 1.3311164379119873 24.75003433227539 -0.28541124747421015 0.8738381660492429 -0.39363343274029833 84 79 86
-3.981343984603882 4.516633033752441 35.31633377075195 -0.013435877660903846 -0.8838528767021375 -0.4675719939611842 191 179 155
-5.262397289276123 8.392200469970703 28.23957633972168 0.005569100912813702 -0.8790723800652784 -0.4766557832664889 113 101 61
-4.42025089263916 6.608495235443115 29.70627212524414 0.5509810377456621 0.46200164827057466 -0.6949635767721833 116 102 67
8.895745277404785 7.730385780334473 30.713438034057617 0.35829004195243597 -0.7779452932161053 -0.5161679635551103 137 134 89
15.308932304382324 10.747220993041992 28.781967163085938 0.36908896448465156 -0.8198824867161144 -0.43768258392566683 77 77 44
2.187619209289551 6.738546371459961 26.529525756835938 -0.8280302336087803 0.2997689491716868 -0.4738190681497434 113 100 107
-13.823137283325195 5.8348565101623535 31.80885887145996 0.011503137441186268 -0.8847347051228207 -0.4659529797954341 101 92 61
-8.0156888961792 -3.6757307052612305 51.93137741088867 -0.10492915457754809 0.8624943794192823 0.4950690032609474 121 110 80
-7.9419732093811035 -4.859951972961426 55.28424835205078 0.0970477199677732 -0.9405216343981003 -0.32557763325846434 99 88 60
-3.354773759841919 -2.241361379623413 49.14488220214844 0.08756288077303565 -0.9564492917633519 -0.2784555515627386 153 143 108
0.014679729007184505 4.370223045349121 35.76450729370117 -0.07839027411784037 -0.7792535474002747 -0.6217868395099865 161 157 109
26.982683181762695 11.436050415039062 34.576419830322266 0.3954847351648737 -0.7014117760222315 -0.5929699357546795 48 40 38
17.774322509765625 11.548615455627441 28.343538284301758 0.20489163122737314 -0.7753568994984438 -0.5973617813797151 65 54 52
14.881821632385254 7.657435894012451 33.60585021972656 0.25953263311852925 -0.9092308806043573 -0.3254873547497473 62 61 12
-15.217751502990723 -3.4283032417297363 49.258323669433594 0.014721166716877468 -0.9238895153436295 -0.38237605925137047 144 138 104
-6.031682968139648 -2.3878493309020996 48.935035705566406 -0.08101043311872491 -0.9066488166212444 -0.4140353041048722 147 131 105
19.964344024658203 0.5831849575042725 57.3007698059082 0.16835254865870744 -0.945480787648512 -0.27878934618752427 154 147 128
13.156123161315918 9.186772346496582 30.142221450805664 0.21233983609537235 -0.7658274713754558 -0.6069761758863902 92 85 59
-7.942753791809082 7.426785945892334 29.81589698791504 -0.1579968002041063 -0.7684020698229281 -0.6201574559876742 101 90 54
-5.212943077087402 7.41314697265625 29.947647094726562 0.08208288635713279 -0.8953486009340285 -0.43773654470784135 132 129 78
-8.687443733215332 6.642145156860352 30.99173927307129 0.14704472248470934 -0.8725711755196801 -0.46582978998943275 135 127 78
5.9169440269470215 7.920274257659912 29.74869155883789 0.13450860781917978 0.9255685253746925 0.3538789895688405 122 105 95
-1.1568957567214966 -4.187011241912842 56.041500091552734 -0.4333071100797727 0.6857748573024868 0.5847715737329141 122 117 50
-10.535782814025879 -16.229843139648438 92.42866516113281 0.03935366301832186 -0.9415610713830153 -0.33453555575320926 171 165 131
30.073450088500977 10.01801586151123 38.5076904296875 0.2543353565561952 -0.8534274892614768 -0.4549451032578383 84 77 59
1.5016642808914185 5.891306400299072 27.013790130615234 -0.9628016568036025 0.005011081801141972 -0.27016265233266457 96 82 82
0.23296496272087097 7.602387428283691 30.18878746032715 -0.15646789803174185 -0.6494032913150306 -0.7441728039338268 70 66 39
17.654129028320312 8.020026206970215 34.2415771484375 0.21890959803146243 -0.9105803959804413 -0.3506022395048351 57 50 44
16.978103637695312 8.082822799682617 33.470985412597656 0.002250113283045431 -0.8306468392756741 -0.5567950838428319 82 71 67
-11.344120979309082 5.8350019454956055 32.120765686035156 0.03645811720684825 -0.8826794090291746 -0.4685593522336725 142 134 97
-11.990609169006348 3.334092140197754 36.28125762939453 0.06618682905787057 -0.8731641602461638 -0.48291164090429184 130 122 83
-8.792610168457031 3.567443370819092 36.35365295410156 0.062358430260460396 -0.8143098735912736 -0.5770709280038417 164 154 116
24.01188850402832 9.972559928894043 34.44626998901367 0.4066826940229696 -0.7927764357646104 -0.45399857849841324 61 53 50
-1.0131855010986328 0.8007829189300537 40.57809066772461 -0.04660903590089043 -0.821853632698154 -0.567788872903685 144 129 111
-7.990869522094727 0.16079078614711761 42.62220001220703 0.005874306712982632 -0.9013068074336335 -0.43314146810762955 135 120 99
-21.95563507080078 -2.134237051010132 46.397098541259766 -0.030899842886356922 -0.8816850120432438 -0.4708255932379881 115 110 80
-10.323359489440918 8.224617958068848 28.376314163208008 0.10610076211809906 -0.7130601044548797 -0.6930280771460517 98 86 64
21.793067932128906 8.31321907043457 35.52794647216797 0.162344216238172 -0.8721065713325791 -0.4615999173446052 58 48 46
0.5055805444717407 5.940866470336914 33.09357833862305 0.00780157759137791 -0.7546658077495572 -0.6560629954514994 118 103 73
-10.992566108703613 -2.464768171310425 47.94858169555664 0.1532282727229923 -0.9113484937112494 -0.3820536866051232 74 59 52
-10.262444496154785 3.1340298652648926 36.890106201171875 0.05269528797397299 -0.8629448644251211 -0.5025429012409283 119 105 66
-9.633164405822754 7.33092737197876 29.628999710083008 0.021231951758352654 -0.8277560184991317 -0.560686345529295 145 134 102
19.6763858795166 6.952475070953369 37.59242630004883 0.16475097243941994 -0.9238472845079695 -0.34548995931505144 78 68 66
1.8389980792999268 -0.33533963561058044 45.450782775878906 0.030704981927056566 -0.9329210456015415 -0.35876946185340997 137 116 97
-18.50906753540039 -1.9008748531341553 46.18489074707031 -0.07849886831463711 0.8400369741036378 0.5368200907307081 137 131 99
28.889163970947266 9.863066673278809 38.24106979370117 0.2614920178432655 -0.8341299292187218 -0.4856430641796798 30 19 23
24.209707260131836 8.321839332580566 37.789485931396484 0.23625782673771734 -0.8325676592557316 -0.5010123073005323 63 50 41
-7.620548248291016 0.8627456426620483 40.61655044555664 -0.10318647164545874 -0.8088368111470599 -0.5789089436196476 134 125 82
11.508185386657715 3.09667706489563 41.1583251953125 0.29099317110680556 -0.9281697419158256 -0.23199979431265683 61 45 30
15.287659645080566 7.580708980560303 33.91293716430664 0.4496464090236845 -0.8914412158793226 -0.05613078908852001 78 72 48
8.126184463500977 5.579283237457275 34.79114532470703 0.15419971832947657 -0.9053364157808235 -0.3957125486110368 108 96 70
-13.975776672363281 -3.6063919067382812 50.20367431640625 0.05839993637022661 -0.9405101006512578 -0.33470912447215173 128 123 93
11.70125961303711 1.3498847484588623 45.82600021362305 0.30690279849946717 -0.9249907018296271 -0.22405997813515993 120 102 76
12.514455795288086 2.097412586212158 43.931396484375 0.26225668125931434 -0.8837187593599227 -0.3876371853811353 110 89 70
-2.8339626789093018 3.2034478187561035 37.72240447998047 0.0607185801915742 -0.8491124199171243 -0.5247107320819778 104 85 68
23.609621047973633 1.5505226850509644 57.81180953979492 -0.1801059386849569 0.881988866315612 0.435496831843485 132 128 91
-1.583939552307129 6.415646553039551 31.972070693969727 0.07880335474637162 -0.8628271605407661 -0.49931885835994266 132 121 89
-7.067682266235352 8.194437980651855 28.290090560913086 -0.03474211928401779 -0.7367932929671184 -0.6752248726063971 106 93 59
-3.1441431045532227 3.3835666179656982 37.22623062133789 0.07819825538017541 -0.8933322194690737 -0.4425410472644935 90 74 58
-9.807026863098145 3.1649649143218994 36.802894592285156 0.04775262947235444 -0.8904133705524527 -0.45264082440705256 156 141 110
23.13502311706543 7.82029390335083 37.684288024902344 0.31909302495489705 -0.8062018848780645 -0.49821497593327096 38 31 25
3.5233750343322754 8.112418174743652 26.655502319335938 0.6038751864333288 0.27437000186191784 -0.7483688003173324 129 110 104
32.297340393066406 4.458499908447266 53.816680908203125 -0.0681612255419767 0.9897267451127232 0.12567822938436898 53 46 38
12.436490058898926 7.978680610656738 30.8126220703125 0.4025015524851455 -0.9083420932820131 -0.11360960267115847 105 95 70
9.79509162902832 1.1474214792251587 44.333553314208984 0.3071426911145846 -0.9031707939603073 -0.29990979349130753 100 81 67
17.92072105407715 2.203249454498291 49.228939056396484 0.24927356393508332 -0.9383388588957022 -0.2395472316880615 128 127 83
-7.793707370758057 -1.8245244026184082 47.25325012207031 0.10994404333570473 -0.9559643876683178 -0.2721110009627228 114 101 82
4.421986103057861 5.62703800201416 26.577959060668945 0.6475649301054082 -0.38123645922697424 -0.6597866499510712 166 152 139
-15.459676742553711 -15.74653148651123 90.22203826904297 -0.0635842234976529 0.92587307074367 0.3724461080396569 162 157 119
-18.133729934692383 -18.117584228515625 97.74769592285156 0.046172681645284645 -0.9626053713466832 -0.26694378157993753 139 133 101
-8.328776359558105 -6.202478885650635 60.023399353027344 0.13652841637972893 -0.9747843600132119 -0.176509045078365 157 151 115
4.72661828994751 -1.5860213041305542 50.442527770996094 0.08701932382706352 -0.9649269986774607 -0.247676249374033 130 116 81
12.230801582336426 5.067817211151123 36.52778625488281 0.24407277246340017 -0.8061569270928236 -0.5390171524564746 100 100 49
11.830428123474121 -7.578558921813965 77.6446762084961 -0.05322717824611898 0.9350902711982376 0.3503898574536117 90 75 52
5.7976460456848145 3.897535800933838 37.341670989990234 0.09814959123754864 -0.8420434752781327 -0.530404980634069 140 126 91
-10.089213371276855 -4.2229814529418945 52.83009338378906 -0.14319599418040724 0.8970424331302056 0.4181025955606183 111 96 73
-15.507225036621094 -7.314505577087402 61.62312698364258 0.049168082151097255 -0.984382085648156 -0.16903966739368773 162 154 118
-3.692139148712158 3.3034462928771973 37.544246673583984 0.08486031399828585 -0.8572204504907243 -0.5079092698195143 118 101 90
4.640298843383789 7.111038684844971 26.90593910217285 0.6821064071838716 0.12949423346196623 -0.7196958335149705 155 143 117
3.6241095066070557 4.1697678565979 26.357709884643555 0.9690113377018138 0.05129932049467985 -0.24163072470636962 166 137 131
-11.912675857543945 4.576218128204346 34.337642669677734 0.020396881139987895 -0.8187642408215455 -0.5737674487034612 98 87 55
13.025015830993652 7.254327297210693 33.49077606201172 0.11919843002869769 -0.8896458313132045 -0.44081972404343533 62 53 32
8.55756664276123 9.503840446472168 27.852985382080078 0.2744704940628354 -0.8638846929096474 -0.42233776204041523 120 119 71
28.460336685180664 3.7938690185546875 58.54865264892578 0.2877104902883099 -0.9070473776514645 -0.3073885626916888 109 93 78
-10.927753448486328 6.688904285430908 30.508676528930664 -0.010235772725569841 -0.8609379514593342 -0.5086069923759559 142 138 103
-25.388309478759766 -3.4383432865142822 50.089271545410156 -0.06784681016266667 0.8729953197677406 0.4829865236363974 130 118 104
19.619951248168945 -8.225857734680176 82.32659912109375 -0.1847373630484943 0.9020977353193183 0.3899894647623788 106 90 73
22.05269432067871 9.390766143798828 33.79184341430664 0.23405124652461864 -0.7858500848777 -0.5724156340439909 48 43 40
-0.6566635370254517 3.299285411834717 37.4228515625 -0.023892725242707382 -0.8993501176962173 -0.43657588513370377 129 120 77
-5.006789684295654 6.701702117919922 31.11309051513672 0.07806279735331295 -0.8798688358697256 -0.4687611666239317 104 95 56
-13.725715637207031 4.340768337249756 34.55049514770508 -0.041950836579232396 -0.7818417834863791 -0.6220639459936096 142 133 102
4.011072158813477 5.914924144744873 33.110618591308594 -0.12571632045300724 0.9515258487004995 0.2807026291764106 145 131 97
-15.519673347473145 -9.41838550567627 76.77783203125 0.08680088167358262 0.8984772985199451 0.4303535186157884 160 149 121
23.354829788208008 -2.436005115509033 69.08936309814453 0.16434368432569843 -0.9511291189038564 -0.2614279108959656 115 106 75
-5.515597820281982 -0.027875857427716255 43.61661911010742 0.11837858318937954 -0.8776860080586131 -0.46438538123008527 179 164 143
25.438674926757812 7.757387161254883 38.681884765625 0.37883426208025195 -0.7631879940609083 -0.5234774948318193 67 54 46
-3.3128044605255127 5.407070159912109 33.649200439453125 0.1370874696671431 -0.836905187964162 -0.5299025684207719 110 96 69
-7.825075626373291 8.121209144592285 28.766420364379883 -0.06561994343688662 -0.8870428098830748 -0.4570000836521575 65 55 20
18.693227767944336 2.622831106185913 46.676300048828125 0.0864856478341473 -0.9730940523872516 -0.2135607593338829 121 116 78
-8.163541793823242 6.434664726257324 31.44461441040039 -0.14187378926220517 0.9457310136704506 0.2923434242500505 137 132 92
21.7911434173584 10.013591766357422 33.01111602783203 0.31233401260529337 -0.7797963953109673 -0.5425541875517117 67 57 55
33.47130584716797 2.1453213691711426 60.10822296142578 -0.021122447484446635 0.9596065070460632 0.28055158856638185 85 71 60
17.47538948059082 11.68091869354248 28.08350944519043 0.26668583919149447 -0.7776055731415656 -0.5693928659492543 60 49 47
-14.65542984008789 1.2289245128631592 40.044342041015625 -0.14557410397645898 0.8867547975027412 0.438718713251811 101 95 59
-13.887762069702148 -11.574087142944336 81.3026123046875 0.01401423564469908 -0.9442790478468591 -0.32884750416678526 154 146 110
5.935259819030762 6.311782360076904 32.500492095947266 0.0026346378318039443 -0.7718870066495367 -0.635754282446539 140 133 79
1.4557173252105713 7.775608062744141 29.946022033691406 0.312601521871671 -0.8352501036155039 -0.4523688240073637 51 44 36
-5.834232807159424 5.94015645980835 32.670101165771484 0.10000383398613737 -0.7117947942010066 -0.6952319067307104 155 146 103
-4.207161903381348 -0.920402467250824 45.19575500488281 0.11594954884542553 -0.8778734082102804 -0.4646439295630684 101 86 63
-0.7140699028968811 -3.5786285400390625 55.57422637939453 -0.38650520748394773 0.7571980480804268 0.5265594368834184 125 107 85
-8.915181159973145 6.834951400756836 30.68229866027832 0.045729599758938574 -0.8448395521008182 -0.5330618490494102 100 92 53
-8.776836395263672 3.219830274581909 36.82339859008789 -0.09713045710357594 -0.8569790178962758 -0.5061152410157046 133 118 95
-5.315645217895508 6.259345054626465 32.30461883544922 0.04988486316925014 0.9685267572620436 0.24385942855271228 101 91 90
8.947362899780273 3.2579355239868164 38.99745178222656 0.17064837031696317 -0.8953903778689326 -0.41128482214627743 102 83 68
0.9620019793510437 2.0782604217529297 40.602394104003906 0.15073060885280049 -0.9161555763747821 -0.37140172782615605 107 90 62
-0.8447480201721191 4.431901931762695 35.57291030883789 0.1656851605245079 -0.9010214813514712 -0.4008849183059507 132 113 102
-2.557161569595337 8.376961708068848 28.60581398010254 -0.04741347066332528 -0.814076245117335 -0.5788193413624999 100 87 53
21.95901870727539 3.638685703277588 47.18888473510742 0.26023243086269565 -0.9120589776722673 -0.31690298700818614 103 100 55
-9.648994445800781 5.748570919036865 32.13908767700195 -0.011174644625447995 -0.8641318237654847 -0.5031414497665961 174 171 120
18.25931167602539 6.716456413269043 37.41485595703125 0.23670985576382594 -0.8937936684672311 -0.3809216748783897 80 72 59
15.003609657287598 10.011451721191406 29.70748519897461 0.34195368589882225 -0.7945147144049657 -0.5018107664191814 66 59 43
2.058852434158325 6.949368476867676 26.93227767944336 -0.7786110740530022 0.28789160692227295 -0.5575690253464067 89 77 81
7.344520568847656 8.148283004760742 29.431655883789062 0.11748012708110757 -0.8338662697081503 -0.5393194452122236 116 117 80
-10.066370964050293 3.5132534503936768 36.168060302734375 -0.12826834188889188 -0.8794080698638246 -0.4584633890808042 98 84 49
-5.513132572174072 -8.830445289611816 77.85968017578125 0.11423996886755404 0.8796093632838199 0.4617754839059488 169 159 124
6.793868541717529 7.147467613220215 29.50373649597168 0.39387957207221264 0.8572079989037853 -0.33174286626780525 189 170 168
-6.565227031707764 7.744141578674316 28.427785873413086 -0.2434743109682539 -0.9312498524346456 -0.27109771714085806 107 95 55
-12.71137809753418 6.00477409362793 31.935426712036133 0.044170953424593616 -0.8537261006632901 -0.5188455183576475 154 145 114
5.472460746765137 8.088504791259766 29.121793746948242 0.08738648628381585 0.9640621233035411 0.25089405020134764 125 112 93
-13.109439849853516 2.3737642765045166 38.06037521362305 0.0022925042805033973 -0.9089787172215366 -0.4168362221093722 120 113 75
-14.475398063659668 -4.489784240722656 53.903907775878906 -0.07211237161031211 -0.9272199662120949 -0.3675091020891557 145 139 103
1.7378575801849365 4.044618129730225 36.870819091796875 0.04241616393375143 -0.8889852224172416 -0.4559672612818959 130 116 81
1.007789969444275 -2.203080415725708 54.55475616455078 0.3469254638562791 -0.930032729624769 -0.12116866077830013 224 216 193
-11.842130661010742 5.332671642303467 32.835872650146484 -0.22853435647150036 0.916121855138548 0.3293824440519905 140 134 98
23.628448486328125 3.69994854927063 49.427650451660156 0.26752669849397337 -0.9389865809162328 -0.2161797086966246 76 68 50
-5.923733711242676 7.841639995574951 29.14089012145996 0.09581253884863163 -0.8365698736836011 -0.5394170963590081 104 92 54
-11.102784156799316 -1.1888949871063232 44.70222091674805 -0.012531492066057288 -0.871114765057175 -0.4909195736635288 109 95 68
2.3699734210968018 6.300725936889648 25.944730758666992 -0.8063769281783612 0.2551720038060518 -0.5335199135695261 84 65 71
-5.322256088256836 -2.2663612365722656 48.371219635009766 -0.25580900338234314 0.8224659399855916 0.5080467806729515 134 119 98
-3.098940134048462 1.2115346193313599 40.856727600097656 0.050229216589960206 -0.8813127645244174 -0.46985618745216917 170 151 136
-4.107615947723389 -1.4783146381378174 47.3448600769043 0.013006291064572824 -0.8848944564349717 -0.4656099626977494 165 151 122
-3.0348992347717285 1.5645108222961426 40.584171295166016 -0.037725793727936746 -0.8678860679655674 -0.4953287166305461 119 100 85
-4.786559581756592 6.137223720550537 32.33879852294922 -0.08611556058019647 -0.7178387220684606 -0.6908629960600567 158 146 118
-10.932389259338379 6.693729877471924 30.52495765686035 -0.01023577272556978 -0.8609379514593339 -0.5086069923759562 137 131 95
-2.6258718967437744 8.182724952697754 28.960193634033203 -0.0023005453569016816 -0.868752363381772 -0.49524139428125985 110 95 62
10.09988784790039 9.576471328735352 28.125810623168945 0.11863292694538019 -0.9145621452886448 -0.3866552871090785 85 73 49
-4.811338901519775 3.5071511268615723 36.83190155029297 0.06822667733295305 -0.8261333724888298 -0.5593288579720678 123 110 94
-15.42949104309082 4.9742279052734375 33.32822799682617 0.08427591181104314 -0.8275977255038169 -0.5549590754545108 144 135 102
2.084190845489502 3.1514666080474854 25.06892967224121 -0.8437989915039532 0.4185115963947075 -0.33593348392213684 43 29 35
22.095809936523438 3.4301676750183105 48.901100158691406 0.30350522691096266 -0.9321431053240493 -0.19746849985393367 119 116 72
37.71961212158203 9.557997703552246 43.53063201904297 0.20620496346178 -0.9046468475869052 -0.37295253611525475 71 66 47
-4.071774482727051 2.4650864601135254 38.855831146240234 0.011373799492402721 -0.8719414889138364 -0.4894779633403622 128 112 86
17.494596481323242 6.162425994873047 37.84564208984375 0.3139917079918502 -0.8505388398058874 -0.4218920351156387 72 58 47
-13.207878112792969 3.712052583694458 35.58344268798828 0.025747205687974582 -0.8926644504413571 -0.4499858445745715 113 107 71
-14.59422779083252 0.5284310579299927 41.557254791259766 -0.13051049108404583 -0.8760187013966081 -0.4642825072306747 117 108 77
-15.236241340637207 -2.9987759590148926 48.49795913696289 0.008171942761855606 -0.8807038978917427 -0.4735967309745578 71 62 31
-1.8627104759216309 3.1871087551116943 37.863224029541016 0.029044487625272022 -0.8605775828822695 -0.5084905521040644 115 97 77
-10.557463645935059 6.1997528076171875 31.325010299682617 0.10410887760547631 -0.8898165223242334 -0.444283578587522 89 80 37
-6.951639652252197 6.324965953826904 31.95663833618164 0.0922725281199785 -0.8778984182137717 -0.4698724804158098 147 135 93
21.568347930908203 7.368185043334961 37.31394577026367 0.20913275467724549 -0.9071385096220381 -0.3651892869209263 56 50 38
14.483193397521973 5.96536922454834 36.968257904052734 0.2430958885229836 -0.9069537359522282 -0.3440048107592639 99 92 63
17.319629669189453 -7.89115571975708 78.92556762695312 -0.18014910385021332 0.8945132451007883 0.40913610781892856 90 75 54
-0.5408370494842529 5.903010368347168 33.02836608886719 0.09232613562378142 -0.8786041789005509 -0.468540906964662 146 131 98
7.7934064865112305 7.253860950469971 30.413793563842773 -0.06335892602435725 -0.7071186506161107 -0.704250566520106 151 145 120
2.422139883041382 7.506741046905518 26.517797470092773 -0.7599089368246825 0.3071788443688621 -0.5728695883935463 146 139 146
-3.425804376602173 6.187211036682129 32.38829803466797 -0.05463739657592604 -0.8465397250891215 -0.5295141629280937 110 97 61
-9.874263763427734 7.25938081741333 29.727500915527344 0.018511412453080967 -0.8517744409761082 -0.523581540267445 93 83 48
-11.434101104736328 8.578829765319824 27.357669830322266 0.19780874352602631 -0.669501866412999 -0.7159880947712511 115 100 77
-2.1851918697357178 5.8897809982299805 33.83365249633789 0.12708685028526168 -0.8242763570304625 -0.5517403553530958 41 37 26
-25.664440155029297 -10.611715316772461 78.2186050415039 -0.00979043248422835 -0.947079326663565 -0.3208502710584185 144 134 99
14.264731407165527 -1.243980884552002 56.59469223022461 0.3639937740675238 -0.821182279593859 -0.4395090398627922 253 250 239
16.50820541381836 2.8866825103759766 45.18264389038086 0.10702676700316788 -0.9356155707191246 -0.33640567024468593 129 128 72
-9.160158157348633 8.060076713562012 29.175025939941406 -0.9307703952786373 -0.06292580582222615 -0.36014832254846485 108 96 74
-8.656913757324219 6.908408164978027 30.46173667907715 0.12818956849960192 -0.7817997359642298 -0.610210297663147 176 168 129
4.955455303192139 4.651376724243164 35.03276062011719 0.06709089117600629 -0.8854821935728818 -0.4598044118824507 154 140 105
6.504025936126709 2.3622641563415527 39.93460464477539 0.23983140428333957 -0.8351920094015507 -0.49490928961909875 106 92 63
-5.100591659545898 7.337615489959717 29.973909378051758 -0.07937005237969108 -0.9381033365219772 -0.33713873226251995 120 115 73
0.08038126677274704 1.7259678840637207 41.01502227783203 0.08608243716888116 -0.9181183346657981 -0.38684433246664907 162 147 118
13.402519226074219 -4.950623989105225 70.83296203613281 -0.08580971762115484 0.9459962132512303 0.3126145500070499 141 130 98
21.975446701049805 7.248062610626221 37.831851959228516 0.2700131161787036 -0.8920322554951068 -0.3624518895629855 99 89 87
-22.423770904541016 -3.9501867294311523 49.689144134521484 0.014840885225732547 -0.8545770705491311 -0.5191124912939218 140 135 105
13.420609474182129 6.555153846740723 35.37018966674805 0.1484945293786776 -0.8805915341590453 -0.45000880514943686 82 75 49
-11.073604583740234 9.267622947692871 26.791160583496094 -0.12191074796350138 0.924580085680372 0.36095627809231356 126 116 82
9.710389137268066 -2.735367774963379 57.655517578125 0.046053296413032595 0.9369778414305174 0.3463403218767661 131 116 83
-15.112259864807129 -11.025064468383789 80.4852066040039 0.07616657382665883 0.9024145251446634 0.4240833383185906 136 125 97
-9.689945220947266 -8.664693832397461 73.97071838378906 0.08922470269424942 -0.9687241236947396 -0.2315437854941946 123 113 77
5.465846538543701 2.9977619647979736 38.92313003540039 0.0887220858088335 -0.9709330536738359 -0.22230024015580885 162 147 118
-2.8890860080718994 6.063544750213623 32.91948318481445 0.13349014624136943 -0.8740751207408421 -0.46708999578062066 109 97 60
-10.822652816772461 2.7394423484802246 37.380985260009766 -0.11822201231335808 -0.7826943684899268 -0.6110753483317216 147 135 95
3.074402093887329 -10.912680625915527 82.23350524902344 -0.0957129181711396 0.9260219491109912 0.36513338256018907 99 87 65
5.695138454437256 8.063180923461914 28.27225685119629 0.10329056649678046 -0.8845102679936954 -0.4549424630505439 198 185 166
3.0649101734161377 1.4430196285247803 24.896631240844727 -0.35005459632529196 0.34651435750034076 -0.8702813221238651 220 206 195
-1.318358302116394 4.21879243850708 36.03221893310547 0.0861030347715828 -0.7377217470767192 -0.6695915854408535 110 88 75
-9.18602466583252 -5.416525363922119 56.333011627197266 0.11958929965802077 -0.9329874230931534 -0.3394596702957532 104 98 64
-30.103103637695312 -8.565516471862793 64.60697937011719 -0.0025420645640179015 -0.9835248738085688 -0.18075497367317617 136 134 96
-26.57588768005371 -15.020832061767578 88.1021728515625 0.002108584651932151 0.9144317620865071 0.40473461225614404 157 150 121
-1.4295594692230225 -3.019578695297241 54.46137619018555 0.40629702591942923 -0.8764893739286754 -0.2582423360317698 84 72 49
-1.5002230405807495 1.9988901615142822 40.04585647583008 0.04011160679360479 -0.8746546883422032 -0.4830840870505248 141 125 98
-0.3335045576095581 0.2778313457965851 43.92746353149414 -0.01691066745469423 -0.897333709626932 -0.441028619131917 142 126 103
11.329933166503906 5.953324317932129 35.05720901489258 0.2873952016627699 -0.8798183279759962 -0.378581177317016 87 78 46
-0.6583586931228638 6.578505992889404 32.01251983642578 0.1746822140026201 0.9822799978293678 0.0679126643232337 59 57 41
0.6723508238792419 6.649239540100098 31.96152687072754 -0.020494926207185113 -0.8308551880157384 -0.5561111530504432 124 114 79
-10.9085693359375 -13.305326461791992 84.18647003173828 -0.028417077089224783 0.89934304731889 0.4363193245421038 141 131 96
3.628667116165161 5.400022506713867 26.067834854125977 0.46463986499022764 0.18651227042645768 -0.8656344314098363 185 160 153
-0.24761486053466797 -11.448627471923828 82.91282653808594 -0.07797157028892567 0.9223937721476302 0.37829903955725874 116 107 76
-6.949875831604004 0.2718714773654938 42.57569885253906 -0.015268185003001561 -0.9478761026376971 -0.3182731163247755 136 125 95
3.213571071624756 5.657878398895264 25.92641258239746 0.5309294060287719 -0.31012541338528193 -0.788629313293986 172 146 147
20.36928367614746 5.516042709350586 41.14927673339844 0.28660921589461336 -0.8481178904998335 -0.44559084503430546 65 58 39
0.6221968531608582 8.069287300109863 29.001771926879883 0.01414521479182473 -0.8720519537547404 -0.4892088540194596 53 47 33
6.566664218902588 7.93265962600708 29.867446899414062 -0.060926971447256194 0.9701949851993102 0.234541243376032 132 112 105
2.9732577800750732 -4.752352237701416 59.661014556884766 0.47184429403669803 -0.8793852254112449 -0.06359707157899658 140 129 101
-1.0869288444519043 7.553535461425781 30.22531509399414 0.0946900801078231 -0.8781483568508706 -0.46892350345156547 115 106 67
-16.68709945678711 1.5545799732208252 40.05854415893555 0.09609000443240352 -0.8186733817111802 -0.5661630552462438 134 127 98
-1.9601547718048096 -2.3879992961883545 49.96958923339844 0.13132927066926103 -0.9494515241480779 -0.28512177391137844 98 82 56
27.933732986450195 12.432340621948242 34.140506744384766 0.16053349689870708 -0.7380804879403124 -0.6553366994875707 33 21 21
6.171124458312988 -1.9280515909194946 54.93687438964844 0.03953705202426697 -0.9755740645706428 -0.21608347010899695 154 139 108
6.2953715324401855 0.8323522806167603 42.6804084777832 -0.12107093850218516 -0.913683254015341 -0.3879751785644763 100 81 66
-11.119298934936523 -1.7672739028930664 46.1662712097168 0.04538654117308244 -0.9243300116866356 -0.37888532747485476 102 95 78
3.0815212726593018 -0.31272971630096436 24.01183319091797 0.6013338404458365 0.10261811194715253 -0.7923806758339471 103 92 70
-2.0201966762542725 -18.41727638244629 107.0301742553711 -0.1235330527788366 0.8926431827940959 0.43350632415498536 151 139 113
-8.672131538391113 0.38695502281188965 41.993045806884766 -0.0008837529911291553 -0.9018797295156712 -0.4319863105115606 104 91 58
-11.057202339172363 -1.2445576190948486 44.818397521972656 0.005656582375551966 -0.8908964829957018 -0.45417117881005836 100 94 62
10.279723167419434 8.092745780944824 30.388547897338867 0.20392611177213396 -0.7932341593957893 -0.5737540494891123 133 131 83
6.0098395347595215 5.855967044830322 33.4151496887207 -0.018860163879022514 -0.8634815723970193 -0.5040276464135944 104 96 51
-6.744931697845459 6.947620391845703 30.748876571655273 -0.20466260024814711 0.9392524635517622 0.2755322662985445 113 110 67
-9.578510284423828 4.448195457458496 34.624515533447266 -0.30114418535493254 0.8038382977848785 0.5129874955992819 152 140 100
-29.20345115661621 -7.897820949554443 62.320396423339844 -0.051005600347224116 -0.9667088903034874 -0.25074359441752353 146 140 104
0.1075797826051712 8.59066390991211 27.99501609802246 -0.24603405784990565 0.9379654808980904 0.24431127485550852 149 145 98
-12.568279266357422 5.111806869506836 33.06094741821289 0.08130267288334218 -0.8784470145386369 -0.4708722948211965 135 125 90
-1.9301177263259888 7.86439847946167 29.62714195251465 -0.149865033746835 -0.8311453771184144 -0.5354790693899709 126 111 68
2.6656980514526367 2.6886708736419678 37.95275115966797 0.004235016970716002 -0.7713958083033452 -0.6363415525983559 105 88 58
43.095882415771484 8.545255661010742 46.39680099487305 -0.057040861766656306 0.9594004836861583 0.27621921003377553 50 47 38
-9.943445205688477 5.622895240783691 32.45501708984375 -0.029983350574408176 -0.9133094101235157 -0.4061611996094259 137 133 88
-2.7496469020843506 1.161772608757019 41.15237808227539 -0.07365994284240641 -0.8893326074728484 -0.45128896076239045 135 119 97
3.1292920112609863 4.136585235595703 36.50909423828125 -0.06321225068862289 -0.8592458522446628 -0.5076423709297936 108 94 55
-10.483587265014648 4.904889106750488 33.803428649902344 0.02732001109301438 -0.8750380772476806 -0.483282505746442 146 141 106
-17.720458984375 -3.348881721496582 49.235633850097656 0.028687598547931705 -0.8728429586096327 -0.4871572552011675 79 74 44
-7.4635138511657715 8.715685844421387 27.762638092041016 0.005338395549350083 -0.8771461014361671 -0.48019393818361744 105 91 62
-8.39298152923584 7.032535076141357 30.485088348388672 0.147406191756816 -0.6949403110581914 -0.7037964042946633 76 75 27
-2.9205150604248047 -2.1142513751983643 45.895145416259766 -0.09889801939665922 -0.8772208748297248 -0.46979007920814 151 139 101
-16.556154251098633 -4.29777193069458 51.1600341796875 0.03897054293465504 -0.932893500038242 -0.35803772757878033 149 139 104
8.427733421325684 6.29684591293335 33.06198501586914 0.14488166455023527 -0.8312480243033837 -0.5366898782060964 138 125 93
-4.724202632904053 -0.037015993148088455 43.31308364868164 -0.014104238945918347 -0.9152256507498735 -0.40269477107758306 130 115 94
-7.794734001159668 -1.826412320137024 47.258323669433594 0.10994404333570469 -0.955964387668318 -0.2721110009627229 115 102 85
-19.142927169799805 1.706982970237732 39.34125900268555 0.013898337865020585 -0.87813159319576 -0.4782172531769071 120 113 87
9.496148109436035 6.0476250648498535 34.147361755371094 0.2947455480240239 -0.8418264299593675 -0.4521651509591196 128 120 83
-15.92896556854248 2.792609691619873 37.31832504272461 0.10214570459763245 -0.8814706531579852 -0.461059369987736 106 100 66
-2.7767786979675293 5.198143005371094 34.01779556274414 -0.04299991494927904 -0.8319388476009353 -0.5531986633812326 120 104 79
2.555809736251831 0.24037857353687286 23.922794342041016 0.2350112138913177 0.2564260574614873 -0.9375582149392576 247 240 234
9.170138359069824 7.5061354637146 30.996932983398438 0.4841338099131374 -0.7185984563747368 -0.4992301198794346 113 112 68
-5.650568962097168 7.948111057281494 28.98727798461914 0.09083226454847482 -0.7687589849737392 -0.6330553867862925 129 117 79
7.657721519470215 4.649098873138428 35.90116882324219 0.046460194795002394 -0.7440044224204067 -0.6665574766803594 135 120 91
2.4228811264038086 2.5268216133117676 24.72429847717285 -0.29303578161594973 -0.2596308207165612 -0.9201749114308507 175 159 160
0.832611083984375 4.578606605529785 35.57931900024414 0.06303832652150987 -0.8787698754394757 -0.47306413456259394 137 127 76
-6.147831916809082 7.027448654174805 29.948579788208008 -0.21006128187182393 -0.8352318066056282 -0.5081949302114933 115 111 110
16.358911514282227 10.37175178527832 29.514957427978516 0.2135639361414691 -0.8502033433750854 -0.481190939330314 62 53 46
30.857711791992188 13.915502548217773 31.583812713623047 -0.01651484455410816 0.9014097029316579 0.43265206271323153 41 33 31
4.059607028961182 6.866463661193848 26.681018829345703 0.5892829978198536 0.2883558468803485 -0.7547161413739364 166 145 142
16.786680221557617 7.857382774353027 34.29669189453125 0.1380342117020042 -0.9194572796174196 -0.3681641853281512 63 56 48
-33.80495071411133 -11.416001319885254 79.74264526367188 -0.09577176945179795 0.9492808436930288 0.29948897805015046 141 136 104
7.149969100952148 -1.1724382638931274 49.70975112915039 0.16486418640807746 -0.8993301388944219 -0.405000125081638 130 116 87
30.84728240966797 -12.226656913757324 104.75682830810547 -0.14787808200472544 0.8580212342920351 0.4918654636855248 137 123 96
0.3256232738494873 7.7873735427856445 29.81743621826172 0.04916923568728498 0.9288223858031748 0.367248365405249 62 58 42
-9.391921997070312 4.849998950958252 33.89738082885742 -0.019724438179533805 -0.813658313611929 -0.5810086877394294 155 142 100
5.105632305145264 2.9521679878234863 39.46004867553711 0.03817323562212833 -0.901534673506355 -0.43101976352358495 141 127 92
3.025723457336426 -0.26678118109703064 24.4771728515625 0.9089032558176315 -0.03957485777330797 -0.41512492360292125 106 93 84
17.639211654663086 -6.697620868682861 76.13838195800781 -0.2665443103935844 0.8452804325546067 0.4630929938328858 89 74 51
2.1569836139678955 5.630542755126953 26.324609756469727 -0.8382206943821624 -0.1323586610760388 -0.529024812601114 146 131 136
-33.90916061401367 -17.243444442749023 92.05562591552734 -0.006592414264788724 0.9053697860871166 0.4245728329918553 153 150 120
21.772302627563477 10.006387710571289 32.98402786254883 0.3123340126052936 -0.7797963953109671 -0.542554187551712 61 57 48
-3.7033748626708984 7.707264423370361 29.682876586914062 0.08553011611325106 -0.8766174705921522 -0.4735255109181243 102 91 37
1.685828685760498 6.764980316162109 27.225603103637695 -0.8560831765001785 0.16275756054739554 -0.4905421199020782 86 74 78
-6.59211540222168 7.576088905334473 29.286062240600586 -0.008649939253872347 -0.8703625322415486 -0.49233549640563545 131 126 86
8.405696868896484 7.864366054534912 30.125490188598633 0.37157077223574225 -0.7405890462108514 -0.5598776882968597 85 73 50
15.287118911743164 7.593268394470215 33.9138298034668 0.4496464090236845 -0.8914412158793226 -0.05613078908852001 71 64 45
-5.869604110717773 5.027535915374756 34.084110260009766 0.01914276875432866 -0.8770596340648792 -0.47999995072749585 103 87 71
-5.469159126281738 3.871114730834961 35.9884033203125 0.18243411861192604 -0.8330229635271026 -0.5222935329896525 159 144 121
-15.119853019714355 4.254940032958984 34.51961135864258 0.06810129185141234 -0.9169001568428652 -0.3932636729087722 105 96 65
9.797868728637695 7.36220645904541 31.832317352294922 -0.05707429035720534 -0.8731473427293055 -0.48410354601569927 127 129 82
19.143394470214844 -2.1684622764587402 65.6548080444336 -0.1428570273344077 0.9422671111357083 0.30286062968491556 131 120 88
-9.512506484985352 6.99725341796875 30.33603286743164 0.1471681717750852 -0.8404330330136753 -0.5215494667199013 109 101 64
9.328108787536621 7.687217712402344 31.75327491760254 0.3350350294370364 -0.759066490246142 -0.5581841922121485 101 98 50
-5.183225631713867 4.446079254150391 35.15671157836914 0.0703342767572247 -0.8564870372911036 -0.5113541282373169 103 86 69
-13.073309898376465 3.5000100135803223 36.29490280151367 0.00958792263494469 -0.8817652971590257 -0.47159095884633073 102 96 60
11.986844062805176 8.284984588623047 31.149368286132812 0.17253074342608823 -0.9159157727308587 -0.36239679887614434 61 51 26
17.735166549682617 9.150543212890625 32.361549377441406 0.029302914802658588 0.8446103425548682 0.5345790011152853 65 48 41
12.547968864440918 7.307147979736328 33.31122589111328 0.20794067197606567 -0.8500276642124192 -0.4839562449351389 90 87 45
-15.073511123657227 -1.2644325494766235 45.29127883911133 0.03402250448614883 -0.8202724552560785 -0.5709602160717111 114 107 79
-10.170433044433594 6.040005207061768 31.68727684020996 -0.028803495182142726 -0.8408520412896601 -0.5404981066796665 117 116 72
-5.899969100952148 8.21662712097168 28.136520385742188 -0.3169240757227465 0.90243891175684 0.29182724474321026 110 95 64
-8.427268028259277 4.825964450836182 33.897972106933594 0.1316166754733479 -0.8332738870409397 -0.5369652501913205 125 113 75
-7.76738166809082 5.152503490447998 33.47978591918945 0.20584564329259666 -0.8168758478952497 -0.538833388222068 130 118 94
-2.7989001274108887 -8.564197540283203 76.44680786132812 -0.1431927518443692 0.9432178301819801 0.2997264763847768 96 87 54
10.505166053771973 2.035304069519043 43.636634826660156 0.27033825808651707 -0.909059593341609 -0.31706132209453647 95 76 61
-5.4555583000183105 6.614109039306641 30.896739959716797 0.1264504117135983 -0.7933425756359446 -0.5954979857739128 128 123 84
-14.947094917297363 1.0660793781280518 40.49271774291992 0.010251886917086303 -0.9030807290556904 -0.42934845478105793 162 153 122
13.44874382019043 7.420334815979004 33.44327926635742 0.289944377505527 -0.8244581685931525 -0.48600512980107274 63 62 32
-14.413751602172852 6.475366115570068 30.529176712036133 -0.13427481254824658 0.8719680155296501 0.4707887579460847 110 101 70
-19.048805236816406 -5.542342662811279 55.04094314575195 0.04605132594213065 -0.9165768500393291 -0.397197876820802 152 146 112
-8.847872734069824 -6.389662742614746 50.8171501159668 -0.4094532899217132 -0.5055660960395301 0.759441193185907 0 0 0
-4.617790222167969 -0.2958610951900482 44.741668701171875 0.15048459703081424 -0.8510711602770411 -0.5030231269048808 107 91 68
13.299128532409668 4.295393943786621 39.488731384277344 0.32338991074088586 -0.8873774603461916 -0.3286034213159468 87 79 51
2.646669387817383 -0.6707366704940796 23.822555541992188 0.441408390891016 0.2895448555844118 -0.8493070169588887 239 235 226
15.764898300170898 -3.5610501766204834 65.16166687011719 0.4811676405796484 -0.8512132157038825 -0.20955610959852727 134 120 94
10.642362594604492 4.27913761138916 38.05575180053711 0.2952680115848828 -0.8615444964604003 -0.4129865396759379 118 105 85
-9.286699295043945 1.4286729097366333 40.097293853759766 -0.3226511195686097 -0.8754618160654062 -0.35980948243839217 101 90 58
2.788825273513794 2.9825236797332764 24.498088836669922 -0.18089605943448245 -0.25702343827529756 -0.9493237423862423 185 164 159
7.513853073120117 3.714364767074585 37.6474494934082 0.03687005045243109 -0.9413175173309011 -0.33550250512570506 71 57 44
24.78181266784668 -3.7134242057800293 75.01911926269531 -0.3001034913016933 0.807853513299656 0.5072579181816071 83 70 52
-9.207305908203125 0.8535919189453125 41.40403366088867 0.08389691196969748 -0.7911914538560427 -0.6057865890782905 104 91 73
-9.609925270080566 6.209081172943115 31.363056182861328 0.04551856281794806 -0.8374006952379661 -0.5446908628331856 164 160 115
-9.224614143371582 0.6528331637382507 41.38990020751953 0.08389691196969747 -0.791191453856043 -0.6057865890782907 160 148 122
-5.924813270568848 -0.2717440128326416 43.87178421020508 -0.14868244662242078 0.8028651430996847 0.5773223467543006 126 113 87
-13.09132194519043 6.963327884674072 29.930150985717773 0.009489635239704535 -0.8151896848476493 -0.57911633074971 129 118 86
11.2247314453125 0.8793840408325195 47.49509048461914 0.24575199916481752 -0.9400700575304615 -0.23637732937227776 124 120 82
27.83490562438965 -3.0004971027374268 74.40142059326172 -0.24170105232230385 0.8246433374977553 0.5114136947979142 75 61 50
2.9031174182891846 0.15094496309757233 24.10498809814453 0.668224392577649 0.24611417563809748 -0.7020712027381637 250 245 238
-6.758404731750488 6.939899444580078 30.86878776550293 -0.20466260024814695 0.9392524635517623 0.2755322662985445 137 133 88
10.3761568069458 7.594855785369873 32.01927947998047 0.11189504153526582 -0.9018764392169679 -0.4172509892919891 135 132 85
1.5091888904571533 8.407370567321777 28.1527099609375 -0.7053453134678512 0.06394888681140165 -0.7059734617140516 52 49 44
18.44112777709961 5.812024116516113 39.41520690917969 0.22411263463992867 -0.8964640801621634 -0.38226388787558324 66 52 43
-3.0999362468719482 8.533307075500488 28.30843734741211 0.07780372014088766 -0.8298380478349686 -0.552553522744799 106 94 54
-16.915367126464844 -0.6176414489746094 43.34470748901367 -0.18891757636779075 0.8693224701639667 0.45671500107544044 108 104 75
-13.05009651184082 5.261283874511719 32.9057731628418 -0.028186069310377978 -0.8907267545015191 -0.4536644071469802 115 109 73
-12.555171012878418 -2.939044952392578 48.24907302856445 0.0861005817397802 -0.9573245087920641 -0.2758921432192372 158 152 120
12.372937202453613 8.496465682983398 31.424285888671875 0.38823233040517574 -0.733268273144756 -0.5582054256521292 60 53 35
4.138638496398926 5.792433738708496 33.331172943115234 0.04742600170465168 0.9547497919829177 0.293604511325841 156 141 110
-8.012383460998535 8.604644775390625 27.981992721557617 0.0253423477577931 -0.8634952529699486 -0.5037198760308031 99 87 61
14.23521900177002 2.316859722137451 44.593536376953125 0.2940843523500689 -0.9219419305451972 -0.25206640078644976 105 91 65
7.144043445587158 5.151153087615967 34.93345260620117 0.14989921263403502 -0.9177196373038325 -0.3678598827795969 130 120 85
-2.3228447437286377 8.021313667297363 29.250953674316406 0.04873354243798785 -0.8921726736115456 -0.4490578607510079 98 87 47
2.8011560440063477 7.9768452644348145 26.05984115600586 -0.5282162784791998 0.38944740624451624 -0.7545318289634994 54 35 41
-1.2270500659942627 1.441462516784668 40.706668853759766 -0.08859168828346214 -0.7915390116946948 -0.604663134094077 113 99 72
13.797364234924316 -0.7545560598373413 55.72484588623047 0.4070332970587372 -0.7992917848778098 -0.4421046682770267 191 187 168
-6.386232852935791 1.4661427736282349 40.48090362548828 0.11650567286651792 -0.9070271177667172 -0.4046334586088024 115 101 90
-6.456756114959717 4.626396179199219 36.72896194458008 -0.06801133218358217 -0.911797997969781 -0.4049677389532574 102 90 66
-14.921632766723633 4.172853946685791 33.88856887817383 -0.06050884729796752 -0.8879163361835997 -0.4560079597298315 123 114 83
12.347665786743164 8.135025024414062 31.631502151489258 0.4607683492573059 -0.7331470078907307 -0.5001879578154255 90 85 53
16.993080139160156 -7.273515224456787 77.5816650390625 -0.186876457496113 0.9066499483426472 0.3782367787563482 155 139 114
27.93132972717285 7.662470817565918 41.19752883911133 0.4086186434919883 -0.8116890508165303 -0.4173627786175081 59 47 47
2.92378306388855 0.7634193301200867 24.566816329956055 0.479286740707042 0.23717290973657423 -0.8450048704412939 231 223 220
-4.376825332641602 0.7546818256378174 41.702388763427734 0.11344129689917079 -0.9191331532811223 -0.37726027977688675 121 103 79
0.8923210501670837 8.110671043395996 29.182249069213867 0.14011627265954907 -0.8770648363673902 -0.4594830823260391 70 67 58
0.4777091145515442 4.5086445808410645 35.617919921875 0.08609096178864947 -0.8486716155343608 -0.5218666834399405 149 148 95
8.8966703414917 8.203207969665527 30.00440216064453 0.16802653877909046 -0.7205620145937943 -0.6727239146859958 101 99 57
-5.257959842681885 -6.155627250671387 60.84781265258789 0.22670104288290416 -0.9619642328253726 -0.1524186731358614 111 105 71
21.63351821899414 7.513204097747803 37.34247970581055 0.20110790969863637 -0.9015435992121443 -0.38311192539029326 69 57 43
-4.44702672958374 1.1418144702911377 41.18712615966797 0.12905733603123262 -0.8572097842190948 -0.4985334390545674 149 137 105
-18.382129669189453 -3.3301312923431396 49.029144287109375 -0.0033004620886546297 -0.892127806716358 -0.4517710520091587 54 49 19
-10.965006828308105 9.162642478942871 27.101774215698242 -0.18020945842673974 0.9029261654013154 0.39019083911237457 87 75 49
31.046306610107422 8.486109733581543 42.31121063232422 0.27599343804775517 -0.889347610409953 -0.3645386810925369 58 51 42
-8.100763320922852 3.149461030960083 37.157814025878906 0.07715246815431995 -0.8425484656475059 -0.5330662057312676 95 82 50
-12.01838207244873 2.648411512374878 37.66154098510742 -0.08427596672649071 -0.7981283354749091 -0.5965640967610826 114 105 68
15.448753356933594 9.539632797241211 30.683969497680664 0.43449971351379924 -0.7527960844510986 -0.49447755681276406 146 136 137
2.5719172954559326 0.21062737703323364 23.924388885498047 0.22737207768841067 0.25387455400209785 -0.9401327827056619 209 199 189
-3.652839422225952 0.734325647354126 42.03024673461914 0.07929895126995004 -0.8933934475233688 -0.4422214651617399 176 157 143
-10.57555866241455 -1.1690974235534668 45.11009979248047 0.07658280741784212 -0.9416757782302027 -0.32769162684228503 83 80 47
-3.8497977256774902 7.629001617431641 29.89691162109375 0.12514572739906618 -0.8722253539586697 -0.47282288314487475 139 128 81
-12.346321105957031 5.582326412200928 32.26101303100586 0.019707562135388046 -0.8363018847575996 -0.5479149291136048 153 147 113
-8.803979873657227 4.590905666351318 33.678428649902344 -0.05231490010608309 -0.7381394806997518 -0.6726167246353537 121 107 72
-6.554474353790283 -8.563069343566895 76.43309783935547 0.14237545054538217 -0.975977241138317 -0.16491711815951365 159 149 113
3.6140334606170654 3.7342000007629395 25.843727111816406 0.9388459779726244 0.16378568579382605 -0.3028902091083047 190 165 158
28.753705978393555 12.553454399108887 34.08502197265625 0.1897686984944922 -0.7188612700640354 -0.6687498153073601 74 70 58
30.166418075561523 13.103482246398926 33.833919525146484 0.15842455753728446 -0.7830055834870547 -0.6015013847009936 45 35 36
1.7940119504928589 3.568970203399658 25.916059494018555 -0.8696816690839976 0.2661646436612514 -0.4157044345733531 170 158 110
-5.006056308746338 -2.8219261169433594 50.22206115722656 0.14290748383716095 -0.9433671586371322 -0.29939247663933544 133 118 94
3.2584288120269775 3.3491010665893555 38.07823944091797 0.10251785795206231 -0.8467299092491338 -0.52205224794447 107 93 58
17.052448272705078 9.518407821655273 31.735244750976562 0.1147538685077236 -0.8384054142832581 -0.5328300957744697 127 112 106
6.657833099365234 5.4521589279174805 34.24574661254883 0.05596356487119646 -0.9008338844335378 -0.4305419747983822 163 154 111
-7.199646949768066 4.451835632324219 34.8925666809082 0.12329880534103811 -0.8536581163870893 -0.5060288775632468 100 87 71
-14.835285186767578 3.2441930770874023 36.80781555175781 -0.014570435930380292 -0.8731033942071558 -0.4873173149199016 138 132 92
3.8710856437683105 5.299198150634766 27.03653335571289 0.7595641276564247 -0.5517253435639322 -0.34447275835223223 163 148 138
21.611896514892578 -0.9134131073951721 63.006736755371094 0.11155224803602948 -0.9589825678679986 -0.26059265239719887 85 74 46
4.689211368560791 8.584203720092773 28.644699096679688 0.8275942349130401 0.29784657024042344 -0.47578903196134686 0 0 0
37.01947784423828 7.5214080810546875 48.2113151550293 -0.11379839719844742 0.9122975125336972 0.3933995086675797 59 55 43
19.943607330322266 9.96670913696289 32.30438232421875 0.28968828825956455 -0.8014272145420732 -0.5232543506140941 54 38 35
2.9047348499298096 2.727781057357788 24.595630645751953 -0.1988500621348206 -0.3120879157054379 -0.9290101106336864 178 160 156
-4.129559516906738 7.040903091430664 30.632339477539062 0.13308222626629798 -0.8363772651586537 -0.5317538823344284 103 90 58
-17.750062942504883 -10.647793769836426 79.52149200439453 0.009543286169214328 0.9039858120563646 0.4274559360798341 114 103 75
7.45041036605835 3.9338221549987793 37.87213897705078 0.12231682824075829 -0.9235512470550832 -0.3634442014836957 146 130 104
-7.411203861236572 4.97053337097168 34.07503890991211 0.1188633587730596 -0.8021021167694106 -0.5852381534172373 89 74 51
23.871885299682617 10.728296279907227 33.2270622253418 0.3691354990800939 -0.718537817600446 -0.5894424382387801 61 50 44
-11.986738204956055 -5.868918418884277 57.17356491088867 0.05123826910992348 -0.9694170614116483 -0.24001083480256555 117 113 78
19.528209686279297 7.312502384185791 36.688079833984375 0.18853241824773517 -0.9434624290047773 -0.27264293925584543 64 56 40
16.410598754882812 3.507265567779541 42.60136413574219 0.2585533573008247 -0.8645741364024347 -0.4308848153421705 81 68 49
-33.43124771118164 -8.65233039855957 65.6702651977539 -0.0011970104657593873 -0.9785418543477065 -0.2060446710198953 160 154 118
13.17381477355957 -8.754619598388672 79.2734375 -0.11439833523579966 0.8886680462275178 0.4440519389772373 103 90 58
1.946448564529419 2.7599377632141113 39.0263786315918 0.18360022944151688 -0.7974705411250779 -0.5747448927887026 134 117 86
3.0527498722076416 1.200418472290039 24.76230812072754 -0.44754027657686657 0.31415880047565475 -0.8372645632804485 230 220 209
32.73311996459961 13.48997688293457 33.92999267578125 0.008540170789772969 0.8586913983740618 0.512421845593335 47 38 39
-7.516580581665039 6.883083343505859 30.796234130859375 0.0051482574317133975 -0.8699649757386869 -0.4930866419133687 111 99 61
-13.449538230895996 -10.078755378723145 78.71572875976562 -0.01999276897664654 0.8779957661599068 0.4782506913679529 134 120 91
-6.843619346618652 6.0199785232543945 32.32421875 0.14596688648567976 -0.8602124937258443 -0.48859813107260286 100 86 58
-6.96710729598999 7.025046348571777 30.40790367126465 -0.031286165172622296 -0.7733140364590764 -0.6332508009344812 109 97 57
-10.117500305175781 3.972522497177124 35.521026611328125 -0.1255211972243709 -0.863327733978256 -0.4887838507881897 162 153 112
15.171377182006836 7.0994553565979 34.530216217041016 0.06084657851123593 -0.7905328735993055 -0.6093894236383666 73 67 51
19.122024536132812 7.536986351013184 35.69503402709961 0.1424819393302361 -0.801323554390717 -0.5810158845877819 59 51 40
5.943883419036865 -0.2596661150455475 46.69553756713867 0.17346099308814877 -0.9581035526982575 -0.22792293913481307 132 114 92
-2.5750985145568848 -5.292415618896484 58.117557525634766 -0.00019023472939372173 -0.9735844180546549 -0.22832727548833642 117 102 73
11.98460578918457 8.278520584106445 31.140546798706055 0.003849608072097819 0.9995145341990089 -0.0309172515374451 52 46 21
17.1286563873291 6.267670631408691 37.426177978515625 0.26853970925375764 -0.8202643053848305 -0.5050276169334196 94 81 73
9.02808952331543 6.038419246673584 33.870182037353516 0.2567561501347601 -0.8561628295468867 -0.4483988053844978 127 115 77
-9.430948257446289 1.281982421875 42.41078186035156 -0.15662430908425629 0.9337389694410603 0.32187010229442864 172 161 159
7.583731651306152 7.235894680023193 30.40732765197754 0.360188115340006 0.8472031910537081 0.3905269192209793 48 48 88
-12.313974380493164 7.510526657104492 29.130035400390625 0.05504634397662189 -0.8774836228812213 -0.4764371853561118 156 145 113
17.107892990112305 7.749521732330322 34.553585052490234 0.18690804273387615 -0.889018691705412 -0.417984628138152 62 55 47
-9.424734115600586 0.7797617316246033 41.25303268432617 0.09412371695242074 -0.7928979954300861 -0.602041107192866 107 100 74
6.690670967102051 4.048153877258301 35.836910247802734 -0.15696383415927193 -0.8057653162522082 -0.5710556977134534 107 92 60
22.878765106201172 8.547127723693848 35.70395278930664 0.11174165351499829 -0.8505379082152424 -0.5139057010372369 65 51 48
-0.4772164821624756 6.305929660797119 35.03460693359375 -0.10353425942726605 0.8717832644960956 0.47882627002847106 0 0 0
1.7032866477966309 4.04269552230835 26.23308563232422 -0.9200087701923346 0.2273740511495689 -0.31919414724117595 140 127 94
-12.473973274230957 5.097315311431885 33.10671615600586 0.08761806137488438 -0.884892355428901 -0.45748070410061914 96 90 54
0.41505563259124756 5.406502723693848 33.85239028930664 -0.03128113582575235 -0.8711284212425939 -0.49005791927570835 150 136 108
1.062944769859314 4.9442620277404785 34.86767578125 0.013581237289122217 -0.8652620175096776 -0.5011359007782011 136 129 75
-9.72938060760498 3.189692258834839 36.75436782836914 0.05686784744563461 -0.9023904415568259 -0.4271504874324467 124 109 78
-9.442428588867188 0.7833799123764038 41.34086608886719 0.09412371695242074 -0.7928979954300861 -0.602041107192866 110 99 77
-9.638670921325684 7.1284356117248535 29.956666946411133 0.0645083803918609 -0.877160586661281 -0.4758444851705823 115 110 72
-3.316824436187744 5.64505672454834 33.294677734375 0.12111088694789451 -0.8639777912578446 -0.48874791997092953 131 118 86
6.694088459014893 7.288488864898682 31.09003257751465 0.19123924456191765 -0.8836331267046968 -0.4273406705773148 166 141 134
8.89651870727539 -8.527085304260254 77.78398132324219 -0.16280854002756381 0.9026821855804602 0.39831928289975793 130 116 87
-7.858158588409424 7.770303249359131 29.38092803955078 -0.047752026070099006 -0.9264923137611731 -0.37327166587844274 112 98 63
22.59714126586914 -0.764826774597168 64.44078063964844 -0.09606774505694553 0.9536263311241407 0.2852504319828192 109 94 73
-17.68061637878418 -13.481501579284668 84.695068359375 -0.07540144538521287 0.8911933369141269 0.4473131545949484 151 144 115
-11.309954643249512 -0.6494938731193542 43.885498046875 -0.019082065765009926 -0.8970694845489434 -0.4414773093345029 124 111 76
-7.929948329925537 6.537904739379883 31.181468963623047 -0.18211361869444864 0.9097113569053272 0.3731753971036703 156 138 104
4.681366920471191 2.8390464782714844 38.758296966552734 0.3455780125249123 -0.8724551782824851 -0.34553986622010485 118 105 62
-16.845714569091797 0.6062341928482056 41.08188247680664 -0.06011716425140815 -0.8776371707772794 -0.47554066391048194 152 145 116
13.905892372131348 5.2163896560668945 38.08268356323242 0.23730379546799912 0.7087801128222946 0.6643174394249314 56 43 24
17.149744033813477 -10.332769393920898 85.21094512939453 0.19286694843377652 -0.9254531387821975 -0.32609634790966613 80 68 42
24.3101863861084 -5.053513050079346 76.55030059814453 -0.33891374324199314 0.7938449146382792 0.5049234854358071 100 82 72
-9.506635665893555 5.8738932609558105 32.10457992553711 0.023447470661024334 -0.8404525930110425 -0.541377553118538 127 123 78
-17.050090789794922 1.5486685037612915 39.60923767089844 -0.13229638821425715 0.9051601799067591 0.40395880282106184 99 90 61
2.7699191570281982 6.238385200500488 25.467273712158203 -0.3534887792440711 -0.1164187172294644 -0.9281661301874694 152 138 138
-17.275224685668945 1.769504427909851 39.74224090576172 0.0075939766269702775 -0.8838837631917991 -0.467644977183432 123 118 89
34.00556182861328 4.156281471252441 55.55974578857422 -0.09286658550714696 0.9675137854382659 0.2351443647701574 47 43 34
15.018136024475098 -9.152308464050293 81.37785339355469 -0.08813554853864607 0.9188021179219931 0.38475289886608 156 150 116
-7.9081573486328125 -1.3245644569396973 45.46198654174805 0.08365654778180599 -0.9249670812321505 -0.37072561369577156 142 135 97
-5.023682594299316 6.079061031341553 31.1517391204834 -0.9956497857741173 -0.09315736321829254 -0.001791582029717815 111 106 100
2.405780792236328 0.4045282304286957 24.0958309173584 -0.06782600675380389 0.5305902074778084 -0.8449104476431151 232 224 221
-6.0204291343688965 6.795277118682861 31.00880241394043 -0.11318500476971313 -0.8983099506242073 -0.4245331404081597 56 55 52
-15.48176097869873 -2.9648444652557373 48.12917709350586 -0.03559337455623845 -0.8622947485503242 -0.5051543113843856 92 87 57
8.451204299926758 6.184211730957031 33.410648345947266 0.1565554446575199 -0.8643317774756376 -0.47793406573908237 84 73 41
-14.00908088684082 2.5389771461486816 37.94012451171875 0.08461047279105484 -0.8521109429984881 -0.5164765325901091 112 103 72
-15.195409774780273 4.880597114562988 34.65711975097656 -0.16743029416428654 0.8747769589531866 0.45467831340484577 148 139 108
21.579195022583008 7.53481388092041 37.00117874145508 0.2346892549767144 -0.8875717055861495 -0.3964056269042713 54 46 35
2.037501096725464 5.597279071807861 30.4189453125 0.844337757151247 0.5330804989817048 0.05402715478551584 156 141 102
7.36995267868042 -2.05153751373291 56.027320861816406 -0.04473713372984792 -0.9488289573866634 -0.3126054997759555 143 134 106
14.841898918151855 8.757187843322754 31.520009994506836 0.3066933236724708 -0.8274840850810448 -0.4703289212373815 59 53 39
5.510532855987549 -9.914532661437988 79.00885009765625 -0.06694932238863721 0.9240051140444998 0.3764735547834851 175 161 131
20.0734920501709 -7.775415420532227 78.97320556640625 -0.1261939975488877 0.925877838840105 0.3561254028111551 75 60 41
-14.40091323852539 0.1061817929148674 42.26243209838867 -0.12622179496281785 -0.870686122195089 -0.4753669478342427 125 115 80
2.4605331420898438 1.561612844467163 24.67626953125 -0.5490401092373003 0.6453627500664731 -0.5310949814066521 180 172 170
9.95865249633789 -15.47464656829834 102.63567352294922 -0.13158302981505127 0.9375223215599529 0.32208353394969946 116 99 79
16.56378746032715 8.015632629394531 33.86231231689453 0.026902274137074727 0.8691766395513466 0.493769416736681 61 58 43
0.9986997246742249 4.003983020782471 36.43116760253906 0.14269681531483683 -0.8512026630122128 -0.5050659812142568 108 95 53
1.8760135173797607 -2.7186951637268066 58.57000732421875 -0.2445360946993691 0.3944047418145513 0.8858030243927699 92 89 38
2.5116052627563477 5.161921977996826 35.03580856323242 0.051695112062301526 -0.8583437024262577 -0.5104642043219589 182 168 118
39.568206787109375 12.581575393676758 39.2724609375 0.23482803644899766 -0.8800191906165602 -0.4128220166658782 55 48 40
12.62506103515625 6.663290023803711 34.849388122558594 0.159601046355982 -0.8795811905205736 -0.44817902146852723 90 78 56
-21.22197151184082 -6.663487434387207 57.66608428955078 -0.33991202839526635 0.9349595636374313 0.10154027435022973 132 128 88
-10.545729637145996 4.1642656326293945 35.03679656982422 -0.18287949837289263 -0.8930572657673431 -0.4111007286967953 142 133 92
15.726234436035156 9.892141342163086 30.33869171142578 0.3163183325889825 -0.8098977842705579 -0.4939719541651795 80 77 45
1.1156466007232666 5.341362953186035 34.12818908691406 0.09153688485483617 -0.8559036295612803 -0.5089695232672571 148 139 98
-12.206794738769531 -1.059908390045166 44.47617721557617 0.07240290239249325 -0.8951127730848389 -0.4399215193480681 89 81 60
-3.2976324558258057 5.096534252166748 34.22732162475586 0.011372120513800031 -0.8769977782317934 -0.4803598358017847 100 84 69
5.655116558074951 2.280378580093384 40.118690490722656 -0.20090279444713618 -0.8722388291829092 -0.4459119779160004 131 112 80
-7.416604518890381 2.243347644805908 38.58681106567383 0.06720937523186864 -0.9345359882176617 -0.34946442824267576 137 126 98
-8.321081161499023 5.626052379608154 32.689273834228516 0.12245162993562704 -0.8583809772196132 -0.49818439986977797 104 94 61
-8.695392608642578 6.7198004722595215 30.930763244628906 -0.1652730322420653 0.8832169606001563 0.4388765490678847 141 134 82
8.751086235046387 2.673410415649414 40.09028625488281 0.3093317870124662 -0.8840621537383685 -0.3503540407518538 99 78 59
12.732975006103516 10.207094192504883 28.08985710144043 0.1605936911433287 -0.8103136707959454 -0.5635613731317655 76 67 52
-9.702439308166504 5.135009288787842 33.466617584228516 -0.12636195501147252 -0.8062476857748231 -0.577925017202423 87 76 46
-6.55941104888916 1.7585623264312744 39.6954345703125 0.07598128879440999 -0.8869581278627001 -0.4555569373540858 133 126 98
1.8550256490707397 5.892226219177246 26.373943328857422 -0.6260114067449798 -0.24715047807376841 -0.739612303719374 189 178 179
4.485686779022217 5.94411563873291 33.218360900878906 0.07589704511006126 -0.9339946667332671 -0.3491326410655048 169 157 129
7.370079040527344 7.738086223602295 30.005414962768555 -0.2907216709375592 -0.7760209368959902 -0.5597074374584841 67 56 54
15.296953201293945 9.024125099182129 31.328609466552734 0.24345420309058297 -0.7929783829241991 -0.5584938094665431 70 63 49
-3.7652511596679688 5.181669235229492 34.05345153808594 -0.02248005109371515 -0.9321152144936733 -0.3614635171248096 78 64 55
-7.417612552642822 0.21285176277160645 42.26499557495117 0.19640888878124962 -0.9637955768785168 -0.18033755681255528 100 88 62
-19.643489837646484 -1.1177284717559814 44.364654541015625 -0.09445631183319342 -0.8599605521944275 -0.5015434715199929 82 77 49
17.8563232421875 4.498885154724121 41.47026824951172 0.22582469635105504 -0.8659071374373041 -0.44632727437731945 85 74 54
-6.78656530380249 5.27391242980957 33.72685623168945 0.16659402423541048 -0.7373065367215125 -0.6546949686661573 89 74 53
-1.5693696737289429 5.057744979858398 34.34317398071289 0.031155226473244074 -0.8534274372260141 -0.5202796952152164 124 106 82
10.836099624633789 3.440027952194214 39.45186996459961 0.4262434641523129 -0.7872222846030018 -0.44564288829944 98 76 62
-8.031938552856445 0.06425532698631287 42.72809982299805 -0.008958529387205458 -0.9233777923198113 -0.38378795890675055 101 89 63
-9.26269817352295 8.654397010803223 28.216651916503906 -0.008737588971017882 -0.8490523631280813 -0.5282364425194408 181 170 140
4.425862789154053 5.891997814178467 29.54538345336914 0.9574976224797068 -0.261781016066085 -0.12111565783628872 128 125 81
-3.594555616378784 5.958710193634033 32.68397521972656 0.2805341304868062 -0.7904611913630202 -0.5444921547469411 102 89 57
1.033845067024231 8.615796089172363 28.59175682067871 -0.01101529012063268 0.986442532322275 0.1637369653107576 206 192 179
5.653914451599121 -10.262735366821289 81.93708038330078 -0.122086447045723 0.9230094312138033 0.3648951758219383 144 134 99
2.1691484451293945 6.747035026550293 26.54878044128418 -0.8280302336087803 0.2997689491716867 -0.47381906814974334 126 113 120
-12.436010360717773 -2.930708169937134 48.797584533691406 -0.03340326633593659 -0.9753635821959201 -0.21805986408331404 0 0 0
9.966341018676758 -4.601659297943115 62.88715362548828 0.04512628546558619 -0.9811044487561115 -0.1881427091094533 145 137 101
-11.325224876403809 8.142609596252441 28.257511138916016 -0.2648776962603783 0.7743191491076036 0.574690926802461 91 80 50
27.170833587646484 11.688445091247559 34.65088653564453 0.31738131169615136 -0.7070160731066855 -0.6319789358474154 62 54 52
36.49163055419922 10.599132537841797 40.39448165893555 -0.16849403205533184 0.8832814044224022 0.4375199672738668 40 35 32
-3.420039653778076 6.207587242126465 32.49802780151367 -0.04817929135541965 -0.8479266366926922 -0.5279196668731984 107 92 61
-0.7297854423522949 8.235158920288086 28.376855850219727 -0.11822662606166759 -0.7282532056230997 -0.6750331350309801 113 105 59
-7.392894744873047 8.452696800231934 28.130678176879883 -0.04341237892552507 -0.7524084182600197 -0.6572647392698636 120 104 78
20.887248992919922 7.757526397705078 36.082679748535156 0.20823303378977848 -0.8535875533994763 -0.4775220333347991 64 50 41
22.416118621826172 -1.5399483442306519 66.53596496582031 -0.10696796026207867 0.9553643764953881 0.2753847555710895 107 96 66
2.62024188041687 -2.0290791988372803 53.57859802246094 0.013961705876181469 -0.993048420102532 -0.1168756009648398 98 86 62
-5.631261348724365 8.222880363464355 28.617931365966797 -0.053331200624086625 -0.8581359128630741 -0.5106452174403008 100 85 52
21.39672088623047 2.1785216331481934 51.992759704589844 0.2709461231385842 -0.9306992627289116 -0.24573782922462561 96 89 60
20.03973388671875 6.614769458770752 38.07904052734375 0.21607844278061283 -0.8927114490515577 -0.39544452872403374 59 46 38
6.9684882164001465 8.1909761428833 29.29161834716797 0.09692092114721347 -0.7962255725866094 -0.5971860452179892 124 105 99
30.01479721069336 9.39814281463623 39.66636276245117 0.2958069097421611 -0.8349546277197638 -0.46405715359009725 26 22 13
25.757070541381836 11.638044357299805 33.673763275146484 0.40247315673765033 -0.6956934722116938 -0.5950007990143106 51 39 39
11.894357681274414 -7.523833274841309 77.15258026123047 -0.020881529394475094 0.9302261085480626 0.36639234258602577 100 84 61
20.846097946166992 11.596379280090332 30.101825714111328 0.2759074376203469 -0.7511362327470177 -0.5997244748385655 67 52 47
-7.275945663452148 4.834572792053223 34.205604553222656 0.0913573106519619 -0.8381176058446751 -0.5377850133311928 107 97 72
-10.643881797790527 8.722228050231934 27.745197296142578 0.1348490951106203 -0.7463478424782394 -0.6517519616970283 148 137 107
-6.004980087280273 5.678990364074707 33.28635787963867 -0.2699652009275397 0.8185293545353473 0.5070783825525408 90 82 59
-3.5344927310943604 7.430896282196045 30.308603286743164 0.057515610471554714 -0.8582898347699934 -0.5099318720011344 129 117 65
-1.5684046745300293 -4.676966190338135 56.04375457763672 -0.40470880738887044 0.6340314755148488 0.6589498230353675 143 129 103
-7.597405433654785 1.3853462934494019 40.1604118347168 0.15416947497823447 -0.8493354848959289 -0.5048376046626603 92 81 49
-1.0038514137268066 8.221358299255371 29.01958656311035 -0.10237660773921198 -0.869391854072529 -0.4834013180165544 130 126 78
-2.9399893283843994 2.5358662605285645 38.699729919433594 -0.022828931136994655 -0.9046664837605635 -0.42550839364628373 97 76 57
13.048856735229492 7.073973655700684 33.91486358642578 -0.05569394036674306 0.9088289675412969 0.4134345084342216 124 119 79
29.22133445739746 12.525391578674316 34.42354965209961 0.13407839646765318 -0.7477378010008136 -0.6503162035157437 45 41 37
-1.5459296703338623 5.508157730102539 33.55471420288086 -0.1429959272954081 -0.8468098028192935 -0.5123136955285065 117 100 80
-13.705522537231445 3.361820936203003 36.322288513183594 0.04925904520628068 -0.852649983534206 -0.5201553153092684 91 84 51
-1.9440668821334839 3.417100429534912 37.22997283935547 -0.060880821948792775 -0.861692928461 -0.5037646499697503 106 92 63
-46.706356048583984 -19.42757797241211 103.81532287597656 -0.06896127543940207 -0.9461870760446083 -0.31618722241090924 116 110 78
0.24330902099609375 -3.355304002761841 56.861297607421875 -0.5018012442095712 0.3150311247389283 0.8055748889801942 87 77 45
-3.4394097328186035 0.8747057318687439 41.52897644042969 0.059136775184944895 -0.9251022668337106 -0.3750848406958827 161 139 126
10.819969177246094 5.414134979248047 36.31890106201172 0.27707689556895043 -0.8101891458527957 -0.5165481021978402 134 127 99
-4.220081329345703 2.0965421199798584 39.51909637451172 0.08917292285659313 -0.8500167452820269 -0.519152889397104 139 123 107
-10.683566093444824 6.932086944580078 29.902240753173828 0.08698337700137566 -0.8611425340686802 -0.5008666770141611 120 114 78
-1.5461822748184204 3.365002393722534 37.42352294921875 -0.047692429033666675 -0.892551760385344 -0.4484158641773194 140 115 106
-14.953079223632812 0.14771008491516113 42.34062576293945 0.002931860750398337 -0.9278796201437225 -0.37286836110681437 112 108 72
-1.7066371440887451 5.9543986320495605 32.88243865966797 0.009656492754804713 -0.8720575641461635 -0.48930803893164926 54 46 35
13.382198333740234 2.0516130924224854 44.164676666259766 0.22610236822440785 -0.8927497623343236 -0.3897121770426514 103 86 66
2.773015260696411 4.269772529602051 25.2540340423584 -0.03497615532836335 0.4997999326785195 -0.8654343971977273 162 137 132
-14.981821060180664 5.679450035095215 31.931730270385742 0.008811785656674877 -0.8534243865895572 -0.5211421771530095 102 96 64
4.167061805725098 -11.483512878417969 83.12799072265625 -0.11824231399377524 0.8987346881680751 0.4222495890641349 159 148 116
14.536919593811035 5.5129008293151855 37.816368103027344 0.05903592209524234 -0.8102156537149161 -0.5831512277082815 89 75 62
-1.0380725860595703 4.715661525726318 35.071075439453125 -0.08913383933027502 -0.8862486950372044 -0.45455297736468203 140 124 109
10.790583610534668 8.557705879211426 30.143957138061523 0.10409834161451059 -0.8445176791184951 -0.5253126925264786 68 63 33
21.112091064453125 7.3885178565979 37.18623733520508 0.23741929988067492 -0.9343044779381933 -0.2659082897331534 57 43 32
7.046501159667969 6.953824043273926 31.61863899230957 -0.11835920936941287 -0.8540763943732536 -0.5065023298385014 140 124 106
-5.542369365692139 6.684149265289307 31.698400497436523 0.09655037245191588 -0.7194138046014609 -0.6878385009057344 134 126 79
11.068172454833984 5.400491714477539 36.460487365722656 0.1927014382997325 -0.7915710880357659 -0.5798977222434046 71 65 31
-12.216838836669922 4.605076313018799 34.197139739990234 0.04887742392122945 -0.7706664311199496 -0.6353615107760813 125 117 80
20.776607513427734 10.230009078979492 31.887741088867188 0.29550954421357667 -0.8528219729760504 -0.4305447615381247 22 12 11
3.5738730430603027 2.6791322231292725 24.76540756225586 0.6909386357379471 -0.17046174008087908 -0.7025287160061026 160 135 131
1.5639668703079224 7.161904811859131 30.90682601928711 -0.1337382724990617 -0.9224220363293785 -0.36228671154615877 82 77 55
-9.709794998168945 5.212013244628906 33.31985092163086 -0.10290214540368421 -0.8227422674737215 -0.5590226379884076 122 111 81
15.584805488586426 6.031469821929932 37.118961334228516 -0.04616270798576163 0.8875151156587217 0.4584603841867988 58 44 31
12.019344329833984 1.542880892753601 45.48607635498047 0.26693239835617333 -0.9472320931737535 -0.17747804475340176 107 91 68
-8.50738525390625 4.541230201721191 34.35253143310547 0.020488962331205514 -0.9365098818213874 -0.35004205986349896 131 117 80
-10.464245796203613 -2.1285078525543213 47.10230255126953 -0.18177188889135276 0.8956919735745124 0.4058261559868519 118 105 88
17.782012939453125 4.505977630615234 42.005775451660156 0.15565292593383828 -0.9034052668594248 -0.3995385969576485 98 80 66
-10.657169342041016 6.451444625854492 30.650423049926758 -0.021251915101939956 -0.8061157953348869 -0.5913760906699751 163 157 123
-19.724609375 -6.481635570526123 58.054344177246094 -0.1786294025870111 0.8847646539076467 0.4304451692458516 128 123 87
-13.757814407348633 0.088905468583107 42.03239822387695 0.00506886134602493 -0.8537039328733886 -0.520734002770285 123 112 80
-6.9336042404174805 5.072157859802246 33.94683837890625 0.09565591669451728 -0.7935679437479485 -0.6009158545561802 131 119 97
-10.231613159179688 -9.41883373260498 77.61234283447266 -0.060978799370272445 0.9244689988654703 0.37634911473794536 106 95 63
-5.430878162384033 6.86777400970459 31.064376831054688 0.08450082740417192 -0.8989973911268738 -0.42972468036532996 141 135 85
5.3278584480285645 -6.885056018829346 72.29386138916016 0.17459979453875613 -0.9466395327208617 -0.270903131833231 143 130 98
41.566043853759766 9.434440612792969 46.73756408691406 -0.08555026293815686 0.9143049677313176 0.39588834094103637 61 57 48
20.064905166625977 1.7759438753128052 52.4630126953125 0.25447581038375994 -0.944749553116653 -0.2066164171004159 128 123 83
15.853353500366211 7.336148262023926 34.83533477783203 0.2068043671462217 -0.8011781514448286 -0.5615563403405738 61 60 30
-7.402073860168457 4.976451873779297 34.015750885009766 0.11886335877305974 -0.8021021167694105 -0.5852381534172373 102 89 70
5.469382286071777 -4.834079742431641 61.90488052368164 -0.16901532873022027 0.7850229703249612 0.5959637192953864 140 127 95
-13.11667537689209 2.7290267944335938 37.46365737915039 0.013792817144651368 -0.890865039684951 -0.45405862976310135 147 139 102
-8.025330543518066 -7.634084224700928 68.24231719970703 0.17748090810952388 -0.9682289832099638 -0.17616232096795897 113 107 73
-6.736505031585693 2.232445478439331 38.43351364135742 0.06634923791993798 -0.8979552534755486 -0.43505648068165387 145 138 129
-8.621192932128906 3.35990571975708 36.5349235534668 0.033726946720338755 -0.8802241873593699 -0.4733580812159652 102 87 66
15.186034202575684 -0.37634679675102234 56.23930358886719 0.42863472135106523 -0.816131721584264 -0.38755811006376806 137 129 90
32.91865921020508 4.160974025726318 54.01123809814453 -0.04843904188373969 0.9844248761422123 0.16900095400255907 47 40 34
2.3027186393737793 1.3571839332580566 24.61473274230957 -0.6541068872780914 0.44142852948407935 -0.6142353241005354 66 53 63
-6.962469577789307 -4.091073513031006 53.53013610839844 0.22278858833375756 -0.9056166948158949 -0.36086513682951726 171 157 130
3.472080945968628 2.6701791286468506 24.503337860107422 0.3728616516848723 -0.3573748633732887 -0.8563044994228117 0 0 0
-9.578451156616211 5.39094352722168 33.04412078857422 0.02361903249044296 -0.8643762454567719 -0.5022906007425079 110 102 64
-20.916912078857422 -1.4596840143203735 44.756683349609375 0.05971944475281801 -0.8658988303319477 -0.49664152418840274 129 122 96
-7.766584873199463 -6.124495983123779 59.05646514892578 0.07464750613940804 -0.9890195398802261 -0.12754646040668088 127 123 86
-26.079174041748047 -6.810609817504883 57.394248962402344 -0.031069035653222835 -0.9349347010971404 -0.3534569559479342 111 105 69
35.35002136230469 3.022000551223755 59.30274200439453 0.26385968103091495 -0.8972196425070126 -0.3540832978634436 60 53 43
8.771055221557617 -2.9959661960601807 57.37574005126953 -0.06437289887461684 -0.9630327194673323 -0.26158002814785547 134 120 85
3.8748700618743896 2.25215482711792 26.014232635498047 0.8944202729909206 -0.07300619759266981 -0.44122836533467213 115 99 76
-5.661376953125 -1.2114031314849854 46.1937255859375 0.03873659527647611 -0.9676731387494567 -0.2492151133642603 88 73 54
2.9389681816101074 1.2816200256347656 41.45840072631836 -0.03998661218081685 -0.8952216582765619 -0.4438234484554227 141 130 95
-22.28462028503418 -4.937335968017578 52.61824035644531 0.10690073103418715 -0.9489469823320198 -0.2967690321231473 144 138 106
-2.651916980743408 5.075634479522705 34.20966339111328 0.034342623603618894 -0.8692672838555177 -0.49314802384524603 132 122 87
36.38039016723633 5.6011786460876465 53.722965240478516 -0.18200303311670207 0.9295827810134996 0.3205475770919649 49 42 36
-12.960774421691895 -3.936533212661743 50.49067306518555 0.20133851748894907 -0.9234155711557878 -0.32675141058973695 128 122 88
12.514669418334961 8.467949867248535 31.504037857055664 0.17097209504223215 -0.8894066496689659 -0.4239390926082366 61 53 41
11.057533264160156 8.60321044921875 30.211814880371094 0.3570145961359674 -0.8136596466325637 -0.45880121794481227 85 79 45
23.99993896484375 6.732278347015381 38.3988037109375 0.3214821143299892 -0.7898768757379748 -0.5222487638475899 40 36 31
13.10061264038086 1.4949134588241577 47.20734405517578 0.26167885759495474 -0.9378928435400531 -0.22777442684408758 102 91 63
0.6045796275138855 1.5551035404205322 40.22983932495117 0.026369543856607367 -0.9358661582440814 -0.3513675867382452 103 88 63
12.454466819763184 9.291492462158203 29.883609771728516 0.20240256687015362 -0.8465109428730643 -0.4923945821396989 81 72 41
-3.885434865951538 2.5755605697631836 38.68312454223633 -0.01846082042286695 -0.8734718525912389 -0.4865245326190073 130 114 91
2.401845693588257 0.1950722485780716 23.990276336669922 -0.06303337044634343 0.5749423094226597 -0.8157623030306761 55 45 43
-36.07774353027344 -15.214466094970703 89.82769775390625 0.009217859837833202 0.8971373080986894 0.44165561411290494 127 121 89
-18.923057556152344 -5.6616692543029785 55.36067581176758 0.10883208020765829 -0.9403900962489005 -0.32221428459126017 142 136 102
5.216444492340088 1.4400966167449951 42.41078186035156 0.07281711673761201 -0.9182600925209481 -0.38922496065057405 158 141 111
14.106179237365723 5.950862884521484 36.49228286743164 0.18686947809033574 -0.8775126203770175 -0.44164623765781896 67 52 30
28.556310653686523 9.146903991699219 39.09828567504883 0.3568894308724827 -0.7749211165262506 -0.5216581230012856 60 50 44
2.76200532913208 6.840360641479492 25.714637756347656 -0.5255544854001423 0.3126552350274002 -0.7912263815658275 118 106 112
24.540603637695312 8.32217025756836 37.603248596191406 0.23744585711580543 -0.8016131465107615 -0.5486673202220603 42 33 32
21.19373893737793 6.264188766479492 39.53812026977539 0.05421476558655965 0.964520400399134 0.25838180355104057 54 41 32
-3.3177638053894043 5.6380391120910645 33.257266998291016 0.12442507762748732 -0.8567903653601576 -0.5004284862829065 101 86 53
-1.2955182790756226 1.1329683065414429 41.380218505859375 0.01569638550708329 -0.9498329615697887 -0.3123635199532384 147 133 107
-9.087396621704102 6.103485584259033 31.574193954467773 -0.1891140443099999 0.8991989555545529 0.394559395496187 117 113 68
14.607844352722168 -7.973801136016846 77.59638977050781 -0.19006302210343043 0.9174555108032696 0.34950169287948063 102 85 65
-19.180078506469727 -1.17310631275177 44.6713981628418 -0.02273582287768607 -0.83894343805279 -0.5437434966105236 149 139 114
14.870223999023438 9.231191635131836 30.802364349365234 0.28329188815881884 -0.8078582687834891 -0.5168275569873907 73 64 55
-9.49100399017334 6.793426513671875 30.45711898803711 -0.2487225366335431 0.8280914764656939 0.5023958662005917 105 96 55
-10.89989185333252 4.796069622039795 33.86475372314453 0.059194325479063614 -0.8940437205075397 -0.4440516384972755 122 116 82
-12.07886791229248 8.446684837341309 27.310007095336914 0.09935325409093311 -0.6543469593714283 -0.7496392383426237 91 77 50
-7.3667802810668945 5.973931789398193 32.52747344970703 0.05155419670579293 -0.8721418848303587 -0.48652923604503934 129 116 82
-3.3362622261047363 -3.876767635345459 53.74549102783203 0.28744158042329726 -0.9101117571167134 -0.29845255469116966 126 109 89
-6.548888683319092 4.739236354827881 34.5799674987793 0.1319626996519093 -0.7982521540663932 -0.5876898369284116 109 93 78
-10.325819969177246 6.300115585327148 31.2615909576416 0.08996409847867823 -0.8798663550087653 -0.4666279656305518 109 96 61
1.6414552927017212 7.574166774749756 27.705402374267578 -0.8244917818692998 0.27433029333818654 -0.4949304918743354 127 118 121
23.94887924194336 13.558287620544434 29.876155853271484 0.363220473700485 -0.7465980143132408 -0.5573708751884343 57 46 44
-5.675869464874268 -4.439214706420898 55.2324104309082 -0.16260571495224485 0.903918195728162 0.395589783609756 131 116 87
-15.04284954071045 -2.510646343231201 47.66718292236328 0.013894460944109274 -0.8638477149042016 -0.5035613859400478 125 117 98
-18.048402786254883 2.0906317234039307 38.91190719604492 0.018136640835039086 -0.8909040923862874 -0.4538292194521919 101 94 66
-5.223186016082764 -1.9730736017227173 47.92607116699219 -0.26585946810927114 0.8006702572384173 0.5368853531159351 134 122 98
16.242233276367188 -1.7275722026824951 60.57524108886719 0.5580205353630507 -0.7069804521825928 -0.43450169429454527 210 202 195
10.115791320800781 -6.046731472015381 72.0520248413086 -0.17069723495052647 0.9245436852857521 0.340707246736087 144 133 103
8.80242919921875 9.050131797790527 28.634681701660156 0.21783764792807447 -0.841364464279531 -0.4946236927127349 118 114 77
-4.521592617034912 -4.99603271484375 56.37620162963867 0.11360727197635982 -0.9507804034539118 -0.2882880714877162 156 150 107
7.1499128341674805 7.45934534072876 30.892894744873047 0.0461659981745665 -0.9067557145561593 -0.41912143196488394 188 173 166
7.261423587799072 2.726824998855591 39.142906188964844 0.2015177156099005 -0.8756683403546802 -0.4388571156946734 103 83 56
-13.725715637207031 4.340768337249756 34.55049514770508 -0.041950836579232396 -0.7818417834863791 -0.6220639459936096 163 154 123
-20.69257354736328 -11.143270492553711 80.58246612548828 -0.051914725366992716 0.8831972587152052 0.4661195806743335 106 96 61
-10.737166404724121 -2.399348497390747 47.63422775268555 0.1653918760839734 -0.9179707164751744 -0.360520860727196 73 58 56
-6.593437671661377 6.350996494293213 32.515533447265625 0.0396838548275878 -0.8536106321571624 -0.5193978054769511 101 86 57
-0.5416428446769714 3.129030227661133 36.699737548828125 0.05413415166210081 -0.8111560087289458 -0.5823190046072263 106 91 58
-0.19273202121257782 7.6696295738220215 30.127792358398438 -0.022842576975046554 -0.8248404942320005 -0.5649038641682745 63 60 29
-12.090340614318848 9.169843673706055 26.80685043334961 0.1335819055512822 -0.7302240461309321 -0.6700214302255258 132 118 92
-5.484811782836914 -2.3590645790100098 49.307655334472656 0.2260391339208276 -0.9077952277970684 -0.35329043905148416 111 96 75
-7.738154411315918 -13.639984130859375 85.9403076171875 -0.06247016855979969 0.8914352550347677 0.448821416736333 153 142 112
29.84707260131836 8.371387481689453 41.04789352416992 0.27866804942880247 -0.8400014398324369 -0.465555259133628 61 54 46
35.82912063598633 8.633959770202637 44.736324310302734 -0.1735986275049217 0.9147303546720096 0.36487243629798405 39 32 24
2.255491256713867 -1.8684061765670776 52.05869674682617 0.028954464842255022 -0.990353968891243 -0.13550149544215878 115 106 79
1.5982147455215454 6.617010593414307 27.305034637451172 -0.8612670682448682 0.22604686113737887 -0.4551064202214992 73 64 67
-20.698524475097656 -1.3565068244934082 44.921119689941406 -0.10563046377284618 0.8641517467433825 0.4920202879185911 119 113 87
8.001678466796875 6.109425067901611 33.52903366088867 0.20707740852523698 -0.8577892939485298 -0.4704428488836395 95 83 45
-6.038399696350098 6.453580856323242 31.85068702697754 -0.04130862670316765 -0.9323350653567971 -0.3592282328353875 89 75 49
28.069530487060547 12.808053016662598 33.75886917114258 0.19292788080999954 -0.7625113372802391 -0.6175397099177213 50 43 35
-0.5467470288276672 5.886605262756348 32.99607849121094 0.1740942923345406 -0.8515744522831596 -0.4944816777143238 133 122 87
21.952577590942383 8.139768600463867 35.943206787109375 0.10227833218394133 -0.8365861731185888 -0.5382032308640162 58 50 47
-4.098883628845215 8.777320861816406 28.040489196777344 0.21544178095067373 -0.741288420427869 -0.635669974719867 107 102 57
20.918699264526367 0.7245131134986877 58.0820198059082 0.15258944657405885 -0.9645410465427411 -0.21535326867372195 119 116 73
-4.674615383148193 7.50238561630249 29.904157638549805 0.19900007592119465 -0.7938143123478407 -0.5746806132932303 104 96 50
20.700885772705078 9.85864543914795 32.33736801147461 0.23082273550404356 -0.806235368216004 -0.5447067062300912 43 33 32
2.5171501636505127 3.3651609420776367 37.73460388183594 0.03994137885854573 -0.8730350243177056 -0.48601906605550127 120 100 73
18.364776611328125 7.003553867340088 36.82025909423828 -0.10006921995162889 0.9145108059122852 0.3919899706471268 132 117 94
6.573581218719482 3.3318610191345215 38.26820755004883 0.12649947991536292 -0.8742700566767933 -0.46866805905619335 151 136 107
-4.356626033782959 6.95689058303833 30.88144302368164 0.05393698847421363 -0.8568395907846973 -0.5127540511183165 103 93 57
-21.15288734436035 -0.9111526012420654 43.44477844238281 0.007267965754489345 -0.8609598591697144 -0.5086209763392158 146 139 110
-12.630157470703125 2.306691884994507 38.48002624511719 -0.05443867149539903 -0.9281005728149407 -0.3683283287861453 145 132 97
34.62685775756836 11.700095176696777 38.00167465209961 0.21460281589310617 -0.9061596423223434 -0.3644452414794175 54 46 44
36.105472564697266 10.230193138122559 41.04274368286133 -0.15518193936188662 0.9035584273418951 0.39937542998452574 55 48 40
16.790943145751953 7.176017761230469 35.58417510986328 -0.09005790911559505 0.9092657971992161 0.4063561037432572 59 57 32
-4.219600200653076 8.72041130065918 28.050151824951172 0.1505264298844609 -0.6853561731719703 -0.7124806732826583 99 89 53
25.123620986938477 3.357647180557251 51.9591064453125 0.3061207897649884 -0.9121004669279131 -0.2726954350617968 63 50 42
3.586329936981201 6.392967700958252 26.027633666992188 0.5706040119103863 0.3516265119101072 -0.7421387051715492 187 168 164
9.257322311401367 2.9884555339813232 39.78511047363281 0.2703642236292204 -0.903096992501417 -0.3336450340051009 110 92 80
-6.895570278167725 3.7775540351867676 36.081695556640625 0.09364309877531773 -0.8539748913304193 -0.5118181855199703 125 111 98
2.6395931243896484 5.090930938720703 34.73419189453125 0.04381222927832335 -0.8127882638117614 -0.580909396356718 136 118 80
3.072279453277588 0.9844481945037842 24.652708053588867 -0.930371778579655 -0.0003161034386411179 -0.3666173123314628 213 204 195
-3.9968717098236084 5.02680778503418 34.229042053222656 -0.12354921895812049 -0.9517306349394891 -0.28097044152813583 123 108 103
-3.433377265930176 -1.4352668523788452 46.946529388427734 -0.08983446377527299 -0.8716040875409828 -0.4819087918891497 124 116 79
1.7827059030532837 6.181207180023193 26.91225242614746 -0.634353030747329 0.4514783300735568 -0.6275058165911062 74 61 68
15.975541114807129 -4.585824966430664 70.45989227294922 -0.20039235549841172 0.8991341417384753 0.38910242741213263 117 108 77
3.5192904472351074 5.005500793457031 25.84866714477539 0.6150646776853196 0.26629809663884596 -0.7421460543520947 196 167 161
-16.248029708862305 -11.597001075744629 81.5363998413086 0.00947104879480297 0.9047128901992879 0.4259165241476049 113 102 72
17.01118278503418 11.411811828613281 28.3841495513916 0.19033339786401465 -0.7561116996838011 -0.6261535716250543 53 43 41
-16.266305923461914 -2.43813419342041 47.87773513793945 -0.0545804550387942 -0.8875652827782181 -0.45743725551662257 107 101 70
6.529964923858643 3.066174268722534 38.50787353515625 0.09820469435350593 -0.8371582906488511 -0.5380723319450914 90 74 48
8.43708324432373 6.685757637023926 32.5965576171875 0.1691693801628595 -0.8550830831473052 -0.490116967397184 93 83 46
17.477392196655273 -11.598745346069336 96.0033187866211 0.1824662502613248 -0.9601354102354295 -0.21176888706232433 135 123 85
-11.744447708129883 -0.0018805282888934016 42.65582275390625 0.08497423395982125 -0.9285125588960041 -0.36144682532197736 175 163 137
-11.067545890808105 3.853748083114624 35.61607360839844 0.14349456207725916 -0.8667973642037602 -0.4775684663623321 123 118 77
6.36215877532959 2.349086046218872 39.610843658447266 0.10319365347448693 -0.8911802340664725 -0.44175656225099175 120 105 74
7.503911972045898 -2.581585168838501 57.98506164550781 0.05237621320636499 0.9406363270882296 0.3353506112296905 255 255 248
-9.501028060913086 5.192741870880127 33.255882263183594 -0.07785626677641704 -0.801798900553986 -0.5925005694461895 110 96 64
-3.071575164794922 0.9401986598968506 41.73914337158203 0.053264480837228186 -0.9327292899482229 -0.35662160163655926 118 98 82
28.447227478027344 -3.0827651023864746 76.30838775634766 -0.2838020835969038 0.8412166225042109 0.4602292595746861 99 80 73
-3.614715576171875 6.739684104919434 31.375518798828125 0.04158983766835232 -0.8136095266599891 -0.5799222564541122 110 95 62
-24.433700561523438 -2.0955276489257812 46.179771423339844 0.03371693757400015 -0.9231924408750297 -0.38285622005112513 80 74 47
44.94252395629883 -5.48419713973999 96.23638153076172 0.29886582570179154 -0.9041706107074425 -0.30521258978049465 88 76 52
18.927228927612305 7.622317314147949 35.71165466308594 0.31615938604376603 -0.8432692149958526 -0.4346726051371391 66 58 46
9.215702056884766 6.928894996643066 32.17314147949219 0.22491793519417697 -0.8640837471268575 -0.45030123293102015 144 133 115
-3.1136670112609863 0.24147556722164154 43.486061096191406 0.11683035312123717 -0.9340902581348083 -0.3373811764862037 134 118 92
-13.693448066711426 6.146975994110107 31.101301193237305 -0.027126964323362385 -0.8376173739905974 -0.5455834148832742 162 151 119
0.8684291839599609 -8.889825820922852 77.21160888671875 -0.054997538518117534 0.8987108617105252 0.4350793695413208 131 121 86
31.63785743713379 11.056706428527832 38.46963119506836 0.23504375298342198 -0.878008077801474 -0.4169607289647656 44 35 32
-4.386748790740967 -0.948391318321228 46.700294494628906 0.0417914617754572 -0.9571128011185618 -0.28668547165430425 0 0 0
32.68695831298828 6.37205696105957 48.684024810791016 -0.15630751708889368 0.919337101647657 0.3610917523782435 51 42 35
-1.5863487720489502 5.527385234832764 33.567378997802734 -0.14299592729540794 -0.8468098028192939 -0.5123136955285065 110 96 77
11.359447479248047 7.239170551300049 32.48009490966797 0.03929400781314159 -0.8905653521054766 -0.45315486820647694 66 60 24
12.017878532409668 3.549631118774414 40.598758697509766 0.3144135694480343 -0.8609262300159906 -0.3999376624142815 94 84 50
-11.698469161987305 6.594078540802002 30.666099548339844 -0.14736968161652936 0.8941182340882956 0.42288859101549475 119 109 73
14.866778373718262 5.200130939483643 38.55778121948242 0.14618392216506762 -0.7798128527152133 -0.6087053274291253 118 105 89
26.167449951171875 12.267385482788086 32.940277099609375 0.3886303837720889 -0.7498040679069945 -0.5355000322682365 57 45 47
6.541870594024658 0.2227352410554886 44.974754333496094 0.20690398294615564 -0.9476735206461007 -0.2431165154966671 145 122 104
14.074014663696289 0.625606119632721 51.27054214477539 0.1458676002369541 -0.9524316474362454 -0.2675754102360523 103 95 46
15.240670204162598 -2.1268973350524902 60.0500373840332 0.4987924936603549 -0.7289809354029435 -0.4688206950286373 125 115 97
-3.3624420166015625 7.996519565582275 29.306291580200195 0.04047519710548595 -0.8358160402987063 -0.5475155753023504 91 77 42
-9.010248184204102 6.617644309997559 30.895051956176758 -0.2114663890497557 0.8414235572120552 0.49728097054971715 147 142 100
9.660460472106934 8.686028480529785 29.392757415771484 0.14210117073725606 -0.8320732394331803 -0.5361542515864948 97 92 54
0.4213305115699768 8.462906837463379 28.528156280517578 0.1580615375941133 -0.8584509275440985 -0.4879329414295179 140 130 95
-9.794806480407715 6.5935869216918945 30.8311824798584 -0.17899557791699486 0.8896575418030174 0.42008337434272913 122 111 81
-12.86584186553955 -0.08667409420013428 42.62200927734375 0.07916770946451283 -0.8680022469059127 -0.49020870366042 106 99 70
9.047172546386719 3.324471950531006 39.640438079833984 0.4205303327368303 -0.7715462167644835 -0.47735801516750836 109 90 73
-0.2659965455532074 7.397580623626709 30.512821197509766 -0.12999739302221083 -0.7160524013849514 -0.6858349920194168 58 53 26
2.2328217029571533 5.212458610534668 26.002643585205078 -0.8067491591440742 0.2582358172627591 -0.5314791217940397 70 59 65
12.913010597229004 8.989958763122559 30.177000045776367 0.19985207573637612 -0.8326589202511804 -0.5164671048092025 63 51 35
-10.109965324401855 4.090665817260742 34.76686096191406 -0.1321107778185763 -0.8868882916444263 -0.44269165400784544 146 132 97
3.6331028938293457 -12.734796524047852 85.9375228881836 -0.11427876827013146 0.9127046869003044 0.39231430974778186 172 161 131
0.7593604326248169 -7.742711544036865 74.50454711914062 0.00802269593973722 0.9443534663190466 0.3288345587085702 144 138 102
-9.329501152038574 8.699931144714355 27.95587921142578 0.1128043809983265 -0.8248265334513796 -0.5540183763578287 74 59 46
20.782276153564453 -3.7931642532348633 72.43606567382812 0.20919040054712945 -0.9342890663750822 -0.288692425898064 98 86 65
16.860849380493164 8.670120239257812 32.749481201171875 -0.023330944288595636 0.8619135153609526 0.5065182712170685 60 48 48
8.326781272888184 8.913537979125977 28.53301429748535 0.2515214232660858 -0.8722209239649802 -0.4194849621093451 79 75 38
-8.925178527832031 -2.987452507019043 50.400291442871094 0.06897595676552527 -0.8995829336141611 -0.4312688986449425 111 99 77
8.159405708312988 9.134739875793457 28.035629272460938 0.23577004525394082 -0.8685396910389654 -0.43594872502496645 125 116 83
10.499402046203613 8.437467575073242 30.145841598510742 0.14278620930157382 -0.7380824642943052 -0.6594288243127779 81 77 39
11.513545989990234 -1.0763845443725586 53.8611946105957 0.35902256026280066 -0.818079942624372 -0.4492749811619251 121 105 79
-0.8310138583183289 7.893673419952393 29.41326141357422 0.1449398540439869 -0.828437415377824 -0.5410026686734722 107 101 65
-6.274604320526123 6.243318557739258 32.08623504638672 0.00028544329874072386 -0.9033479926703819 -0.42890829166677935 130 120 77
10.390586853027344 9.971014022827148 27.49943733215332 -0.1867952474432134 0.9243748428863424 0.3326239398652477 60 53 25
-2.479261636734009 -2.757526397705078 51.37630844116211 0.18387325936692817 -0.9546128214611732 -0.2343181290291488 92 77 54
-9.004969596862793 6.650050640106201 30.849607467651367 -0.12615735199609837 0.898305230033799 0.4208705694524811 161 156 116
10.057478904724121 4.129225254058838 38.36848449707031 0.29447337651943806 -0.8415582067328085 -0.45284126932281704 105 90 71
6.789515018463135 -5.11182165145874 68.75491333007812 0.15395497963016144 -0.9504343041297934 -0.2701342217868592 95 82 55
21.884963989257812 8.401202201843262 35.10403823852539 0.163967307909893 -0.871676590624396 -0.46183833025660687 55 41 40
9.918334007263184 4.4648237228393555 37.40589904785156 0.2110974814919717 -0.9229684084950954 -0.3218185361780422 117 103 79
14.924089431762695 6.9451584815979 35.37394332885742 0.10094872553385396 -0.8703976166669259 -0.48188934799767635 85 82 39
-9.797846794128418 5.9551777839660645 31.74089813232422 0.04217410104849192 -0.863761294575803 -0.502133220563512 131 127 82
8.906952857971191 7.387916564941406 31.197996139526367 0.3905493205852562 -0.8482778817756812 -0.35762531157701677 138 137 93
8.835257530212402 8.11422348022461 29.788042068481445 0.13663846894628995 -0.7496077253748921 -0.6476250356975816 110 103 64
-7.007948398590088 0.2981582283973694 42.83656311035156 -0.05537259780925172 -0.9198239678263606 -0.38840409836151985 137 126 95
10.287995338439941 3.140456438064575 38.78120422363281 0.3234099844700874 -0.8150880863259204 -0.4806634929705047 158 137 118
-5.24854850769043 5.409196376800537 33.67384719848633 0.04456441525745508 -0.7898154152118901 -0.6117234855606173 104 88 72
-4.986699104309082 0.5054097175598145 41.800086975097656 0.10591409306063881 -0.9129790634381474 -0.3940195865877048 114 101 75
-15.486859321594238 2.54605770111084 38.14389419555664 -0.14576893174424918 -0.8788702581316606 -0.4542449646498336 113 104 73
24.614788055419922 2.0392730236053467 65.38919067382812 0.7867693582596151 -0.5790318021027588 -0.21381335098020576 92 79 61
-7.348023891448975 5.33998441696167 33.495601654052734 -0.2624165077763643 0.8281763429110864 0.4952388529678132 110 97 63
-6.1134843826293945 7.936225891113281 28.941791534423828 -0.22976236753221646 0.868192507368637 0.4398306772099348 103 90 58
-8.83133602142334 7.4027276039123535 30.00664520263672 0.1562017474306785 -0.8330129298527572 -0.5307452051575481 102 91 59
-8.116909980773926 6.747378349304199 30.687549591064453 0.0770059174013123 -0.852472754209626 -0.5170689431936873 171 166 124
-4.73804235458374 -2.7140002250671387 50.139617919921875 0.1771712233333654 -0.9332137178021074 -0.31260600526625804 112 98 72
15.765713691711426 6.842554569244385 35.62947463989258 0.2858824222317742 -0.8284474021605187 -0.4816078721453605 113 100 83
9.274894714355469 5.7884674072265625 34.263736724853516 0.25483461367514904 -0.8598922230513186 -0.4423174023355836 112 103 70
18.79778480529785 5.100190162658691 41.29199981689453 0.2913512327760544 -0.8464353576729667 -0.4457147568130431 55 41 30
20.38388442993164 -2.997992753982544 68.75625610351562 0.1188153615079527 -0.9542839049120927 -0.27427201588106537 147 135 111
18.581634521484375 5.395166397094727 40.37150192260742 0.28670086933922334 -0.8651058446903195 -0.41157561759995315 107 90 82
13.497902870178223 6.864439010620117 35.03268051147461 0.15906261335585664 -0.9350551106825428 -0.3168138649410146 109 103 71
-9.067495346069336 3.9793357849121094 35.584495544433594 -0.013430798664181438 -0.8690391685681372 -0.49456095391937555 121 107 68
1.4230384826660156 5.991152763366699 27.2205867767334 -0.963044636603139 0.108889388251989 -0.2463496073389109 66 59 48
-10.107858657836914 3.9687087535858154 35.4647102355957 -0.16583501630571754 -0.919268704685687 -0.3569927113434978 148 138 103
-10.381180763244629 2.85560941696167 37.338531494140625 0.06403562217503093 -0.7986122889069699 -0.5984294871573651 139 126 92
-10.181021690368652 1.14432692527771 40.6695556640625 -0.04834542200883214 -0.898389570266647 -0.4365305260882649 115 101 75
11.322319030761719 9.627704620361328 28.2385196685791 0.20355766180302656 -0.7982310325428141 -0.5669140120043928 80 74 52
14.218563079833984 6.674870491027832 35.61530685424805 0.18073298953045633 -0.8857209449643646 -0.4275909191585082 115 99 85
-2.2541465759277344 7.654505729675293 29.879518508911133 -0.02021059876022626 -0.8033405540993345 -0.5951768525716764 125 113 73
-5.874355316162109 6.512717247009277 31.62238121032715 -0.12929276842237017 -0.8481844750977252 -0.5136793515773003 93 87 54
15.257360458374023 5.9085612297058105 36.219181060791016 0.11641528022440294 -0.9483172295186106 -0.29519809404605013 56 44 28
-11.212364196777344 5.5127153396606445 32.49317169189453 0.08206711072596427 -0.9076440726613278 -0.4116396806672686 121 112 71
-3.6876132488250732 1.7765966653823853 40.30657196044922 0.12708769681903603 -0.8348765181599876 -0.5355650443618297 120 103 83
-3.5744519233703613 6.461573600769043 31.847824096679688 0.14754469605867937 -0.832682821496993 -0.5337320314996646 110 96 61
2.5403738021850586 5.336322784423828 25.74085235595703 -0.6752244680693743 0.2305707521443711 -0.7006490176800432 154 135 129
4.807980537414551 3.744980573654175 37.41819763183594 0.04015216742688949 -0.8938398326505543 -0.44658499417037234 122 110 72
-16.320049285888672 -1.2439149618148804 45.00391387939453 0.07217381958731188 -0.8600789187880479 -0.5050298933949954 83 77 55
14.334089279174805 7.31579065322876 33.98495864868164 0.28256694968904744 -0.8547080731447069 -0.43546530130963224 92 88 50
-2.16402006149292 0.9523023366928101 41.75680160522461 0.007427645653213249 -0.8958322854633227 -0.4443302222464845 156 141 108
2.0252645015716553 2.964567184448242 38.79377746582031 0.20173948020974555 -0.7915453457322483 -0.5768510620379557 135 120 94
3.330965280532837 -1.7797871828079224 50.258514404296875 0.05775547488427088 -0.9756071669900943 -0.21178989786685903 125 109 84
-12.473273277282715 7.402937412261963 29.332542419433594 0.00525916601811153 -0.8930728830028065 -0.44988128080400197 130 119 89
2.119738817214966 5.48677921295166 26.35844612121582 -0.8051091911772682 0.08526242124352926 -0.5869663617325752 59 46 53
10.136560440063477 6.010805606842041 34.61697769165039 0.18979570027026385 -0.931696104950425 -0.3097094770573337 115 104 76
29.050188064575195 -5.723071575164795 81.22430419921875 0.33433602529568857 -0.916234814265448 -0.22075594514631072 75 59 44
43.37854766845703 5.986418724060059 55.63691711425781 -0.19716413012990536 0.9028232877878375 0.38214711410408003 72 63 48
2.089082717895508 2.480644941329956 39.44401931762695 0.15988352685086032 -0.8191518437126762 -0.5508425499031948 112 101 56
-15.149613380432129 4.22739315032959 34.302650451660156 0.07143065847391296 -0.889351839024768 -0.451609308421833 121 112 81
-20.797208786010742 -0.09989653527736664 42.399234771728516 -0.0034725609463750508 -0.8912233829185431 -0.4535513455604573 74 68 44
-12.076652526855469 3.4863643646240234 36.347408294677734 0.05223127637673613 -0.8820764390035386 -0.4682019324211436 145 139 104
12.815282821655273 2.851583480834961 42.280548095703125 0.2149215997415472 -0.8966270335147002 -0.38712874955906185 88 76 54
-12.342077255249023 -1.1139355897903442 44.8555908203125 0.04412765297760254 -0.9121319706565977 -0.407514439435954 83 70 51
-11.957708358764648 6.895223140716553 30.075847625732422 -0.014221315426395263 -0.8528731665831859 -0.5219244350573292 166 160 128
10.397676467895508 4.040374279022217 38.61971664428711 0.4940003038290162 -0.7863218500434956 -0.37102782639717724 151 138 121
-13.277966499328613 6.468674182891846 30.66930389404297 -0.02879016822435163 -0.836577588410228 -0.5470914592491284 108 96 66
-10.869956970214844 7.162651538848877 29.811080932617188 0.1527496377365427 -0.7200349085829734 -0.6769174828539031 122 111 79
-10.112396240234375 -12.276113510131836 83.36865997314453 -0.054444582017133536 0.8896863299239345 0.4533144844756893 138 128 93
14.108299255371094 8.973271369934082 30.860849380493164 0.04974971430008135 -0.8797028581836577 -0.47291420705088094 62 56 37
18.23871421813965 10.302042961120605 30.60767364501953 0.14060722557639052 -0.7908237059391664 -0.5956739663946654 56 46 44
-7.720031261444092 -3.613901376724243 52.160072326660156 -0.12401884809007792 0.8773396140028615 0.46356717638301276 163 154 123
13.210278511047363 8.79607105255127 31.164133071899414 0.2636466316271065 -0.7966098105174407 -0.5439699103985876 81 72 54
8.175468444824219 2.4513955116271973 40.42216110229492 0.14497607526446746 -0.8563399564784542 -0.4956448492009075 104 87 67
-6.757894515991211 -3.8035645484924316 52.87250518798828 0.16613411996532937 -0.9095085750281943 -0.3810427877988626 150 136 105
-2.9362008571624756 -14.583576202392578 87.8327407836914 -0.05154317899298503 0.9296882428543725 0.3647232811291961 176 165 135
-4.330965042114258 5.6702117919921875 32.87147903442383 -0.14478246720130375 -0.8683849782249462 -0.4742842679072995 109 97 71
-8.642580032348633 6.028225421905518 32.02940368652344 -0.11535050412559349 -0.9023361026851165 -0.4153117130409476 131 127 81
20.513513565063477 4.98774528503418 42.21200942993164 0.26262336719852575 -0.8842996941980641 -0.3860608991370649 43 36 33
-10.360555648803711 6.329911708831787 30.944534301757812 0.08841068217123128 -0.8874069671834734 -0.45242947060536143 116 106 70
15.788787841796875 9.537812232971191 31.019535064697266 0.24979575966341408 -0.7814887025235944 -0.5717320056478977 73 68 46
-7.494627952575684 5.233567714691162 33.68486022949219 -0.31011724610995756 0.8066781176531174 0.5030881713624357 98 83 61
-16.416730880737305 -0.16576118767261505 42.5953369140625 0.06244150344618783 -0.8777974575313526 -0.474944925437543 116 110 76
17.668535232543945 6.996002197265625 35.83656311035156 0.1680141431012382 -0.9525457631715042 -0.25382635163034734 79 67 53
-1.6698369979858398 0.39075329899787903 43.5233039855957 0.1489161759338208 -0.8950274099613666 -0.420416350732337 132 116 91
-1.0856001377105713 -3.763324022293091 56.00703430175781 -0.43330711007977285 0.6857748573024867 0.5847715737329143 131 119 76
-11.128255844116211 0.502082347869873 41.6377067565918 0.08746832844512643 -0.8825817317230383 -0.46195105622541727 100 94 52
-3.045964479446411 4.828981876373291 34.64839172363281 -0.015170182084213063 -0.8457784747765786 -0.5333185138171522 144 129 106
-13.608743667602539 0.6324384808540344 41.3560676574707 0.07657068844114898 -0.8606103007954928 -0.5034747658387058 119 108 78
18.11577796936035 -0.14822593331336975 58.935768127441406 0.21207119766140134 -0.94311882380651 -0.2560325981282135 139 130 87
-6.6528544425964355 8.036449432373047 28.668167114257812 -0.24347431096825384 -0.9312498524346456 -0.2710977171408586 98 85 53
-2.985222339630127 6.2343831062316895 32.279972076416016 -0.07797322211262556 -0.8132965954868964 -0.5766010964287169 158 146 108
26.190446853637695 9.56186580657959 36.61002731323242 0.44452873765401946 -0.7636927431524406 -0.46815338881185603 44 35 36
21.378360748291016 10.43535327911377 32.03666305541992 0.3597615460399831 -0.7521842830112438 -0.5520782864610613 59 50 44
25.84980583190918 11.867737770080566 33.378902435302734 0.41600364025304154 -0.6863954176351825 -0.5964916612540712 68 52 53
6.892907619476318 7.743179798126221 30.34531021118164 0.2547562947791566 0.857597435594044 0.4467951082240209 168 152 146
18.238407135009766 8.837861061096191 33.713165283203125 0.1856063147123609 -0.8700634061811157 -0.4566617623180317 51 39 39
-12.81126880645752 1.0944271087646484 40.62071228027344 0.05585245701943333 -0.8411876529893674 -0.5378511276395471 103 96 56
-4.948813438415527 -5.448336124420166 58.76445007324219 0.07256896486427984 -0.9651497414573337 -0.2514353234996403 142 137 94
2.516336441040039 6.002572536468506 25.818668365478516 -0.68479998228853 -0.034280409771190845 -0.7279243351911985 140 121 123
-1.2462148666381836 1.7610678672790527 40.24338912963867 -0.04547272824851326 -0.6227496942617747 -0.7810986168740176 95 81 54
26.027912139892578 3.4650065898895264 53.140167236328125 0.29425125803812613 -0.9085881398667567 -0.2964520015726773 66 53 44
21.57605743408203 5.143615245819092 41.72450256347656 -0.07252384731060721 0.9146585427422821 0.3976682559116741 43 39 30
1.8025827407836914 1.8399543762207031 40.579654693603516 0.11177030481378986 -0.9114685211152082 -0.39589459958161544 129 120 81
6.675469398498535 5.033975601196289 35.728721618652344 0.05902926014828112 -0.8642820331698283 -0.4995318944633811 140 123 95
-4.826179027557373 2.48787784576416 36.86622619628906 -0.08937053185592132 -0.6524461785317802 -0.752546936845182 157 144 112
-11.535037994384766 6.341739177703857 31.100542068481445 0.12363922982004455 -0.8405398853808921 -0.5274524072685446 116 110 76
-21.044227600097656 -0.7912744283676147 44.697547912597656 -0.10426316000610993 0.9027275361396838 0.41738733684758217 113 106 80
-35.48649978637695 -12.874543190002441 83.31047058105469 -0.0010572429941260483 0.8999468954780123 0.4359982426073974 153 148 116
8.941373825073242 -17.280990600585938 108.65470123291016 -0.1744442166571487 0.896297068189135 0.4077018283383522 112 95 69
-5.732813835144043 7.014453411102295 30.5233211517334 -0.24294295654922574 0.8950338692157062 0.37402285066541524 118 115 74
-12.627095222473145 -0.38553041219711304 42.47221755981445 0.12095701013819657 -0.9026777107717081 -0.4129677374497629 147 140 98
23.85041046142578 10.040668487548828 34.95441818237305 0.37454453419123346 -0.7682760109068499 -0.5191034222315717 53 44 35
5.786152362823486 -0.08229155093431473 46.04582214355469 0.2287740363125907 -0.955304806663616 -0.18723025042614347 124 106 86
7.5865983963012695 7.364166259765625 30.360841751098633 -0.27189667901858844 -0.8339708638262855 -0.48017162996943286 85 80 90
1.1312154531478882 -2.158571481704712 56.609764099121094 -0.595750367309234 0.5344177973491373 0.5995657743128845 197 185 173
-12.140941619873047 4.959455490112305 33.27406692504883 -0.18749796831598908 0.877390983381599 0.44162152818680217 159 148 116
-19.120891571044922 -1.4241690635681152 44.96049499511719 0.06365600516116796 -0.8558156445708115 -0.5133492919200024 65 59 35
-12.357996940612793 -1.1434932947158813 44.929664611816406 0.04412765297760251 -0.9121319706565976 -0.407514439435954 117 104 87
25.78546905517578 6.668760776519775 40.88371276855469 0.3867629472349784 -0.829197570135388 -0.4035415868627182 94 83 79
-5.2183709144592285 4.95571756362915 34.37834548950195 0.08207853418186026 -0.8622900137862985 -0.4997189673716439 94 77 57
14.126773834228516 9.205212593078613 30.631427764892578 0.1835615487463512 -0.8446447095492391 -0.5028722227885761 70 61 44
4.279600620269775 4.783918380737305 35.0052604675293 -0.05875478870308451 -0.8650307073263092 -0.4982667460176336 133 118 79
-12.150308609008789 7.410679817199707 29.021800994873047 0.010732942049006367 -0.849417139586471 -0.5276128570568673 134 128 94
-21.754892349243164 1.4159654378890991 40.005611419677734 0.015629470429409393 -0.8622607014353046 -0.5062234708252793 105 102 67
15.28642749786377 3.5485572814941406 42.215206146240234 0.3041276511757992 -0.8661521391689831 -0.3965940539182168 105 88 68
-10.353506088256836 6.038695335388184 31.60727882385254 0.06128948529066481 -0.8681391342222323 -0.49252212399513395 134 129 87
2.190721035003662 2.4038922786712646 24.942283630371094 -0.620206518984605 -0.30726374183197325 -0.7217567919766417 203 185 184
44.01565170288086 10.95859146118164 44.0074462890625 0.2564806282104219 -0.7952253606275707 -0.54939449684861 60 53 45
10.629728317260742 -5.203372955322266 71.26029968261719 0.1362771285750542 -0.9699596165426693 -0.20151150464362236 184 171 139
-9.482120513916016 8.902947425842285 27.438701629638672 0.11723144598256283 -0.8377602585799935 -0.5333052945703981 140 129 97
18.754695892333984 -7.327826499938965 78.66484069824219 -0.19947060510809161 0.906438162353604 0.37226514143394285 113 99 73
-8.502944946289062 4.282723903656006 34.987403869628906 0.05851364421708597 -0.9061591171272471 -0.4188696788830688 151 136 103
2.748610019683838 2.157719612121582 40.11663055419922 0.005899115666408242 -0.9216365928499722 -0.3880092668406889 97 81 56
6.381603240966797 6.073666572570801 32.78657913208008 0.03947260139765352 -0.9016264284021905 -0.4307106886827999 143 142 86
-11.195569038391113 8.011693000793457 28.28688621520996 0.18440846306376008 -0.7962620704795783 -0.5761599030356391 149 138 106
21.03776741027832 4.830280303955078 42.69847106933594 0.15879884759321003 -0.8777222311155302 -0.45209137462314486 58 47 41
9.664307594299316 4.291140079498291 37.76103591918945 0.1770134488077059 -0.8909344177930072 -0.41821298656669853 97 83 56
3.829206705093384 5.493435382843018 26.243059158325195 0.8641744534746573 -0.25579780611553515 -0.43332435466779023 198 177 171
-6.028351783752441 4.677270889282227 34.718753814697266 0.07328377348843805 -0.8472872471311346 -0.5260549490236159 135 120 89
-0.7951013445854187 0.8889954686164856 41.98823547363281 0.12032415351219136 -0.9166451755860293 -0.38116101605021485 140 126 100
9.24287223815918 7.945684432983398 30.635887145996094 0.4023001005164175 -0.7733363236657974 -0.490005673052414 108 107 61
3.0806429386138916 0.1406320333480835 24.51047706604004 0.8893355814491095 -0.15049848585138373 -0.4317782177519091 233 224 217
17.263429641723633 7.187808990478516 35.61664581298828 0.15990446233957584 -0.8775313614062169 -0.45207219851749664 15 14 2
-17.38448715209961 -6.261188507080078 57.73493194580078 -0.03436334444217229 -0.9152543191769247 -0.40140838529698525 149 145 108
23.995132446289062 -7.0106730461120605 81.02465057373047 0.30114218369198537 -0.9129487291668983 -0.2753870060728508 90 76 65
1.6061207056045532 6.259387016296387 32.4381217956543 0.20221669443627383 0.9266176268070805 0.31699871006311736 166 146 121
5.9251885414123535 -1.3169608116149902 50.03057098388672 0.06793624022387058 -0.927976317505665 -0.36639407939112434 145 126 94
17.874954223632812 8.488677024841309 33.33765411376953 0.30416419915951015 -0.8050028656713132 -0.5093667894657327 93 78 73
-12.049516677856445 8.323654174804688 27.40024185180664 0.01342638527815486 -0.713780005955927 -0.7002412693321634 147 136 106
23.21485137939453 0.5953298211097717 58.724674224853516 -0.24586387865046547 0.8251911173271532 0.5085376810614076 135 129 117
-2.1117265224456787 7.602525234222412 29.93450164794922 -0.06450258933197743 -0.8223090816959845 -0.565373496133111 109 96 62
18.036733627319336 9.777813911437988 31.501623153686523 0.08391539588215116 -0.7920420418853085 -0.6046714895049153 44 32 32
-2.1892333030700684 7.811431407928467 29.737136840820312 -0.0712242801894705 -0.7577623178611539 -0.6486319230050148 123 111 71
30.762434005737305 1.1689287424087524 63.451019287109375 0.16186300538303647 -0.943686408224595 -0.288541730812953 55 41 32
-6.81709098815918 7.897196292877197 28.968368530273438 -0.26504336136243206 -0.8035641716111138 -0.5329508783186754 129 116 82
-8.20888614654541 -1.4075679779052734 45.781681060791016 0.09625214581673164 -0.9284135522426004 -0.3588645990313772 149 140 107
-15.051569938659668 1.4979842901229858 39.49570846557617 -0.1118170559661346 -0.8426748160613811 -0.5266840612463831 102 95 66
6.415965557098389 5.41143798828125 34.37919616699219 0.1226657127502852 -0.8711875796713886 -0.47537913704933754 100 87 55
3.1226799488067627 0.680865466594696 24.54994010925293 0.490902715331838 0.17936512096123264 -0.8525506890868076 90 83 70
-9.174331665039062 5.413886547088623 33.019142150878906 0.07409337539812656 -0.8376917353671015 -0.5410940105192129 125 117 75
16.565000534057617 10.928296089172363 28.991125106811523 0.1994907935979688 -0.8008607112138704 -0.5646463889051857 63 59 48
17.039386749267578 9.514260292053223 31.728416442871094 0.1147538685077236 -0.8384054142832581 -0.5328300957744697 131 116 110
12.010675430297852 4.2501935958862305 39.198974609375 0.17107736529396403 -0.8096072492826354 -0.5614878778683297 101 93 70
-12.231334686279297 7.76483154296875 28.690523147583008 -0.15419411469576044 -0.8675266178837224 -0.47288660612922917 118 109 78
-1.2063530683517456 -0.745978593826294 45.90147399902344 0.08134358487982538 -0.9485629809626301 -0.30595995219339983 119 106 74
18.150806427001953 0.06769359111785889 57.23136901855469 0.20066978623359344 -0.943881647700193 -0.26233389416492203 154 145 101
-11.729935646057129 7.451502323150635 29.272918701171875 0.002362192019880322 -0.8651847749440388 -0.5014476296223709 118 112 76
-23.188335418701172 -12.4406156539917 82.36968231201172 -0.05154162970283686 0.9011889013096538 0.43035104805713514 129 122 94
10.49176025390625 9.031694412231445 29.111753463745117 0.18766382418299618 -0.8414648197844322 -0.5066746946100293 70 59 27
-10.621076583862305 3.934908151626587 35.62346649169922 0.0038216691884907722 -0.8772774212805133 -0.47996845829286156 150 138 96
15.275345802307129 9.994956016540527 29.920473098754883 0.20645992561326668 -0.8427756236018045 -0.49709510898655285 101 93 79
-10.407620429992676 7.821462631225586 28.77528953552246 -0.05503303293598709 -0.838267991757311 -0.542474090884561 140 131 95
25.30265235900879 6.053207874298096 41.68408203125 0.2524377218991343 -0.8011327667870971 -0.5426430562924632 42 37 31
-28.24339485168457 -7.715094089508057 62.13864517211914 -0.05526755154828409 -0.9679111446064262 -0.24513978439358894 130 126 91
1.1367396116256714 5.360368251800537 34.26283645629883 0.08826617112485624 -0.8507452433669398 -0.5181135145153846 149 139 91
33.10504913330078 11.207083702087402 37.660640716552734 0.22545116401837942 -0.9030348948316004 -0.3656497659772784 82 73 66
-17.36139488220215 2.9562366008758545 36.697898864746094 0.0528872793206921 -0.8513965417917195 -0.5218494651823995 128 117 85
6.6944403648376465 7.293275833129883 31.092317581176758 0.19123924456191746 -0.8836331267046967 -0.4273406705773149 170 146 135
-19.53633689880371 2.305739641189575 38.56135177612305 0.0145070628120275 -0.9169017343550869 -0.3988492881593264 93 89 54
-28.60923194885254 -8.122862815856934 63.879207611083984 -0.004723501339395723 -0.9848543917780371 -0.17331911472947747 173 171 132
1.6109404563903809 5.790252685546875 26.621877670288086 -0.7982847720543881 -0.046871661945224304 -0.60045355358476 204 194 192
24.88240623474121 -7.219934940338135 82.63162231445312 0.3977727442213082 -0.9111763850585791 -0.10739850681564346 99 80 76
-2.4507434368133545 -3.624044418334961 53.90074157714844 -0.44823245484774815 0.8183159404538543 0.3597870036845206 81 66 43
-29.476747512817383 -8.52410888671875 64.31739044189453 -0.002542064564017901 -0.9835248738085689 -0.1807549736731762 145 139 107
-17.563709259033203 1.7534606456756592 39.38324737548828 0.007593976626970283 -0.883883763191799 -0.4676449771834322 123 118 89
-24.702035903930664 -8.053974151611328 62.3332405090332 -0.0025659594502294492 -0.9885144406843343 -0.15110465383514016 149 150 106
9.718229293823242 -8.81706714630127 77.22283935546875 -0.12306351254590192 0.8797034971982759 0.459322467224266 151 140 108
-11.377098083496094 3.737222909927368 35.929317474365234 0.08271001838192076 -0.8624792362732931 -0.49928811307370285 140 131 88
11.122675895690918 5.858363151550293 34.53286361694336 0.21536263622878415 -0.8956645156601691 -0.38910668241990326 106 99 66
-11.579411506652832 5.089622974395752 33.47233200073242 0.17861674005876144 -0.7396518899016222 -0.6488537138182529 98 90 52
-10.85078239440918 2.7453455924987793 37.45661544799805 -0.11822201231335822 -0.782694368489927 -0.6110753483317213 159 147 110
22.39117431640625 3.6170899868011475 48.670799255371094 0.288280383669111 -0.9377654506897958 -0.1936243266848326 92 89 45
-6.792975902557373 -4.446173191070557 54.2588996887207 0.1675199491441552 -0.9365721942611307 -0.30784670142073955 111 96 73
-5.046193599700928 2.44819974899292 38.67353820800781 -0.010423447202668005 -0.91435622461793 -0.4047765386615913 121 106 87
11.946616172790527 3.9427733421325684 39.26030349731445 0.17803750091099269 -0.8242716137113678 -0.5374746087947094 100 85 55
-0.3117601275444031 4.0178022384643555 36.27683639526367 -0.018086175580044207 -0.8335610164062949 -0.5521312544862791 130 128 70
5.86652135848999 4.365248680114746 36.3155403137207 -0.11037461721474534 -0.9097948652245502 -0.40011341777768555 117 108 65
-13.817073822021484 2.516939401626587 37.903045654296875 -0.1570830481498488 0.8893975125583875 0.4292982420636094 111 105 71
28.221887588500977 10.56943130493164 36.64990997314453 0.2130558310763507 -0.8127480123191159 -0.5422618198948664 61 53 51
-4.679389476776123 5.130484104156494 34.15793991088867 0.031451258002045984 -0.8910252674202638 -0.4528628834302241 100 85 64
8.080328941345215 7.970248222351074 29.068702697753906 0.2522695428219116 -0.762480651223387 -0.595804778660245 155 142 109
0.35301050543785095 -1.0742892026901245 47.37373352050781 0.15388623989654807 -0.9485792001813961 -0.27661620732293396 150 135 106
-9.75417423248291 7.013019561767578 30.145132064819336 0.12595546617269998 -0.8586326291981222 -0.49687546590422266 154 146 109
-8.936943054199219 -1.2914386987686157 45.38756561279297 0.01754742708270075 -0.9341875087311087 -0.35635065081116735 162 156 122
-5.049633026123047 6.285501956939697 32.1331787109375 -0.13511492999098026 -0.948196297319552 -0.28751997746769636 47 35 44
24.683258056640625 -0.15615829825401306 61.72739028930664 0.19710700055017152 -0.939109680498803 -0.2814637424741423 66 53 34
16.0650691986084 -0.47759658098220825 58.84260177612305 0.38117442917578037 -0.8345917070729757 -0.39769679031585636 153 143 106
23.894981384277344 10.086752891540527 34.07663345336914 0.4375827377336627 -0.7804413622674344 -0.44657880345988615 28 20 18
19.906959533691406 11.883158683776855 29.379547119140625 0.23724161770567143 -0.7830836851032884 -0.574888125597886 40 32 29
-11.984630584716797 6.19305944442749 31.017261505126953 0.06121257169627924 -0.8862231192694578 -0.4591966941721595 139 128 98
12.767887115478516 5.348739147186279 36.88728332519531 0.5090590862693565 -0.7864439309553534 -0.34980678974270824 74 71 39
6.240431308746338 8.603667259216309 28.510839462280273 0.053048981038765146 -0.8300388358567479 -0.5551768516250685 143 135 99
1.899924874305725 -2.5832858085632324 57.90121841430664 -0.7007166356994399 0.16421325814173815 0.6942839493352367 106 104 55
-0.5768689513206482 -4.068977355957031 55.27057647705078 -0.3932373465228717 0.750738476451336 0.5308070546584496 109 93 78
13.769502639770508 -0.28212955594062805 54.38956069946289 0.31646960090122667 -0.9222553873091398 -0.2220179999114646 143 139 94
4.3334736824035645 2.6590960025787354 38.407203674316406 0.16061890037736182 -0.823677071528479 -0.5438360512873666 125 113 71
18.199888229370117 8.30362319946289 33.7203369140625 0.2687514825550841 -0.8284823757342353 -0.49131414972724125 52 40 40
-5.138681888580322 6.748771667480469 31.116661071777344 0.02757672599283056 -0.871652674262835 -0.4893476674451047 105 93 53
10.21505069732666 8.777934074401855 29.5087890625 0.20543536513316166 -0.8478226143093316 -0.48886923140886657 123 118 76
-15.792570114135742 -0.9111682772636414 44.66812515258789 0.040185232602683175 -0.8960877013171313 -0.44205427113517193 112 102 73
-6.908675670623779 6.083609104156494 32.47163009643555 0.132301114070887 -0.8821797111325214 -0.45194620529631996 101 86 55
26.860248565673828 1.6706140041351318 57.871726989746094 0.3760330175220824 -0.8831492645416268 -0.2804399156197672 79 66 50
-9.31953239440918 2.0877676010131836 38.76561737060547 0.07175785603127793 -0.9289655227370142 -0.36314441709014333 125 112 80
-4.248111724853516 1.4418140649795532 40.53010559082031 0.06790501134579151 -0.8768908019677484 -0.47586913207150416 122 107 84
12.679866790771484 7.663743019104004 32.467002868652344 0.3265156120271447 -0.8801347420565909 -0.34460178601904634 111 107 72
-10.401907920837402 6.575582981109619 30.54145050048828 -0.07616235097295448 -0.7794566272032856 -0.6218091850424459 135 126 85
-9.711454391479492 5.133678436279297 33.483604431152344 -0.07205374717635576 -0.8258758082707154 -0.5592292971859024 91 78 46
-0.5405920147895813 1.6591012477874756 40.44173049926758 0.22827630962316842 -0.7558685747483461 -0.613638838546528 137 122 93
9.775392532348633 2.126909017562866 42.834228515625 0.2887787425889453 -0.8710747050205853 -0.39728540887131586 100 82 62
-18.83656883239746 -3.043722629547119 48.6774787902832 0.026862601509397732 -0.9028804985060637 -0.4290515191181475 136 129 110
-7.938583850860596 8.489727020263672 28.210479736328125 0.0008471862120674724 -0.8515883683565334 -0.52421039016351 157 144 110
-0.689188539981842 4.566188335418701 35.42636489868164 0.09768042597882294 -0.8972638246853027 -0.430553322239764 155 137 127
31.586708068847656 -14.009868621826172 108.64979553222656 -0.1478780820047254 0.8580212342920351 0.4918654636855248 148 132 106
15.33886432647705 -7.143496036529541 76.45281219482422 -0.22980783861849483 0.8777809810413684 0.4203437957571738 101 86 67
-9.454081535339355 5.100407600402832 33.436866760253906 -0.09572221571289924 -0.8354246097631962 -0.541205117142313 132 118 83
1.2264693975448608 -3.591856002807617 56.6528205871582 -0.0431915189188329 0.5844731122381112 0.8102627189771108 136 126 95
-36.098209381103516 -11.081149101257324 80.51241302490234 -0.046270803913959324 0.9355021541469408 0.3502780785198948 120 117 86
6.612116813659668 -3.2870283126831055 58.34294891357422 0.02173494781041183 0.9031703145721696 0.42873182167794244 90 76 47
17.0538387298584 8.29319953918457 33.24686050415039 0.008957570284157992 0.897817456957234 0.44027670380960393 70 57 49
1.0752713680267334 7.538956165313721 30.305681228637695 -0.012258436710792839 -0.8497923876687933 -0.5269749790925362 62 56 42
29.704864501953125 9.846324920654297 38.926597595214844 0.2740036050335269 -0.8328840024202515 -0.48085992028973784 51 46 27
-5.898050308227539 8.65249252319336 27.746501922607422 -0.04018930205753345 -0.8790818191131435 -0.4749736574851865 126 116 78
21.623746871948242 6.0725789070129395 39.96109390258789 0.377310296834793 0.9260627991859202 -0.006680708523678509 61 53 40
7.512835502624512 3.5312466621398926 38.625858306884766 0.22343317641761118 -0.8120671302626847 -0.5390960875603392 143 126 106
11.79056167602539 6.351491451263428 34.97589874267578 0.3676278241683713 -0.8462985494638537 -0.38552373217819774 63 54 24
-13.230037689208984 -3.083775281906128 49.12948989868164 0.08302332663156108 -0.9418239588141237 -0.325691200124782 143 138 108
22.991125106811523 8.832030296325684 35.228694915771484 0.2258129276986015 -0.8087892708895126 -0.5430178974750252 52 44 42
14.865263938903809 7.910959243774414 33.20351028442383 0.2948063274617446 -0.8050878042617649 -0.5147065734158529 90 90 31
0.07024526596069336 8.341850280761719 28.738727569580078 0.21580093530916875 -0.7059981923760621 -0.6745342902191267 126 118 81
-16.260683059692383 -0.22444508969783783 42.918025970458984 -0.21866062689799617 0.8604457774792142 0.46023971391305013 110 104 68
14.615880966186523 8.393309593200684 32.05967712402344 0.19578837653165346 -0.8458861120599892 -0.4961286093737541 66 57 47
24.042287826538086 7.038519382476807 40.92702102661133 0.23879359512273285 -0.8419144377217631 -0.48389843819132855 38 31 25
22.799428939819336 1.6912051439285278 58.58277130126953 -0.29782831106465707 0.7914532710130388 0.5337602616635446 107 92 69
-9.516011238098145 7.07288932800293 30.10725975036621 -0.14474459016177013 0.8773671028452139 0.45746690641389326 180 169 137
37.792789459228516 10.641380310058594 41.4082145690918 0.1948510033765855 -0.8857317489712654 -0.4213221515033851 60 52 49
24.1901912689209 13.323555946350098 30.378530502319336 0.3892560857826362 -0.744661003361405 -0.542180495549191 103 89 88
-4.582798957824707 5.704502105712891 32.99935531616211 -0.30007339145632483 -0.8970240936946813 -0.3245053698648671 97 81 66
-11.882491111755371 3.4727017879486084 36.286537170410156 0.05938056742054422 -0.868535874635328 -0.4920562799967703 160 147 113
-8.426218032836914 7.834472179412842 29.29514503479004 0.11902079485873064 -0.8733447417839245 -0.4723378159639202 100 90 55
12.937519073486328 -5.101138591766357 70.24632263183594 0.09971411387537422 -0.9824092043480048 -0.15788999558670022 138 125 92
40.10432434082031 6.8009724617004395 51.6508674621582 -0.17341275580245194 0.8998064476940029 0.4003453169618678 65 62 47
-11.252761840820312 -3.171064853668213 49.643592834472656 0.1905231881367178 -0.9248740026930207 -0.3291033180094237 123 117 81
5.765395164489746 4.87977409362793 35.207366943359375 0.16222567331283871 -0.8686211577249225 -0.46816676010884356 103 89 54
5.203238010406494 7.160755157470703 31.252653121948242 0.17063155039231603 -0.9100950009444201 -0.37763999161462075 109 106 61
-1.533687949180603 5.200499057769775 34.145267486572266 0.02111752732844151 -0.8768123351166752 -0.48036879480954586 116 101 82
-5.030971050262451 -5.045349597930908 57.00402069091797 0.04701348124793605 -0.9845755493237879 -0.16852513241268008 153 147 111
21.337947845458984 6.457579135894775 38.737144470214844 0.2733962049095515 0.794539780144908 0.5421817526515769 69 52 43
17.213468551635742 6.2977070808410645 37.612815856933594 0.25335606847631026 -0.8208364959761486 -0.5118966198753664 107 97 88
19.68633460998535 11.49150562286377 29.533802032470703 0.2280101178607184 -0.7956063457712663 -0.5612681433340333 56 46 44
-11.061089515686035 4.502320766448975 34.51439666748047 -0.15937277459406476 0.8775614909221282 0.4522014466680986 130 125 88
-1.754149079322815 7.631453514099121 29.811582565307617 -0.03732981708047333 -0.8303173334626793 -0.556039216699833 102 90 53
15.261999130249023 4.100191593170166 41.03485870361328 0.22171106360695603 -0.8588405639589524 -0.4617760171045486 59 45 32
14.369464874267578 4.515415191650391 39.902610778808594 0.22545953898886856 -0.9002238356443929 -0.3725118011776596 104 88 72
-9.084464073181152 5.6891045570373535 32.41429901123047 -0.4225073735961524 0.8470087833250263 0.3225889648254257 115 114 57
18.143892288208008 10.704045295715332 29.277921676635742 0.22329279255812912 -0.816900225808429 -0.531802923897312 63 47 47
-7.2220659255981445 -6.181239128112793 60.28000259399414 0.1580291364199258 -0.9778471582700742 -0.13726517076633973 127 116 86
-12.185901641845703 -2.874436855316162 48.0119743347168 0.09954428598981704 -0.9179635859947481 -0.38397107952870657 156 149 121
-24.17255973815918 -3.277456045150757 48.7055549621582 0.006661554053917634 -0.92470623630467 -0.3806231735415464 141 133 119
-15.4588623046875 -4.161543369293213 51.12324142456055 0.08672062522246904 -0.9328045840650888 -0.3497929975116439 138 132 100
0.9883352518081665 -3.50288462638855 57.27285385131836 -0.41793407256789394 0.32836857006704795 0.8470567827359251 117 104 69
22.920988082885742 9.650738716125488 33.60639190673828 0.24938522171253222 -0.8106316119483844 -0.5297956218216182 43 35 33
9.854144096374512 8.441171646118164 29.932462692260742 0.2636128453463289 -0.7629591398933735 -0.5902555536558517 98 98 48
-6.300885200500488 5.091520309448242 33.96337890625 -0.06917307923343669 -0.8123025630136502 -0.5791197037148874 133 118 95
14.031702995300293 10.573617935180664 28.19881248474121 0.323290317252424 -0.7918794868489698 -0.5180832453174286 68 52 53
7.212066173553467 6.975870609283447 31.804096221923828 0.06546291805676749 -0.8543263750679609 -0.5155977610722634 137 119 107
21.988222122192383 7.723747730255127 36.736045837402344 -0.08992301679479085 0.8888416937470426 0.44930423379644674 61 56 49
3.194410562515259 0.15372954308986664 24.542743682861328 0.8848244855813627 -0.1279768328921987 -0.44800397315041607 102 89 72
31.077716827392578 9.642352104187012 39.91069030761719 0.22872550275015338 -0.8094388152126496 -0.5408266347165532 49 41 38
-4.9738993644714355 7.306252479553223 30.02522850036621 0.12962802045886807 -0.741645425027161 -0.6581478860014647 136 132 87
-10.275372505187988 4.505138874053955 34.36188888549805 -0.1837376640802651 -0.7899023728959131 -0.5850595799503955 147 135 97
-3.694819927215576 6.177733898162842 32.36347198486328 0.17503669058341786 -0.8858683330064211 -0.4296503852273727 130 114 88
7.362115859985352 7.405177593231201 30.603599548339844 0.4217787935666156 0.9060485834288993 -0.03433094469972438 95 77 77
-8.84637451171875 8.46847915649414 28.06132698059082 -0.12755695661338298 -0.8542576138405716 -0.5039574902855839 139 132 96
-9.082843780517578 8.333942413330078 28.285810470581055 -0.028532013792777543 -0.8673022363457793 -0.4969635348982246 105 95 71
-7.610464572906494 2.7210965156555176 37.57451629638672 0.012511444238669032 -0.8315794228654722 -0.5552649162605094 136 123 105
-11.839902877807617 3.127460479736328 37.6573371887207 0.07829437096947829 -0.8586606160208787 -0.5065293061305919 158 148 112
1.0178532600402832 3.7652266025543213 37.26858901977539 0.15844570270620892 -0.911585100337452 -0.3793515047244351 123 107 82
16.281797409057617 7.053949356079102 35.368221282958984 0.20658698600254666 -0.8317260733761004 -0.5153188877585958 58 55 36
-21.226858139038086 -2.7908780574798584 47.39641189575195 -0.03523574465542754 -0.9148743414735218 -0.40219818698244725 106 101 71
-9.829519271850586 5.59795618057251 32.4407844543457 -0.05169236691489051 -0.9121398366233374 -0.40660646532917666 164 155 118
24.47774314880371 7.059656620025635 38.988433837890625 0.2739804015600454 -0.8766891923925577 -0.395412189370891 52 39 31
8.634723663330078 7.176975727081299 31.677385330200195 0.10392720372328745 -0.9131629847115484 -0.3941224424959265 160 141 128
2.1405880451202393 2.2575676441192627 25.74653434753418 -0.9441076888502252 -0.25037684656948417 -0.214411069107468 112 102 107
21.817493438720703 7.901477336883545 36.40826416015625 0.11478465730226478 -0.8640355237117096 -0.49017047668360536 65 59 61
-1.8786565065383911 -3.7270665168762207 53.619789123535156 0.3900792464949461 -0.8712632561287668 -0.29789011392430187 99 83 57
29.738136291503906 8.6187744140625 40.92117691040039 0.3335860095773066 -0.8322681782915754 -0.44277539861368953 40 34 26
-13.020389556884766 -3.6532111167907715 50.280189514160156 0.14866070780322518 -0.9279520525478034 -0.34176743865933573 92 85 57
-6.699448108673096 -1.1272376775741577 45.210079193115234 0.033617409385584426 -0.9454967380957099 -0.3238916300810726 124 113 84
8.16137981414795 2.9052987098693848 39.57311248779297 0.18783075426921234 -0.9102424324777142 -0.3690234706190305 121 107 81
-11.719080924987793 6.64028787612915 30.476499557495117 0.06699417511093686 -0.8530745518062332 -0.5174703755402804 136 130 94
-5.9302659034729 6.663147449493408 31.344829559326172 -0.18097183811908643 -0.9117156295168412 -0.36881405166087466 33 31 53
-8.051324844360352 -4.681673049926758 54.92128372192383 0.06025853511358283 -0.9600628740336712 -0.27321820372766636 186 172 143
-9.086871147155762 8.788034439086914 27.70846176147461 0.011009754130385428 -0.8701361195016646 -0.49268846023889484 124 113 85
4.122798919677734 8.334590911865234 27.355266571044922 0.6350971804614286 0.18534058632915631 -0.749866947150698 244 236 229
-11.450358390808105 -0.3758924901485443 43.4368782043457 -0.031923323627098314 -0.9322633704322013 -0.36036912958658385 121 110 80
13.451366424560547 5.658289909362793 37.866676330566406 0.2440796450683666 -0.8752132857002112 -0.41764438389273334 87 73 60
22.526315689086914 -6.4718523025512695 77.72425079345703 -0.13441053249200427 0.8846613751526802 0.4464393128614281 122 105 95
-9.788954734802246 6.199732303619385 31.4659481048584 0.0680757449769386 -0.8334789329832258 -0.5483416464385851 159 155 110
-5.726180553436279 1.9745943546295166 39.46531677246094 -0.31101971965915204 0.7322415091525908 0.6058787884198279 116 101 94
10.166840553283691 5.08686637878418 36.59767150878906 0.14791087091561175 -0.7067899724351743 -0.6917877630675976 106 90 74
-13.931841850280762 0.5045984983444214 41.26472854614258 0.04538343213113399 -0.8800660094625303 -0.4726776523982241 118 108 72
-2.0546746253967285 0.7596003413200378 41.9467658996582 0.04924305238407801 -0.8868574733731222 -0.4594115189175615 125 110 81
-0.11728499829769135 2.8525214195251465 38.673709869384766 0.07437063241932662 -0.8412996421972212 -0.5354287264168566 124 103 84
5.3529486656188965 0.9110211133956909 42.41435241699219 -0.11201643822364238 -0.9561816090603612 -0.2704977782948091 134 114 89
9.443699836730957 1.1742085218429565 44.714149475097656 0.2890574912077605 -0.9230976575263613 -0.25364637085127195 87 68 51
14.589235305786133 7.705703258514404 33.190406799316406 0.09982376177750997 -0.8855428878851351 -0.45370586319844036 63 60 29
3.960498332977295 5.483490943908691 26.57404899597168 0.6372514878904486 -0.6499630730283384 -0.4140755304059492 173 158 151
12.458318710327148 8.439437866210938 31.41104507446289 0.18126683056287748 -0.8864077505743887 -0.4259385353068463 70 63 45
23.08132553100586 6.252390384674072 39.18625259399414 0.3840616612290592 -0.8681253272265944 -0.3144122399043879 42 31 25
-6.752019882202148 6.956725120544434 30.62388801574707 -0.010979587143788631 0.9460393432559197 0.3238657278534737 165 156 115
6.794643878936768 6.387901782989502 32.40407943725586 0.026349445325150968 -0.8710744790910956 -0.49044363448538386 150 145 90
10.249543190002441 8.716564178466797 29.508689880371094 0.20543536513316166 -0.8478226143093316 -0.48886923140886657 85 82 37
-2.2170207500457764 -5.859210014343262 59.48932647705078 0.0436962774513461 -0.967331966595897 -0.24971884538137873 97 86 56
2.4022409915924072 0.19786013662815094 23.99108123779297 -0.06303337044634343 0.5749423094226597 -0.8157623030306761 53 45 42
-10.181878089904785 7.427189826965332 29.273481369018555 -0.06796647333209829 0.912288701350669 0.40386864682803403 153 143 107
8.342134475708008 8.919001579284668 28.56777000427246 0.2515214232660858 -0.8722209239649802 -0.4194849621093451 67 63 28
-9.93435287475586 -4.540271282196045 53.59628677368164 0.08893524642019592 -0.9522234201381031 -0.29216618573112246 115 104 77
18.558818817138672 3.0814616680145264 45.960296630859375 0.2745274735037127 -0.9541449039095807 -0.11934055737696583 95 93 55
20.090702056884766 -1.0756932497024536 63.134376525878906 0.17951136280616165 -0.9421527566880985 -0.2830615722567991 121 110 80
-19.877243041992188 -6.344134330749512 57.362266540527344 0.11129897918728245 -0.9242408672367971 -0.36522781460513276 134 130 95
-1.676846981048584 -4.972171783447266 58.2720947265625 -0.02371033557195097 -0.9395652840748289 -0.34154779599413576 94 80 54
7.336248874664307 7.298909664154053 29.7825984954834 0.4175709000426828 -0.8298470717472108 -0.3701194144463694 99 87 87
3.1296565532684326 7.740774154663086 26.244352340698242 0.28674301367602517 0.547625894809228 -0.7860561833879199 211 184 182
20.843690872192383 7.175085067749023 37.93197250366211 0.2729428626899117 -0.9486898709072636 -0.15965501102250385 87 78 71
-7.728869438171387 -6.098249435424805 58.869964599609375 0.07464750613940804 -0.9890195398802261 -0.12754646040668088 164 160 123
-22.571739196777344 -4.927169322967529 52.60218811035156 0.07266870118486171 -0.9470225673678281 -0.3128378442007188 121 117 82
1.541696548461914 4.432045936584473 35.802059173583984 0.06460060682157483 -0.8673856882620338 -0.4934256067498749 146 134 81
10.232584953308105 1.1546292304992676 44.91075897216797 0.23973223451218373 -0.9304074413802924 -0.277255205108891 126 107 92
27.659870147705078 13.041765213012695 33.1899299621582 0.3063028232473273 -0.7935826159973277 -0.5257425340007735 85 82 67
-12.197379112243652 3.84146785736084 35.59430694580078 -0.06601586691002749 -0.8385356972279432 -0.5408324969808719 134 127 90
10.919197082519531 4.9008684158325195 37.400146484375 0.3039572203520225 -0.8550305692322258 -0.4201579868029263 95 91 44
-16.390708923339844 -11.145341873168945 80.44539642333984 0.05119214334333711 0.9102312687093852 0.41092383956594425 133 121 95
2.278785228729248 1.7245210409164429 24.8239803314209 -0.5177262014260211 0.30132956243902914 -0.8007247187125466 119 103 80
6.440213680267334 7.319089889526367 31.376365661621094 0.01286151963687054 -0.8896514299243488 -0.4564591050096295 141 119 105
3.8418145179748535 7.296903133392334 26.604938507080078 0.6171303792176089 0.2755220846484955 -0.7370465900590527 230 212 198
14.176202774047852 9.482048034667969 29.85286521911621 0.14545924188156747 -0.8470605555104251 -0.5112044837925521 65 59 25
1.7577595710754395 7.125730991363525 30.77688980102539 -0.1337382724990617 -0.9224220363293785 -0.36228671154615877 91 86 57
-10.420036315917969 5.295539855957031 32.898170471191406 0.08640205924994482 -0.8959083363723048 -0.4357555931666031 126 123 83
-15.115403175354004 5.845592975616455 31.955120086669922 0.008811785656674875 -0.8534243865895572 -0.5211421771530095 137 128 97
-10.164809226989746 2.830322027206421 36.82781219482422 0.03756000184468584 -0.890685742472193 -0.4530652871476536 147 132 91
-6.573707103729248 6.310481071472168 32.33061599731445 0.08582691781163913 -0.8879703753971635 -0.4518211511162074 111 97 70
-1.5601599216461182 -12.09188461303711 83.94465637207031 -0.04137236896022497 0.9101704776361503 0.4121626241257219 137 126 94
33.86369705200195 4.079959392547607 57.0890998840332 -0.01871995187067963 0.943650429488606 0.3304140286487987 96 83 67
-16.769529342651367 -0.9597907662391663 44.39497375488281 -0.1981455085710884 0.9112460671195853 0.3610664240720714 70 65 35
6.913914680480957 6.874232769012451 31.7113094329834 -0.04433935496660804 -0.8362130896947841 -0.5466092665005307 128 123 91
-8.589710235595703 5.923962116241455 32.18395233154297 -0.18373648395191475 -0.8641836765312997 -0.46843086755873975 102 98 53
-1.7219656705856323 7.659483909606934 29.71595001220703 -0.013461104686162581 -0.8305774392165008 -0.5567404387371087 122 110 68
1.3068995475769043 7.311319828033447 30.957334518432617 -0.0929054641947925 -0.9096866390523167 -0.4047700500931986 73 67 53
38.221954345703125 9.421330451965332 44.90036392211914 0.2390419481569923 -0.8878179584321786 -0.3932406638518308 47 46 28
29.69086456298828 13.774606704711914 31.34734344482422 -0.020721061497949434 0.9161595100448084 0.400277890677033 47 39 37
-16.283023834228516 0.9057316184043884 40.71718978881836 -0.009300737313282374 -0.8044984617294741 -0.5938819085982829 124 115 84
-6.71516752243042 -2.1657917499542236 48.67022705078125 -0.08585833920402909 -0.9012969846842315 -0.4246081617070476 65 49 34
18.834415435791016 7.565127372741699 35.498931884765625 0.9342019166357064 -0.23981568026600147 -0.26411213234671327 47 38 31
-13.03107738494873 6.518174171447754 30.70620346069336 0.017754905876522467 -0.8412856802919104 -0.5402991462635244 132 121 89
-11.428691864013672 3.0494773387908936 37.02564239501953 -0.1273638849046413 -0.8745530550566041 -0.4679053266561067 119 107 67
-12.06344223022461 -5.205568790435791 53.53538131713867 0.10267363808504545 -0.906298595177757 -0.4099768047355913 169 161 122
-8.821057319641113 8.374820709228516 28.427135467529297 -0.1794368122599591 -0.8247818481037857 -0.5362250772245621 161 152 109
-8.374695777893066 -9.420022964477539 78.0103988647461 -0.15291923617378977 0.9162680831012763 0.37022764226613014 142 132 97
16.95671844482422 2.465845823287964 46.96868133544922 0.2519681683222671 -0.9255966941078919 -0.28245849608192586 110 111 67
-14.150720596313477 4.765866756439209 33.2052001953125 0.06629264250414861 -0.923867636851665 -0.37692688299979016 129 118 86
7.916276931762695 8.916361808776855 28.9066219329834 0.23860293506628466 -0.8498394902676186 -0.4699377407268218 118 117 73
13.500110626220703 9.708246231079102 29.299909591674805 -0.002004826114472992 0.8958652735480708 0.44432127151745915 50 39 27
-11.952062606811523 -10.966023445129395 79.03353118896484 -0.06640462221470801 0.8966950316834227 0.43763963063551237 140 131 100
10.708970069885254 8.214033126831055 30.721019744873047 0.20257123778617914 -0.904197185459309 -0.37602173265549277 86 84 36
-13.445194244384766 3.839439630508423 35.577659606933594 0.013657788520007605 -0.8835598092691372 -0.46811913895612994 151 143 106
7.352625846862793 2.7793235778808594 40.006473541259766 0.18041988792432967 -0.8696875653513743 -0.4594477148866577 92 72 45
2.241250514984131 5.67067813873291 26.18467140197754 -0.7834058882423937 -0.26428683705795936 -0.5625190503663376 172 154 155
1.5308706760406494 7.220352649688721 28.380123138427734 -0.9967171202815397 0.0808229814511499 -0.004756869456063268 63 57 42
-8.696091651916504 8.562419891357422 28.10451316833496 -0.08416437619274308 -0.8102761436957789 -0.5799732138104171 92 79 62
18.269670486450195 3.7185795307159424 43.59064483642578 0.16780770462591577 -0.902428667887864 -0.39681617109477385 67 56 34
6.55177640914917 2.52662992477417 39.755611419677734 0.23812766256052822 -0.9192403960042579 -0.31351604532686184 139 123 90
-4.413902759552002 7.447999954223633 30.033390045166016 0.2326027343118541 -0.8327976960104666 -0.5023384969423579 105 96 53
14.853233337402344 5.2022905349731445 38.5257568359375 0.14618392216506762 -0.7798128527152133 -0.6087053274291253 76 60 45
-5.214698791503906 7.417397975921631 29.967857360839844 0.08208288635713283 -0.8953486009340285 -0.4377365447078414 138 135 84
28.768678665161133 4.2486419677734375 51.67432403564453 0.19335089747973888 -0.9416957726846961 -0.2753624922743715 80 66 53
-17.272422790527344 4.254335880279541 34.621315002441406 0.054529889293796215 -0.9142973763132721 -0.4013561994541418 138 129 98
-9.096430778503418 7.939131259918213 28.99854278564453 0.10648957993102552 -0.7428448623209258 -0.6609398458933446 83 71 45
-7.2020368576049805 9.070575714111328 27.021244049072266 -0.11856834754950468 -0.9384050038867697 -0.32455753825731987 115 106 75
-8.12038803100586 -6.031857490539551 58.4522819519043 0.0727319030644412 -0.9820800148295094 -0.1738646449083172 149 144 104
5.423765182495117 -10.974215507507324 82.31732177734375 -0.12750689705957333 0.9087976354591542 0.3972767914012727 176 163 133
9.638326644897461 9.648276329040527 28.0129451751709 0.10048330311550527 -0.909494643905773 -0.40338889238761727 68 61 32
1.1959340572357178 8.056408882141113 29.49138641357422 0.13236189460025113 -0.862551156681183 -0.48835011105331505 85 77 66
-10.233560562133789 5.086328983306885 33.49839401245117 0.02273795921289479 -0.8414740517757433 -0.5398188635078865 127 121 87
0.5002429485321045 -3.079455852508545 56.66172409057617 -0.4414587669336707 0.6138606411539294 0.6544381333170384 76 65 37
-24.883817672729492 -5.230484962463379 53.09758758544922 -0.02475234821063664 -0.9583223995946497 -0.28461465122725554 133 127 95
-0.28166595101356506 3.8475420475006104 36.422428131103516 0.06807097200542349 -0.718595022247956 -0.69208925491637 149 149 94
13.80467700958252 7.779263019561768 33.121829986572266 0.27665457705299035 -0.8548785781142778 -0.43891327352558146 116 111 81
-0.05219721421599388 6.700891971588135 31.77019691467285 0.29048255582212834 -0.8578085429251594 -0.42400989192194505 73 65 42
14.167153358459473 10.08427906036377 28.812213897705078 0.2535503195627768 -0.7911870396543329 -0.5565386812546153 61 55 42
-8.775596618652344 -9.66853141784668 75.88819885253906 0.11871992378710411 -0.9672281593816786 -0.22444435255785486 167 158 125
19.419782638549805 3.424550771713257 45.30912780761719 0.20719033375176518 -0.9328551865471324 -0.2947089522426268 117 121 81
-10.072151184082031 5.759378433227539 32.30201721191406 -0.037896295209038214 -0.9001017474399 -0.43402847264329075 131 127 82
-6.271212577819824 6.976044178009033 30.899778366088867 -0.06623436160804363 -0.9291109455123603 -0.36382119271903773 108 102 102
-7.8038482666015625 7.678562641143799 29.74168586730957 -0.10367817397217154 -0.7017488060285718 -0.7048400169394965 104 89 56
10.277416229248047 4.000617504119873 38.291866302490234 0.27332765439065687 -0.8516960198362027 -0.4471083572697702 130 109 88
-6.011199474334717 3.452584743499756 36.771690368652344 0.0723303349604249 -0.8714106220931492 -0.4851925909860366 147 133 120
-5.121423244476318 6.19340705871582 31.790172576904297 0.10109106241238879 -0.914844870147107 -0.3909468770381177 59 47 58
-14.28558349609375 3.6075222492218018 35.94875717163086 0.017475261178906003 -0.8667198382560997 -0.4984890542630295 117 111 77
-4.635037899017334 -3.942892551422119 53.3743782043457 0.11335884485115139 -0.938042200099008 -0.3274547344709271 130 115 94
5.702722072601318 8.1558256149292 29.49004554748535 0.4416573450052293 0.8706465048466026 0.21659513660589594 139 131 101
-32.68110656738281 -13.822724342346191 84.87592315673828 -0.020719978767455863 0.8921687579990127 0.4512267608756991 124 119 89
-8.618334770202637 1.1320194005966187 40.88481521606445 -0.10951589010430367 -0.8909649692405897 -0.4406673273579254 137 132 135
6.733327865600586 7.88109016418457 29.39776039123535 0.20896232334169926 -0.9121428911766502 -0.3526047269954569 163 144 130
14.096051216125488 4.822591304779053 38.87982940673828 -0.012387055204432337 0.9152490463300696 0.40269808052095357 112 94 84
23.55049705505371 6.925146579742432 39.073055267333984 0.27872410579979273 -0.8862474013083206 -0.3699708319859216 44 33 27
-2.1920180320739746 5.427181243896484 33.69477844238281 0.07073045736101327 -0.7948211353595933 -0.6027076946474047 103 90 74
-10.084437370300293 2.4857468605041504 37.956966400146484 0.13687808411844501 -0.865410978289072 -0.48200438664478557 152 140 102
21.929523468017578 11.651676177978516 30.678091049194336 0.4142303542746243 -0.7731442554276188 -0.48027197908767566 107 93 92
-1.6447594165802002 6.219726085662842 32.42607879638672 0.04273567899616162 -0.8622792763822795 -0.5046267048644864 40 32 17
8.79886531829834 7.089916706085205 31.93650245666504 0.12176672962183495 -0.9130594808579632 -0.38922390467774437 163 143 137
-2.701117753982544 6.197319507598877 32.40530014038086 -0.12822616059463282 0.9158868239636501 0.3804068577575029 132 119 87
12.184379577636719 -9.0357666015625 79.56232452392578 0.33875728726884563 -0.9110916239354896 -0.23485219419210276 128 117 87
-10.087252616882324 5.1561713218688965 33.50537872314453 0.052920906684605896 -0.8466641072804162 -0.5294896288679641 81 70 38
9.636444091796875 9.060832023620605 28.958120346069336 0.2153674501594306 -0.8039965723206569 -0.5542620076357929 143 135 98
32.46699142456055 11.117860794067383 37.441402435302734 -0.18827989495821523 0.9312769748171166 0.31188760368120266 42 34 32
6.564897060394287 -1.6320255994796753 52.898250579833984 0.11684415138668332 -0.9834742521320448 -0.13829620269566636 122 107 76
6.8512396812438965 7.043830394744873 31.460790634155273 -0.08395975487925873 -0.8751433992185387 -0.4765236514222943 153 131 117
0.5002717971801758 6.554398059844971 32.11857223510742 0.11911385780322292 -0.8445105658223242 -0.5221243080854315 75 66 41
3.989576578140259 6.07088565826416 26.214122772216797 0.6451351582150908 0.3919081217948316 -0.6559029285694927 155 135 128
-15.906453132629395 -12.033679962158203 82.20634460449219 0.007458105265504543 0.9176754179928314 0.39726087634894397 131 120 88
2.3013253211975098 0.6855403184890747 24.24397087097168 -0.047535904983696885 0.4226598164225792 -0.905040892622545 192 182 183
-7.26274299621582 6.68371057510376 30.89697265625 -0.0398867766053893 0.9489609519996568 0.31286124181805747 103 94 53
-14.498950004577637 -5.462282657623291 55.19594192504883 0.0720455454399085 -0.9482664657409042 -0.3091927381642724 146 140 108
18.449398040771484 1.5584862232208252 51.3922119140625 0.28521750339481355 -0.9342028997087171 -0.21427999891043287 122 114 75
-21.77749252319336 -5.2018723487854 53.67942428588867 -0.004018659390584298 -0.9085658888772103 -0.4177222473671558 131 125 93
-11.558899879455566 2.48435640335083 38.03382110595703 0.013316218018849538 -0.8565942282131925 -0.5158187729518187 152 142 107
-19.617454528808594 -3.869201421737671 49.95662307739258 -0.10137462166698548 -0.8969406533947012 -0.43037268775999454 136 132 97
-3.8702609539031982 6.0273518562316895 32.57646179199219 0.4418268180521938 -0.671969154751541 -0.59434545334542 101 90 68
21.05004119873047 4.854101657867432 45.6187858581543 0.26563856589664847 -0.9439708805618932 -0.19584465517234767 111 96 76
20.60882568359375 7.107045650482178 37.746978759765625 0.35206914237149556 -0.8994639610677115 -0.2588665712875678 88 79 72
-9.44625186920166 5.843710422515869 32.1461067199707 -0.0007519147992867266 -0.8696919910989934 -0.49359424150044867 135 132 90
-10.763117790222168 9.088929176330566 26.651283264160156 -0.16286930979791298 0.9186960241207199 0.35982107107662953 76 63 39
5.063564300537109 4.66059684753418 35.55381393432617 0.012672333986008975 -0.9370258675440009 -0.3490299922710931 148 134 95
16.408411026000977 5.293484210968018 39.03773880004883 0.31878699906140867 -0.8871365467917233 -0.3337118466220186 78 63 42
1.581444501876831 5.669214248657227 26.90447998046875 -0.9044499664750036 -0.26429883439601715 -0.33483784774166664 108 97 93
11.608880043029785 -5.362377166748047 70.82694244384766 0.14039430065970826 -0.9739420966369033 -0.1781185917886853 125 116 90
-3.1675775051116943 1.2454324960708618 41.1153450012207 0.10803984713177055 -0.8639346371659299 -0.4918783733167339 167 145 132
13.295174598693848 2.1355836391448975 44.843345642089844 0.2685310124257649 -0.9306959528677243 -0.24838707430386078 110 94 69
-5.2790374755859375 2.808617115020752 38.22904968261719 0.03859377276950275 -0.8940971402145041 -0.4462071543169847 213 199 189
10.177566528320312 -5.088976860046387 68.39341735839844 0.05518497927282024 -0.9849336315753802 -0.16389130377903385 129 116 84
12.945612907409668 0.06030191481113434 53.205955505371094 0.29382642671573017 -0.9501193041622563 -0.1045912941964852 131 118 86
6.17035436630249 6.840190887451172 32.0935173034668 -0.17189842723877122 -0.8573574285067026 -0.4851692184147826 106 106 51
-7.61454963684082 5.4306511878967285 33.04902648925781 0.23051849138077168 -0.788704977694024 -0.5699172600406156 110 96 65
36.78337097167969 9.994728088378906 41.96321105957031 0.2225765028239047 -0.894795475828093 -0.3870410273191427 42 38 27
17.777507781982422 3.5124378204345703 43.54041290283203 0.2435428059621132 -0.9166424282730954 -0.31694409657493744 64 57 28
-14.476507186889648 6.603296279907227 30.747953414916992 0.11389652524326653 -0.8618017353948356 -0.49429277802529087 103 94 63
-15.766342163085938 -1.2183585166931152 44.89320755004883 0.006681158265817324 -0.8461783482791857 -0.5328579219902205 84 77 51
-3.8915367126464844 1.7607789039611816 39.98480224609375 0.106831800045462 -0.8385202100650848 -0.5342946975325993 92 76 55
-12.14677619934082 -2.219649314880371 47.101409912109375 0.018451763661556667 -0.8267945577866105 -0.5622012910268186 163 157 123
28.23002815246582 13.151275634765625 33.22868347167969 0.18255297119596908 -0.7825855543874951 -0.595175825089982 44 40 29
7.886737823486328 -0.6817328929901123 49.07619857788086 0.32666695170753396 -0.9216907195919194 -0.2092245685387774 111 105 55
-25.077421188354492 -3.7640154361724854 49.85089874267578 -0.003626944340889699 -0.8828115182639154 -0.46971338973389765 97 90 62
22.547494888305664 3.085798978805542 50.26240539550781 0.28115124156417076 -0.9300046612397685 -0.23673890563071423 61 50 26
-4.784975051879883 6.135345935821533 32.33995819091797 -0.08611556058019641 -0.7178387220684603 -0.6908629960600569 163 154 125
-9.004659652709961 6.6511993408203125 30.844905853271484 -0.12615735199609837 0.898305230033799 0.4208705694524811 166 161 119
1.769641637802124 4.013248920440674 36.585472106933594 0.030667457883218653 -0.8855556391150934 -0.4635199208862976 118 102 69
10.12392807006836 9.550244331359863 27.52988624572754 0.09240056118672446 -0.895321922223257 -0.43573018242810607 83 70 50
5.135730743408203 6.785925388336182 31.244789123535156 0.4102845295925952 -0.8693711468268177 -0.27542769258374494 147 152 98
5.796352863311768 6.178521633148193 32.82464599609375 0.022461359286330675 -0.8789138505492293 -0.47645139379766427 138 136 79
6.417088985443115 8.886096000671387 28.005109786987305 0.12254419046950435 -0.8739322911013784 -0.4703459067032153 143 136 106
7.596454620361328 4.591434001922607 35.69989776611328 0.14228547800293065 -0.6836278536837948 -0.7158266552854582 119 106 72
-2.1029655933380127 5.394562721252441 32.58637619018555 -0.05267701879578566 -0.8727740489536683 -0.4852737280791188 35 22 16
-8.60956859588623 1.2519242763519287 40.82862091064453 -0.020437111516712146 -0.9224400937059296 -0.38559901192385015 144 138 151
-19.475650787353516 -1.408555507659912 45.05740737915039 -0.030111859402845866 -0.8586209796633733 -0.5117257949382779 52 46 22
-3.3517560958862305 -1.5790321826934814 47.37648010253906 -0.083076973796788 -0.8693551939353581 -0.48715476309113886 138 131 94
-3.777012825012207 -1.9280216693878174 47.6790885925293 -0.0756331499136134 -0.9157179355776943 -0.39463944189027855 92 76 54
-4.593204021453857 -5.748384952545166 62.77486038208008 0.13075377224294987 -0.9874627101899217 -0.08843555296719577 173 168 126
22.97576904296875 10.663412094116211 32.65929412841797 0.3332402988277042 -0.7458956545436287 -0.5767066635388864 55 44 43
2.3354897499084473 5.98189640045166 32.26128005981445 -0.16452918976355416 -0.9184179271754113 -0.35977584237767973 141 128 94
-0.5398298501968384 5.891484260559082 32.86058807373047 0.17708776933940867 -0.8367487389656166 -0.5181616251613416 113 103 68
-5.032838821411133 8.847127914428711 27.93355369567871 0.11266912321725492 -0.8300357832660401 -0.5462108266698734 108 99 58
-5.660151481628418 -18.991708755493164 106.3597183227539 -0.12353305277883672 0.892643182794096 0.43350632415498574 110 101 70
-8.866800308227539 1.2499254941940308 39.703765869140625 -0.1821018601219775 -0.8780783338882229 -0.4425125445636519 106 99 96
29.46354103088379 11.695174217224121 35.65140914916992 0.22506257382056633 -0.7988073949702768 -0.5579010518058399 58 50 48
21.102062225341797 -3.5579493045806885 70.89962005615234 0.1759873289890137 -0.9356457060081085 -0.30593393545649805 120 102 88
12.455735206604004 6.7435526847839355 34.448631286621094 0.056601683188363304 -0.903979329873748 -0.423813190711726 143 130 118
-8.485921859741211 4.204585075378418 35.2159309387207 -0.04794401692877033 -0.8710188016708014 -0.48890450844382094 115 101 66
-9.963571548461914 8.911616325378418 27.32724952697754 0.014116587145917316 -0.7718140732149656 -0.6356915591343614 163 155 119
-7.701883316040039 6.461337089538574 31.951566696166992 -0.13952896793221908 0.907585213667605 0.3960059936916327 133 125 79
14.831828117370605 6.227705001831055 36.49153518676758 -0.0510332202169136 0.9239603248447583 0.37906850112751456 117 106 78
-11.25436782836914 4.854527473449707 33.75088882446289 0.03506192804371606 -0.789443160380567 -0.6128214729676169 126 120 86
-3.0670816898345947 6.458366394042969 31.897905349731445 0.046180901045036436 -0.8460368182435846 -0.5311205386302995 86 71 51
19.590591430664062 -7.237407207489014 79.47724914550781 0.230807166236251 -0.9085783139137418 -0.34815729132053685 110 98 76
0.67274010181427 0.5316753387451172 43.26631546020508 -0.05061703921939354 -0.9172860681730263 -0.3949989676902113 126 110 84
-11.052156448364258 4.870208263397217 33.869014739990234 0.08610574626069584 -0.8176845308286933 -0.5691904852545833 124 114 78
12.977131843566895 9.870448112487793 29.297290802001953 0.3340122842325749 -0.8549017608761547 -0.39696192919798684 70 60 50
17.475862503051758 5.197500705718994 40.17403793334961 0.2274362466373956 -0.8687432416776095 -0.43995219485186393 109 96 77
-0.8482717871665955 -2.291731834411621 7.4332685470581055 0.5110972423075771 -0.858216367609398 0.04737378254816639 65 71 87
-12.25144100189209 -2.239288806915283 47.48014450073242 0.007350994428066231 -0.8150008439547068 -0.5794131403705257 137 130 101
-12.705079078674316 5.339375019073486 32.83484649658203 0.01923931193154408 -0.873163347213139 -0.4870478600301496 150 144 108
-14.422944068908691 0.3438369035720825 41.7188835144043 0.024313520978190627 -0.8906410777177692 -0.45405652002737923 136 125 95
-8.768861770629883 1.2833505868911743 40.76911926269531 -0.031881174092768784 -0.933219227655011 -0.35789029586376253 145 132 140
-13.807575225830078 -2.560710906982422 47.694454193115234 -0.0016925965957851948 -0.8210772384613888 -0.5708145965174543 157 148 117
3.5334978103637695 8.542167663574219 26.885299682617188 0.5860783402405599 0.2448487379397348 -0.7723737920399616 233 222 218
3.8065690994262695 6.742195129394531 26.532243728637695 0.7094562473547094 0.3674501435300536 -0.6013752780993882 197 176 173
12.204380989074707 -0.8485900163650513 54.11012268066406 0.3725420257654389 -0.8130710078867996 -0.44735665321142537 159 150 110
2.5585477352142334 3.609071731567383 24.980884552001953 -0.4052560821971483 0.46988684487308247 -0.7842026911822211 138 112 110
-5.258532524108887 3.7601799964904785 36.43954086303711 0.13259642395135318 -0.8784921025358091 -0.4589878148028834 142 129 110
-13.513038635253906 3.520718812942505 35.85690689086914 -0.0337785759359761 -0.8945645090470897 -0.4456605737117394 154 143 111
-3.4050562381744385 3.8521008491516113 36.34476089477539 -0.002664592868520338 -0.8514510504037918 -0.5244273149933412 121 106 87
9.121402740478516 7.703129291534424 30.835186004638672 0.4749753271031424 -0.6678694773763785 -0.5730172770800771 133 133 83
45.01487731933594 9.314695358276367 46.86341094970703 -0.05672449992480837 0.8888997735882604 0.454576202218088 50 42 39
3.6544246673583984 2.012770891189575 25.822982788085938 0.8429139452892629 -0.3850793053540216 -0.37577920302346907 141 124 108
-0.6544279456138611 7.729098320007324 29.86821746826172 0.0828315701142246 -0.8973929617252105 -0.43338759008359595 123 119 74
-6.721066474914551 7.283972263336182 30.2457332611084 -0.07145874104422362 -0.7389871102624895 -0.6699191736278859 117 115 67
-31.42670249938965 -17.047107696533203 91.76373291015625 0.01824059113816862 0.903827718710855 0.42750758557581425 154 151 120
5.819021224975586 -1.32416570186615 49.50593185424805 0.13125801289396527 -0.93933930138456 -0.31688012074835853 121 111 76
4.891174793243408 -11.387236595153809 82.68093872070312 -0.13828300563692006 0.9035561791957981 0.4055416641839777 155 142 110
-6.966582775115967 5.017642021179199 33.899906158447266 0.06890800832627636 -0.7979336114281883 -0.5987934853868028 135 120 97
28.50386619567871 13.227656364440918 33.38368606567383 0.20088903398659347 -0.7771905353289074 -0.5963375452033021 42 35 27
2.4192826747894287 1.383603572845459 24.43783187866211 -0.7997905868585999 0.5201698145024269 -0.29959703144872346 105 99 99
5.417094707489014 7.443667888641357 30.51137351989746 0.27832165003063736 -0.8080494317201127 -0.5192236271791049 129 121 98
-15.44257640838623 -4.532627105712891 53.438232421875 0.08717996214226034 -0.9431080825800295 -0.32085323556588047 106 101 66
18.33506965637207 7.224372386932373 36.319580078125 0.06340621469415407 -0.8478287381664938 -0.5264656519443313 52 45 37
18.98739242553711 8.150750160217285 34.434814453125 0.1520407671015449 -0.8925953024463206 -0.4244493269990374 63 51 51
6.770478248596191 7.6487345695495605 30.454193115234375 -0.2402017801079692 -0.8474917515704067 -0.4733506478849338 214 193 188
-1.1956435441970825 7.773890972137451 29.781030654907227 0.09232771415409392 -0.9049455626295008 -0.4153903247263427 101 87 52
-0.18663382530212402 7.5501837730407715 30.248823165893555 -0.13474811015925947 -0.8045209391017402 -0.5784366908792719 128 125 91
16.355493545532227 -7.644662380218506 77.75138854980469 -0.284245388865787 0.8665418253510844 0.4102558029153859 130 115 92
-17.302227020263672 -0.19325855374336243 42.689796447753906 0.06143067553079799 -0.8694129598316906 -0.4902523609127537 116 110 78
-7.712210178375244 8.597247123718262 27.704538345336914 0.0021024437807512547 -0.876435884525083 -0.4815139873844623 124 111 79
-6.917844295501709 8.289971351623535 28.288410186767578 -0.03474211928401773 -0.7367932929671183 -0.6752248726063973 116 103 69
34.816192626953125 9.104162216186523 42.59198760986328 0.21427949636044638 -0.8920635236442559 -0.39787808085254867 57 49 46
-3.6352639198303223 4.0983781814575195 35.87845230102539 -0.020047500158478747 -0.9006285438425745 -0.4341270824924422 129 119 85
-12.245819091796875 4.1687211990356445 34.98015213012695 -0.07959594322227696 -0.8589440971399147 -0.5058453556286279 161 155 119
-2.223914384841919 7.1799845695495605 30.723630905151367 -0.0754232558747853 -0.8244055083279506 -0.5609517718233719 82 70 44
-20.230880737304688 -6.509655475616455 57.704437255859375 -0.16215022168471893 0.8865031589791571 0.43338141945354797 115 109 73
22.363101959228516 5.53762674331665 41.443084716796875 0.1359516377466631 -0.9392707297935419 -0.3150994261294483 49 43 31
1.3008719682693481 0.8280439376831055 42.548248291015625 0.07329669996376403 -0.9060978448937956 -0.41667048041976895 110 90 66
33.581634521484375 7.512406826019287 45.9171142578125 0.3276237255128613 -0.8375587388338644 -0.4372162548260294 52 45 37
-7.862608909606934 5.2284393310546875 33.440711975097656 0.20584564329259686 -0.8168758478952498 -0.5388333882220678 143 127 106
-11.373315811157227 6.99894380569458 29.882356643676758 -0.009918300496837385 -0.7831004602561593 -0.6218161275343749 148 139 98
24.38416862487793 -3.890085458755493 75.0110855102539 -0.300103491301693 0.8078535132996559 0.507257918181607 79 62 53
-13.28825855255127 6.167348384857178 31.335216522216797 0.09293748075369151 -0.8882930905086044 -0.4497755107004268 132 121 89
21.29433822631836 8.849645614624023 34.19430923461914 0.3315362906846147 -0.7713058551520362 -0.5432963885093228 44 39 36
-12.857034683227539 3.6443936824798584 35.919029235839844 0.03644461548508792 -0.9042002968336539 -0.4255509525404402 84 78 42
2.488513946533203 5.913466930389404 33.39601135253906 0.20407213148591033 0.9531919041055397 0.22311378061081952 163 151 113
-2.099252462387085 2.257795572280884 39.271820068359375 -0.005666646573237645 -0.9392117818687755 -0.34329159313256374 157 138 124
11.280793190002441 8.636444091796875 30.249475479125977 0.3279360957774516 -0.8508820858244253 -0.41043585748484185 68 63 31
-11.155828475952148 5.6491923332214355 32.2955322265625 0.04882896639394527 -0.909377363649663 -0.4130962872291245 136 132 87
8.439414978027344 7.051875591278076 31.922990798950195 0.0902509696239705 -0.9093412305738678 -0.40614441872360774 143 128 121
25.340944290161133 9.476790428161621 35.92723846435547 0.4326808625811944 -0.7655933491026515 -0.4760820254596656 37 29 26
26.25749397277832 7.453616142272949 39.591217041015625 0.46248300060686054 -0.7445812387387625 -0.4813608345803848 60 46 45
-1.1034961938858032 4.640345096588135 35.16633605957031 -0.07350761735834278 -0.8801298031167408 -0.4690076330466131 75 60 44
-19.892995834350586 2.070608377456665 38.638916015625 0.0166889657138814 -0.9107899627238288 -0.4125325711079396 114 109 79
-20.202186584472656 -6.494962215423584 57.60535430908203 0.18464573870650142 -0.9702397148651951 -0.15665518464396433 127 123 88
-16.64022445678711 -9.709495544433594 77.1073989868164 -0.051455014774041734 0.9257167081302232 0.3747011579154057 121 110 82
-5.051671981811523 2.4477756023406982 38.685115814208984 -0.01042344720266802 -0.9143562246179304 -0.40477653866159136 92 77 57
9.492542266845703 -4.3685197830200195 60.34504318237305 0.023307158182122915 -0.9636414115822172 -0.26618040172278945 144 131 99
4.73645544052124 4.30016565322876 36.14641571044922 0.06025463039430276 -0.8399097976784126 -0.5393708476362568 168 147 121
-22.24630355834961 0.034624550491571426 43.00030517578125 0.007898934473658954 -0.8412896804938855 -0.5405268544010341 62 50 28
8.755083084106445 -3.223388433456421 58.48857498168945 0.12221644770909101 0.9156426741315835 0.38296427146475875 132 117 84
-9.796126365661621 -0.17003227770328522 43.05721664428711 0.03207013009334331 -0.7256123546965496 -0.6873559612511733 98 87 59
12.551772117614746 8.45241928100586 31.125150680541992 0.5282423974685325 -0.845465701138659 -0.0784073830376454 68 60 44
22.951255798339844 1.102553129196167 58.41206359863281 -0.3458138333214495 0.7174844272379101 0.6046725472142862 121 114 71
-10.561272621154785 1.091389536857605 40.7467041015625 -0.0027850531667320696 -0.936886137991813 -0.3496235231182883 96 84 58
5.851825714111328 3.36714243888855 37.68413162231445 0.27386950954136535 -0.8355209801061901 -0.47634040721522153 150 135 104
-11.175938606262207 -0.6263250112533569 44.432151794433594 -0.2845535489428219 -0.7100581816881741 -0.6440859076254724 110 98 63
-5.61763334274292 5.972975730895996 32.90951156616211 -0.5154926651874968 0.7843436006150587 0.3450687298381254 92 81 55
15.791193008422852 4.717192649841309 40.4534912109375 0.4038621074578634 -0.8489446247612338 -0.34086422846743686 85 68 48
-0.22062423825263977 2.5340576171875 38.89590835571289 0.10569631750829483 -0.8271102992095181 -0.5520116315864441 119 98 77
19.946374893188477 7.344100475311279 36.64369583129883 0.26040206878908956 -0.9240232492404514 -0.2799496337441443 50 41 32
5.513078689575195 7.255226135253906 30.719526290893555 -0.011013562839998249 -0.8468025579355936 -0.5317933144627762 162 158 119
15.672846794128418 5.526798248291016 37.757850646972656 0.07284572898744122 -0.851170831089556 -0.5198093074105186 66 52 42
18.187314987182617 -3.1485581398010254 69.25936889648438 -0.1405116217735178 0.936289621623006 0.32189785427620377 118 113 83
-13.814619064331055 -4.78386926651001 52.84069061279297 -0.028112162520415363 -0.9155631625380013 -0.401190480597234 156 152 117
-5.6023993492126465 -1.1925429105758667 45.86227798461914 0.030472119473948935 -0.9714777257454873 -0.23516478970105434 96 80 64
12.503368377685547 3.797537326812744 40.57250213623047 0.2324073506109103 -0.9216702623013747 -0.3106617951588717 90 74 59
6.438592433929443 8.9225492477417 28.060863494873047 0.10273022566159097 -0.8547130229946398 -0.5088341076017631 147 145 105
8.810542106628418 5.1434407234191895 35.6828498840332 0.7743087365529651 -0.5297723954490594 -0.34610285973669186 116 107 62
40.638038635253906 10.312262535095215 44.22920608520508 0.2218699534704207 -0.9196493320259602 -0.32406608870913756 61 50 48
-2.448000192642212 6.9016499519348145 31.05614471435547 -0.023305402909498528 -0.8139858178699274 -0.5804170453233186 126 113 68
-18.992324829101562 0.5188331007957458 41.85613250732422 -0.11851723519658333 -0.8311144558589804 -0.54332534104677 114 106 79
-1.4130520820617676 7.733473300933838 29.86027717590332 0.03711468882568611 -0.8784047427581485 -0.47647414176780195 117 105 65
1.925353765487671 -6.757342338562012 67.07714080810547 0.12926175684768937 -0.9715522158635569 -0.19843812654644372 114 101 66
-8.09047794342041 6.60427713394165 31.279006958007812 -0.10470728547993484 0.9015629306799632 0.41978645332023223 96 87 46
2.805382490158081 2.7667222023010254 39.07943344116211 -0.357663290672195 -0.7592234217121411 -0.5437432909280302 116 106 70
-2.8566226959228516 5.7292351722717285 33.1544189453125 0.09432896251269587 -0.75187614815302 -0.6525214974771765 123 112 65
14.99753189086914 -1.1047197580337524 58.03463363647461 0.5127929145424731 -0.7948524366747057 -0.324427234842143 254 251 248
-8.656135559082031 0.9028032422065735 41.11681365966797 -0.0384695521289175 -0.7577273906777984 -0.6514363322502176 81 67 53
22.778024673461914 7.627259731292725 37.82154846191406 0.3107920098298535 -0.830146147048145 -0.46288843274274954 52 43 36
-6.829442501068115 6.046717643737793 32.52346420288086 0.09642833440630444 -0.8100582294888858 -0.5783660096867359 93 81 55
26.3198184967041 9.358348846435547 37.31014633178711 0.43220351218941777 -0.7583391208155682 -0.48797735797043207 43 35 33
9.082643508911133 8.924205780029297 28.893159866333008 0.19204508287898991 -0.8084185836419804 -0.5563974117160293 81 72 31
40.717430114746094 9.093868255615234 48.64749526977539 0.28331519556204343 -0.8611074624042699 -0.42216873185412535 54 49 43
3.4370803833007812 5.326106548309326 34.39265060424805 -0.06658655443194669 -0.875133484105307 -0.47927822375587636 120 104 70
2.603018283843994 0.5691349506378174 24.103904724121094 0.19626179713691447 0.5046465801997576 -0.8407217946962467 209 200 191
-15.99465274810791 -0.443881630897522 46.44409942626953 -0.09761595592511371 0.915743966032853 0.3897231245682599 124 124 140
13.27273178100586 3.1410562992095947 41.95440673828125 0.06637717149222208 -0.932477268647608 -0.3550777584701535 71 61 40
14.61101245880127 4.54243278503418 39.54799270629883 0.18722387459035142 -0.9364547755498792 -0.2966473902349418 118 105 86
-9.351484298706055 -4.960387706756592 55.512786865234375 0.137261282983854 -0.9390100353540298 -0.3153085690209665 160 152 113
8.770333290100098 5.130921363830566 35.535091400146484 0.7743087365529648 -0.5297723954490596 -0.346102859736692 116 108 62
-4.517334461212158 0.34025442600250244 42.929561614990234 0.020673138347233045 -0.9245052801941446 -0.38060820832454767 182 158 146
-25.406496047973633 -3.439567804336548 49.57333755493164 0.0728633138011148 -0.9473872656016274 -0.31168623081200075 133 126 108
6.08017110824585 0.06806351989507675 45.46399688720703 0.23552012059568275 -0.966323693118067 -0.10367638551403477 107 89 69
25.332374572753906 8.959565162658691 36.717777252197266 0.4098320043438142 -0.7901775908444024 -0.4556940894315707 44 38 38
2.1617496013641357 8.005847930908203 27.16884422302246 -0.7876349998556743 0.2508593942566672 -0.5627616469834541 145 135 143
-5.4718756675720215 0.3360863924026489 42.330596923828125 0.16610507836334343 -0.9200701433355835 -0.3547957641860257 120 106 81
1.0875605344772339 -4.423124313354492 57.239479064941406 -0.57665047586188 0.5020498600963116 0.6445309664132057 100 85 59
-4.0571794509887695 8.896718978881836 27.978351593017578 0.17808287597614264 -0.7456516727710519 -0.6420981795471764 118 114 67
-5.813892364501953 4.276324272155762 35.42874526977539 0.0983857572334976 -0.83485412940716 -0.5416076304719167 105 92 73
-12.670921325683594 8.296050071716309 27.73747444152832 -0.002500594747539628 -0.8034390426086608 -0.5953817698233526 122 113 82
-0.12162889540195465 7.79530668258667 29.800569534301758 -0.11188427867982949 0.9211472473255734 0.3727863421972611 131 129 81
5.011301040649414 -0.9113842248916626 48.048919677734375 0.21339172507314888 -0.9376078435057777 -0.2745095689894085 127 111 85
-10.63325023651123 -0.5339467525482178 43.6052360534668 -0.09456420684029089 -0.9095248977720094 -0.40474939297975815 128 118 83
12.791149139404297 7.384776592254639 33.29147720336914 0.17331304602624711 -0.8351348216816055 -0.5220272193017692 56 50 28
14.417938232421875 4.6037678718566895 38.31075668334961 0.15299127567642049 -0.839252057046942 -0.5217754826641223 67 55 29
-16.17705535888672 0.8891412615776062 41.02052307128906 -0.031491305886772375 -0.8046128511029339 -0.5929641283362375 112 103 72
17.696247100830078 4.519233703613281 41.761905670166016 0.182668561252513 -0.8862562902653065 -0.42565477172834987 72 58 48
2.9241814613342285 -8.282666206359863 76.60325622558594 -0.13055570971595898 0.9334767315454442 0.33403053501708135 150 138 100
-10.335014343261719 5.0453643798828125 33.55406188964844 0.008229783736186196 -0.8452945150882265 -0.5342372632280673 136 126 91
0.8006064891815186 -2.628103256225586 56.617889404296875 -0.595750367309234 0.5344177973491373 0.5995657743128848 168 153 134
-13.9520845413208 6.676457405090332 30.706148147583008 0.08112900965344237 -0.8067753881309118 -0.5852619557931885 112 105 76
-11.889996528625488 4.14656925201416 35.01088333129883 0.06688579826985805 -0.8578852943778801 -0.5094694413603061 159 150 109
-12.005671501159668 -3.8372409343719482 52.14400100708008 -0.12003397634305833 0.8628238081174199 0.4910467601654941 147 139 107
13.08922290802002 7.933680057525635 32.85072326660156 0.19369724943412447 -0.8561178180962942 -0.4791071457405902 68 58 33
11.074872016906738 3.8230011463165283 39.564701080322266 0.20622844533557272 -0.8314608039296602 -0.5158902595156407 126 109 89
40.7239990234375 12.021393775939941 39.140350341796875 0.22894333820249183 -0.8559296092516511 -0.4636479827401549 55 46 40
-4.748414516448975 5.61912202835083 33.32164764404297 -0.13762007299927426 -0.867431820409426 -0.4781451165167993 155 147 126
28.84163475036621 5.68412446975708 45.809879302978516 0.2656283785780395 -0.924736580803304 -0.2725872715631016 54 47 38
-0.8468720316886902 7.94756555557251 29.55584144592285 0.15659472649408457 -0.8362669199551425 -0.5254861846166673 99 86 51
-0.5414015650749207 0.5128521919250488 43.542236328125 0.021530405683653157 -0.8993668013639665 -0.43666440000925727 66 46 51
13.1792631149292 8.941130638122559 30.45635414123535 0.31128471828840404 -0.8565767844926676 -0.4115556298100064 73 65 42
8.126866340637207 8.9865083694458 28.36414337158203 0.2490882623616283 -0.8450641451277622 -0.4730979054837901 76 71 33
-1.2236874103546143 -6.042398452758789 60.92571258544922 0.06679487312610692 -0.9606399380438674 -0.2696467213951269 149 143 109
7.2142438888549805 2.681474447250366 39.40444564819336 0.22271430539681406 -0.9113046955065705 -0.3462976900288109 105 88 58
3.598050355911255 5.016326427459717 25.90340232849121 0.6142257738681585 0.012936079205759928 -0.7890243067047071 193 168 163
11.999833106994629 -3.342320680618286 60.979312896728516 0.2272909584487318 -0.9388546832325043 -0.25863237225809776 124 109 78
48.754150390625 4.470473289489746 67.3590087890625 0.263850150785324 -0.9397448381739156 -0.21739994723100517 41 33 22
31.450349807739258 1.0967718362808228 63.52083969116211 0.1618630053830364 -0.943686408224595 -0.2885417308129531 77 63 50
-8.994606018066406 4.837425708770752 33.86199951171875 -0.04141272849988337 -0.8804161632352095 -0.4723900564495279 169 155 116
3.14430570602417 2.706660747528076 24.697731018066406 0.07823371244824248 -0.3054868173767024 -0.9489769705559872 202 181 176
-7.271317005157471 7.5309271812438965 29.608776092529297 0.06033493644682923 -0.8236548594605921 -0.5638726522282395 138 125 93
-14.924731254577637 5.104217529296875 33.13685989379883 -0.08900612402547425 -0.889638183646239 -0.44790826302333636 109 100 69
-39.29136276245117 -16.549297332763672 91.70720672607422 -0.011721344627133227 0.9073031916062302 0.4203136074186519 146 140 107
7.966688632965088 -19.717191696166992 112.00399780273438 -0.15745837501430307 0.8614814931037413 0.4827592538497875 106 90 75
-13.760993003845215 1.848102331161499 38.96039581298828 0.08221282091769096 -0.9015276243802576 -0.4248399634639432 159 149 113
18.713851928710938 7.125253200531006 36.53242111206055 0.15609537355665143 -0.8824525777782136 -0.44374731810659324 72 62 50
2.4115099906921387 5.171939373016357 25.6810302734375 -0.7209723674523855 0.1396803197544146 -0.678740195983269 89 73 76
2.5596673488616943 -8.63644027709961 75.81988525390625 0.015546398934532074 0.9250925973297297 0.3794232410460683 116 106 71
-9.786865234375 8.847888946533203 27.452003479003906 0.11364787808439565 -0.8272235235250425 -0.5502593951344471 90 77 43
5.413092136383057 -5.573455810546875 59.0687141418457 0.28603590277561103 -0.9167205745884924 -0.2789387933749719 0 0 0
21.114925384521484 8.782608032226562 33.90179443359375 0.30767988532303076 -0.8177725363433263 -0.48639610089947255 54 49 46
-0.8983757495880127 6.1551666259765625 32.59855270385742 0.1126384952975417 -0.7908083516766314 -0.6016101065437606 42 36 24
11.550664901733398 -6.453961372375488 74.21406555175781 -0.1381890068971884 0.9019359554787093 0.4091641853675328 119 105 76
15.152653694152832 6.8254594802856445 35.42304992675781 0.1259052400637451 -0.8024658594131386 -0.58326358964093 57 53 18
-8.048238754272461 6.643671035766602 31.175382614135742 -0.20953077829694533 0.9055604469392629 0.3688592277352414 110 105 63
-8.123777389526367 8.222259521484375 28.50741958618164 -0.03797518819412538 -0.8644753384574274 -0.5012387398042342 106 93 59
18.939741134643555 -1.4465277194976807 63.7396354675293 0.22275929907042272 -0.935772589736298 -0.27332755985424567 94 88 52
12.820904731750488 4.282405853271484 39.12534713745117 0.11644885537033149 -0.930816417890911 -0.3464396921076919 115 101 74
-6.941722393035889 6.662473678588867 31.29010009765625 -0.16276819041139481 0.9169211757553176 0.364365302466749 128 116 80
31.381189346313477 3.944753408432007 56.336952209472656 0.13709948927840962 -0.9685968468561943 -0.20742198123592584 99 83 68
-2.068842887878418 7.38189172744751 30.284639358520508 0.02364143169381024 -0.881269113304173 -0.4720231272337659 113 101 63
-13.13166332244873 7.808887481689453 28.39572525024414 -0.35098917192756146 0.8549920876464423 0.381831286370804 106 97 66
-19.743175506591797 -3.456817388534546 48.920806884765625 -0.022223410571540498 -0.9087266753328378 -0.41679965158466276 96 91 59
-4.609887599945068 7.41889762878418 30.114452362060547 0.23260273431185374 -0.8327976960104668 -0.5023384969423575 118 111 67
-15.8186616897583 0.365420401096344 41.54477310180664 -0.13450804250630494 0.8847184165038396 0.44629688549222557 120 109 77
2.0012381076812744 2.3333380222320557 25.520862579345703 -0.8117502970456214 -0.5163509592366463 -0.27284270586134535 97 81 91
9.294520378112793 5.8052544593811035 34.52189636230469 0.33439001658500034 -0.8803109916250964 -0.33650538603761265 108 94 67
-5.995674133300781 -5.253929138183594 56.044979095458984 0.07096605109542571 -0.9580381468737379 -0.27771699394645544 144 141 98
-5.288254737854004 5.097043514251709 33.8406982421875 0.03140351647645848 -0.8403951696633594 -0.54106356184778 129 113 98
-1.533065676689148 8.645397186279297 27.656396865844727 0.0026821098310288102 0.9666325400158062 0.25615295990764037 93 85 36
8.297897338867188 6.765822410583496 32.58682632446289 0.2006372737744943 -0.8492001695469348 -0.4884708347627266 120 108 73
17.06051254272461 2.8293874263763428 45.056697845458984 0.12882014677255513 -0.9345802566508298 -0.3316098817344953 103 100 57
-11.903573036193848 4.5775146484375 34.31471633911133 0.02039688113998788 -0.8187642408215456 -0.5737674487034613 93 87 53
8.706666946411133 3.117750406265259 39.263851165771484 0.27126568967159154 -0.8432202386078994 -0.46410618915182855 108 90 76
-4.387144088745117 3.6265504360198975 36.88798522949219 0.10344561444135507 -0.8334222711979433 -0.5428686053955516 97 84 68
28.76188087463379 4.265620708465576 53.58320236206055 0.14736601351833054 -0.9707504836173066 -0.18954354807399817 77 65 49
13.131513595581055 7.173840522766113 33.79594802856445 -0.017496524462479547 0.9250630090210071 0.3794104650279612 69 62 43
8.63269329071045 -6.896767616271973 73.79124450683594 -0.13969311097943887 0.8980440900510555 0.4171362452116306 102 91 59
-0.8077730536460876 -10.016545295715332 78.24942016601562 -0.06779015076376367 0.894050198628437 0.44280778876605 137 128 88
-10.615139961242676 3.603578567504883 35.95982360839844 -0.05987255247329569 -0.8162388554694519 -0.5746036967182269 124 105 72
3.0276527404785156 -4.6641950607299805 58.67921447753906 -0.272656207207766 0.6253976982552153 0.7311199024018937 134 119 90
4.031910419464111 2.2748193740844727 27.30030059814453 0.9587477894216323 0.043596857899012804 -0.28089498083886466 104 88 62
15.286280632019043 10.725629806518555 27.840742111206055 0.32212575188227077 -0.853109780447276 -0.410412843950432 70 56 55
-8.412760734558105 3.0502045154571533 37.07389831542969 0.0314789756111987 -0.8415277541641069 -0.5392959420077102 142 128 101
8.696060180664062 5.017884254455566 36.17044448852539 0.2099172643513762 -0.9129548325613397 -0.34992601479474217 135 126 87
-10.261902809143066 6.180310249328613 31.347381591796875 -0.0401557812128718 -0.8985886496400562 -0.43695074318879973 143 138 96
-12.647970199584961 7.849796295166016 28.48511505126953 -0.2220688358362784 0.8681827636701444 0.44378386745846304 128 122 86
-14.490333557128906 -7.684624671936035 62.09222412109375 0.07830775699370872 -0.9816821554821753 -0.173689495371726 123 112 82
-9.978144645690918 7.183281421661377 30.07865333557129 0.04318011798430456 -0.8220896186977401 -0.5677183599640464 126 117 86
11.558507919311523 0.5026510953903198 48.644317626953125 0.30307259078125304 -0.9114701399533796 -0.2781531748704401 128 114 85
23.822738647460938 12.135871887207031 31.556493759155273 0.40937656976621767 -0.6855529393585093 -0.6020199261348029 66 54 54
-8.169522285461426 5.936984062194824 32.367801666259766 -0.3359328848260468 0.7027540765153796 0.6271250312604864 118 110 73
4.008753776550293 -2.586669445037842 57.20710754394531 0.0872789407644081 -0.9476746131321664 -0.3070752580782788 197 190 171
7.491268634796143 2.5392141342163086 39.798912048339844 0.18041988792432975 -0.8696875653513741 -0.45944771488665753 98 78 53
-5.157510757446289 -10.314678192138672 78.4405288696289 0.12751483518215592 0.8851292867043964 0.4475333648194672 108 97 65
8.6076078414917 -2.400394916534424 55.655452728271484 -0.017959860092335977 -0.9504765880990881 -0.31027681012441194 123 108 79
43.57655334472656 6.0573835372924805 55.20492935180664 0.20202869150478553 -0.9089933893522576 -0.36457567928039186 108 100 77
7.755070686340332 0.46207061409950256 44.911067962646484 0.2759445897477106 -0.9392003444617516 -0.20434602113056832 109 90 75
-6.835257053375244 7.6080002784729 29.425321578979492 -0.2108763387685857 -0.7380919822827192 -0.6408988964240169 134 125 92
16.26250648498535 -0.43538710474967957 58.15704345703125 0.3314389334784496 -0.8887454910589114 -0.3166696788407794 126 122 77
-24.39643669128418 -7.633817195892334 59.73432922363281 0.009380761064024955 -0.9716044077056744 -0.23642520222845412 154 152 113
7.518690586090088 -12.543172836303711 86.98865509033203 -0.14830844371163857 0.9070902758750835 0.3939439515168335 155 144 114
2.9980061054229736 1.3418492078781128 42.238277435302734 0.036645689824707665 -0.9293376207741166 -0.36740805656813746 156 144 105
14.203287124633789 8.74074935913086 31.163496017456055 0.18972245268185198 -0.8804553871172329 -0.43451547986766303 65 59 35
14.75521469116211 10.950172424316406 27.887250900268555 0.21296808570739761 -0.8699253463413217 -0.44483085129412836 90 82 59
1.4376299381256104 8.153017044067383 27.99838638305664 -0.752863777399754 0.08824950272185055 -0.652233208253551 51 46 45
-12.009867668151855 3.892003297805786 35.49554443359375 -0.028876002472212184 -0.839613986287894 -0.5424154593215212 91 83 47
-10.803826332092285 5.9011335372924805 31.939973831176758 -0.11886028664951882 0.9007513045033972 0.4177550953525552 148 146 98
11.65860652923584 8.482645034790039 30.917098999023438 0.24374297698818312 -0.824845326427848 -0.5101171910836517 76 71 39
7.166018486022949 1.9935592412948608 40.76350402832031 0.15627656281909988 -0.8716881877701762 -0.4644753375749829 104 84 57
-6.839735507965088 8.547961235046387 28.015430450439453 -0.10251294430139135 -0.7939955402539055 -0.5992179722835165 126 111 82
-43.03016662597656 -11.142441749572754 80.62067413330078 0.015939054179141612 0.9296916651840207 0.36799368777091485 119 113 81
6.676637172698975 8.663614273071289 29.31498146057129 0.14959404575807056 -0.79066469092802 -0.593692654488356 128 111 104
15.577451705932617 10.417916297912598 29.159194946289062 0.13634267835517697 -0.8225972084348666 -0.5520366896630161 53 48 45
5.806585311889648 -7.281849384307861 76.011474609375 -0.11644789919105894 0.9248525121490129 0.36206037831506666 144 134 99
-3.210885763168335 6.492421627044678 31.851253509521484 0.1478264749192417 -0.8141974106649211 -0.5614533905672753 111 99 61
-4.682244777679443 5.123744964599609 34.21406555175781 0.02896742688573433 -0.8998018148872936 -0.43533617137236824 155 140 121
-18.992544174194336 -11.883759498596191 81.88438415527344 -0.04331319054273687 0.8892015634442869 0.45546080741732803 121 110 82
18.431427001953125 -16.30137825012207 110.1129379272461 -0.152511443369791 0.8916052210478633 0.42635711491829725 111 95 69
35.225830078125 5.853588581085205 51.6287727355957 0.2524771594606466 -0.9087966538210053 -0.3321805622766435 64 60 48
25.76265525817871 10.263712882995605 35.094154357910156 0.4540356864381662 -0.735155692570094 -0.5033862365246073 40 30 24
18.216665267944336 -9.290724754333496 83.5269775390625 -0.2551957391516466 0.8915849260324281 0.37410086125347763 115 100 79
-9.551093101501465 -3.516899585723877 51.9858283996582 -0.11748923217926059 0.8686967123134092 0.48120920849231713 143 133 98
9.669508934020996 4.294303894042969 37.77035903930664 0.1770134488077058 -0.8909344177930064 -0.41821298656669825 106 93 61
-19.12061309814453 0.7267943024635315 41.324832916259766 -0.036204558792512595 -0.8807168484986115 -0.4722574114752599 127 122 93
-17.819149017333984 -1.0189449787139893 44.21870422363281 0.08283830031812373 -0.9031823597990504 -0.4211881301131635 138 132 105
-14.855704307556152 -7.088228225708008 58.76179885864258 0.02667349644394215 -0.9523010514776683 -0.3039921576981586 141 137 95
-4.6596760749816895 7.293778896331787 30.324634552001953 -0.2104144950957196 0.871187185136594 0.4435748287576638 172 164 118
1.7791683673858643 2.6333553791046143 25.4405574798584 -0.7897247105788971 -0.5716113274747017 -0.22270018366334102 179 163 163
19.864599227905273 5.248920917510986 41.255699157714844 0.20246023947007336 -0.881281751732421 -0.427027312355025 59 49 37
-9.10123348236084 1.2274887561798096 40.63303756713867 -0.008205584647962028 -0.9389864461440255 -0.34385625243464424 157 146 153
15.010653495788574 -1.9139978885650635 59.61221694946289 0.4810719720506674 -0.7278442949130042 -0.48868439720322077 247 244 237
-14.164666175842285 4.323244094848633 34.51029586791992 0.11815474733553473 -0.8318622710365569 -0.542258810631951 172 163 132
28.925678253173828 10.291252136230469 37.86555862426758 0.23804628992422142 -0.8612898246001582 -0.4489028869293919 60 53 45
-10.875163078308105 2.930593967437744 37.16615295410156 -0.04094162072032855 -0.8510778457311323 -0.5234408125074392 127 115 77
12.675697326660156 9.76405143737793 28.51267433166504 0.22457418793554243 -0.8503658396209193 -0.47586171617277717 74 64 52
18.47578239440918 8.807889938354492 33.02320098876953 0.15583914687647069 -0.8998100917099017 -0.4074996431382876 66 56 54
-12.96241569519043 7.690316200256348 28.865522384643555 -0.05239848678253803 0.9328933999306551 0.3563205059335248 128 124 89
13.102723121643066 4.962404251098633 38.5394287109375 0.20643350254204107 -0.7931613160009787 -0.572957534052761 110 98 72
7.80902099609375 7.17350959777832 30.76517105102539 -0.16205976391632085 0.9540336907916838 0.2521038471618069 162 142 143
10.65739631652832 7.288444519042969 31.6685848236084 -0.03647128199457696 0.9879396202937455 0.1504830629789347 0 0 0
3.0745747089385986 5.512379169464111 34.30446243286133 0.09372938863969667 -0.9158641037918462 -0.3903943456183596 160 145 106
7.625654220581055 -0.8403170704841614 49.26472473144531 0.3522571208610722 -0.8980355108809793 -0.2635282565483383 133 123 72
-6.225048542022705 8.17951774597168 28.62010955810547 0.0837507211975779 -0.7649771262838437 -0.6385889232999569 108 93 62
2.1903374195098877 0.19092780351638794 23.935495376586914 -0.09437892546812571 0.32053671044331383 -0.9425225916049232 243 236 228
-7.941302299499512 5.5027689933776855 33.078025817871094 0.14384355112964825 -0.8197744025702758 -0.5543274859584001 115 100 79
22.348445892333984 7.736484527587891 36.932586669921875 0.27223558402977666 -0.8835483957875301 -0.3810905654686934 43 35 32
-5.368105888366699 7.537312984466553 29.682476043701172 0.15052711905388783 -0.8273848640002172 -0.5410876761234528 130 121 80
-3.8921589851379395 4.281153678894043 35.78496170043945 -0.023891303035476034 -0.9026919323400404 -0.4296236503353496 129 117 94
5.694357395172119 8.392782211303711 28.88343620300293 0.07491136094972492 -0.8874976182561565 -0.45468259873268696 143 134 119
-9.022560119628906 6.165411472320557 31.713300704956055 -0.13971849196006886 0.8844644460234299 0.4451981432181315 162 158 111
-0.9700827598571777 6.792665004730225 31.466794967651367 0.02908600001421256 -0.8323447614374242 -0.5534945372005494 49 43 31
-4.99666690826416 6.582486629486084 31.396631240844727 -0.8948694898978858 -0.03409534920484189 -0.4450237108430259 96 83 49
-10.16832160949707 1.1480454206466675 40.58098220825195 -0.04834542200883214 -0.898389570266647 -0.4365305260882649 117 103 76
-0.16476120054721832 -2.145977735519409 53.622657775878906 0.4010162592847462 -0.8911339676340205 -0.21228803903686572 134 119 100
-1.0579450130462646 8.091655731201172 29.249435424804688 0.12971036726633148 -0.8905729255824401 -0.4359530764235609 100 96 49
9.246678352355957 7.957922458648682 30.658145904541016 0.4023001005164175 -0.7733363236657974 -0.490005673052414 99 98 50
-22.995309829711914 -1.952171802520752 46.08924865722656 0.00206716505548376 -0.9173034790869363 -0.3981834427542616 77 71 47
13.931203842163086 8.863375663757324 31.20846176147461 0.18632503827284247 -0.8537144187880389 -0.48626604988012995 70 63 45
7.133448123931885 7.5441508293151855 30.453752517700195 0.3293495935185007 0.8891543921561211 0.3177000348735856 64 48 49
-3.8313801288604736 -13.68012523651123 86.54615020751953 -0.04838976743192592 0.9009552878616351 0.4312052871684697 156 145 113
-5.30394983291626 2.6368844509124756 38.28317642211914 0.012599515860722945 -0.9335961312216946 -0.3581054536975944 119 103 88
4.301876544952393 -1.0213654041290283 47.995548248291016 0.1559716459241895 -0.9410354108590054 -0.30020859610797723 124 109 80
20.12345314025879 1.191091775894165 55.89442443847656 0.2218475989769788 -0.9408079865534903 -0.2562498297859285 115 102 83
7.5170578956604 5.440952777862549 35.1769905090332 0.13411298614484493 -0.8028669017286632 -0.5808773063702259 124 119 77
-11.432901382446289 3.0496532917022705 37.0416259765625 -0.12736388490464123 -0.8745530550566037 -0.46790532665610646 128 119 78
10.22540283203125 9.905245780944824 27.67934226989746 0.08275666461765578 -0.905814327215679 -0.41551382536826353 63 56 27
-8.168692588806152 6.444243431091309 31.47750473022461 -0.2225526010979925 0.9311732112532889 0.28876771008676805 149 139 103
2.7724874019622803 7.092946529388428 25.817800521850586 -0.5709747606148623 0.3111372051247919 -0.75972459636893 98 87 95
-3.952786922454834 8.281649589538574 28.718334197998047 0.04094282558716029 -0.8666512752825885 -0.4972315879788835 103 98 54
0.14600495994091034 7.158808708190918 30.99683380126953 -0.00861853074364244 0.9490270127676352 0.3150768953210622 62 61 38
0.2891455888748169 3.017117500305176 38.11662673950195 0.04846257717867249 -0.8747965127900211 -0.4820606184118546 125 107 83
31.254976272583008 3.6800482273101807 54.763790130615234 -0.08595610201309559 0.9761425442780532 0.19939228113716764 53 46 38
1.3237226009368896 7.829346179962158 29.772207260131836 0.1096980439871572 -0.8690116791790645 -0.48247802084216695 71 64 56
12.508231163024902 9.010608673095703 29.881654739379883 0.24742472196505746 -0.8218350392615671 -0.5131940911608909 95 86 67
5.863614559173584 4.340478897094727 36.14542770385742 -0.026483949808171453 -0.8866610497070803 -0.4616608964758621 138 130 81
-0.24425986409187317 8.507058143615723 28.502119064331055 -0.3298900747697651 0.8487497236401146 0.41327526563929257 93 83 48
3.319417715072632 0.640355110168457 42.66545104980469 -0.07303276377896246 -0.9372863947702433 -0.34082316469601365 124 106 87
24.180795669555664 0.5120769739151001 59.227378845214844 0.38810376075051156 -0.8433813615512674 -0.37159568065202203 113 101 77
7.67271089553833 6.00843620300293 33.247344970703125 0.1511958318322772 -0.8598554557052414 -0.48763553575439705 128 119 76
-10.559995651245117 4.778452396392822 34.16399002075195 -0.007515334497309721 -0.8756494417420543 -0.4828887811124032 102 91 61
9.894364356994629 8.473814010620117 30.038013458251953 0.28856813983685903 -0.7713489257072573 -0.5672294628114398 109 109 59
36.33652114868164 12.076434135437012 37.08900451660156 0.2555903401822405 -0.8611834241553642 -0.4393594063697369 62 55 48
0.0742543488740921 8.359321594238281 28.84697723388672 0.14363735067239414 -0.8388458423313128 -0.5250771031908419 116 110 74
13.6788330078125 2.8564062118530273 42.926719665527344 0.21499457040252723 -0.8662469544974831 -0.450991738861443 112 96 81
5.83089017868042 6.940114974975586 31.544843673706055 -0.10401456281679024 0.9496758634872907 0.29546019195773393 124 123 79
9.076913833618164 -4.883301734924316 67.81244659423828 0.07883990931703676 -0.9733070495620069 -0.21554038130193223 146 137 96
4.776031494140625 3.9214577674865723 32.00456237792969 -0.2170866992326316 0.6760537098755383 -0.704148241764334 168 151 111
10.202594757080078 8.186761856079102 30.309049606323242 0.23412618901266116 -0.7999894649769373 -0.5524507068909605 108 106 57
-2.262354850769043 -0.6123198866844177 45.3111572265625 0.06754151268122952 -0.9143894620063788 -0.3991616913437663 104 90 61
-1.8056838512420654 2.9403724670410156 38.19875717163086 -0.053831441231551674 -0.8134077917660131 -0.5791976693921278 140 121 107
-11.154945373535156 5.6555562019348145 32.3115119934082 0.04882896639394527 -0.909377363649663 -0.4130962872291245 138 132 96
-0.971989631652832 1.3072775602340698 40.66413879394531 -0.13497260070628256 -0.7328217256396787 -0.6668993293511892 109 95 68
-7.090691566467285 8.617871284484863 27.000865936279297 -0.1185683475495047 -0.9384050038867696 -0.32455753825731976 115 104 74
8.558690071105957 6.8682708740234375 32.37956619262695 0.0838957033053814 -0.9113757548243073 -0.40293392074299195 141 128 108
-7.395573616027832 -3.903203010559082 52.532493591308594 -0.19502756489317438 0.8764878074180333 0.44015153342839447 107 93 64
-7.618730068206787 4.992196083068848 33.86638641357422 -0.2989006365038716 0.788079694676152 0.5381345596936916 120 107 91
23.41281509399414 -6.726943492889404 78.97721099853516 0.2424333857795783 -0.8976515515512952 -0.36803226143505857 123 103 94
10.401920318603516 4.446629047393799 37.750511169433594 0.22926100194566676 -0.8737076011680529 -0.4290389500360486 88 73 52
10.35335636138916 4.405966758728027 37.559730529785156 0.22343892546922267 -0.8814837580160969 -0.4160065275196754 82 70 48
-5.740815162658691 3.679490804672241 36.24648666381836 0.09287034992445976 -0.9081920893873772 -0.4081203583247211 149 136 120
-15.822616577148438 -0.5912166833877563 43.533546447753906 -0.2011813045117809 0.8859429444473803 0.4178889588142333 148 140 104
14.137441635131836 8.290480613708496 32.09904098510742 0.20748631543959103 -0.8481132662347834 -0.48749699131571067 66 56 46
-4.04934549331665 5.600465774536133 32.949554443359375 0.06537300871327589 -0.9255907727636344 -0.3728378885073128 105 93 66
12.691740989685059 5.248480796813965 37.367618560791016 0.5035475800275423 -0.7882142306052822 -0.3537769937682899 117 116 71
-12.815765380859375 6.220247268676758 31.16876792907715 0.03749553195521199 -0.8647933889020804 -0.5007259525874921 145 139 107
9.484952926635742 8.485804557800293 29.914960861206055 0.15749425639461925 -0.854559148978471 -0.49489819165147253 110 109 63
32.72471618652344 8.076736450195312 44.672367095947266 0.26559934117278455 -0.8589531452170167 -0.437785888637787 58 56 44
-13.295024871826172 -2.739881753921509 47.8013916015625 -0.08199468728263164 -0.8527795249186838 -0.5157944873075784 125 120 91
45.18137741088867 10.128755569458008 45.75103759765625 -0.03106564292083188 0.9301356155888668 0.3658997983642994 68 59 50
13.300544738769531 7.199366569519043 33.745365142822266 0.07361735235960329 -0.8982332504837733 -0.43330995044761794 110 104 81
5.830101490020752 5.9614691734313965 33.230751037597656 -0.044875813747288135 -0.894979099906374 -0.4438452118377478 113 104 65
10.088325500488281 2.9283387660980225 40.5093879699707 0.22850339815039614 -0.9587916312484573 -0.1688336603928374 125 109 86
0.6050494909286499 3.7266428470611572 36.89737319946289 0.09181371469872097 -0.8904881129326475 -0.4456469034099464 110 93 67
13.491926193237305 8.181828498840332 32.04463577270508 -0.0656898760827585 -0.8020226234992326 -0.5936704065183308 88 84 49
6.435884475708008 -0.4648166298866272 48.41281509399414 0.20998656488346856 -0.9277959762824383 -0.3083833149873018 128 112 86
-6.175327777862549 4.197906017303467 35.39861297607422 0.09123262348521054 -0.84220533154052 -0.5313819604923831 129 117 93
-20.431884765625 -6.432016849517822 57.414955139160156 0.18464573870650147 -0.9702397148651952 -0.15665518464396433 136 131 93
-12.561360359191895 -2.9365477561950684 48.63393783569336 0.13820003617315654 -0.9505612406960007 -0.27809005319899044 161 156 127
-14.10810375213623 1.2694242000579834 40.28202819824219 0.09351363477949667 -0.8932595383966875 -0.43970739949842075 104 90 61
10.470751762390137 -17.781097412109375 110.17363739013672 -0.2058008324239899 0.8994550388652903 0.3855212710518481 107 91 66
-9.421289443969727 -3.6107678413391113 51.73341369628906 -0.1383780098387079 0.8881408888764518 0.4382434117004203 154 147 105
-8.961780548095703 6.0168776512146 32.23502731323242 0.056126636574300254 -0.8119282938668383 -0.5810527052560218 135 131 84
-0.4011020064353943 6.43150520324707 32.21491241455078 0.34611555007224476 0.9380685444303174 0.015212887581687897 46 40 28
-13.019646644592285 4.769499778747559 33.970062255859375 0.009944349805480784 -0.8830753193445037 -0.4691258789190265 123 112 82
-10.468843460083008 4.859943866729736 33.72406005859375 0.02135880167127106 -0.8739127651811227 -0.48561330340575687 145 139 103
-10.368138313293457 8.479363441467285 27.878299713134766 0.047846791783357524 -0.74565992270359 -0.6646066236426751 121 109 83
-13.757834434509277 1.5769253969192505 39.849159240722656 -0.1271023384004908 0.9144738110014131 0.38416486638639674 120 108 70
9.646766662597656 7.741793155670166 31.27859878540039 0.2771365800850325 0.7745707353711759 0.5685380302893801 85 83 32
3.1377243995666504 4.829568386077881 31.701719284057617 0.4730142781547157 0.8532618750309817 -0.21954877654040184 132 113 80
-8.756207466125488 2.300755023956299 38.282981872558594 0.030857804476854503 -0.8556030617260579 -0.5167119087730261 115 102 68
22.634366989135742 1.3850812911987305 56.830928802490234 0.28846264554054796 -0.9497302718651147 -0.12166229009337573 120 119 74
-12.04389476776123 7.476881504058838 29.1138973236084 0.010732942049006539 -0.8494171395864711 -0.5276128570568676 94 90 68
5.141480445861816 4.135254859924316 36.440975189208984 0.08040078164144292 -0.8775551569253247 -0.47268664130183985 159 146 102
-19.93483543395996 -5.90327787399292 56.420188903808594 -0.34751995881920356 0.9243820490897995 0.1573140347929689 138 132 100
10.618823051452637 -1.107650876045227 53.423213958740234 0.17981524529107817 -0.9230312901247207 -0.34011720775580073 135 126 84
15.753510475158691 4.79052734375 39.26705551147461 0.2651975377943631 -0.9034982927682536 -0.3366914030869498 79 61 47
19.834346771240234 10.241009712219238 31.11871910095215 0.2187447374368511 -0.8309943508725751 -0.5114676223003274 42 33 26
45.22980499267578 9.225823402404785 47.784080505371094 -0.06991482787099215 0.8993880250064311 0.43152415612431255 59 52 44
7.873578071594238 1.6485693454742432 41.49565124511719 0.1680347722779305 -0.8899111175278582 -0.42405485282664046 100 80 55
-3.5523500442504883 4.266502857208252 35.73455810546875 -0.0423466020158219 -0.8980309930139475 -0.4378893705995806 118 106 80
-2.0879344940185547 8.62289047241211 28.15520668029785 -0.06586625948424177 -0.9202523140780947 -0.38574254924167484 86 76 41
-4.723183631896973 6.906582832336426 31.01006317138672 0.01718584687453195 -0.8470853766046906 -0.5311788883320709 102 90 52
-16.10112953186035 -6.955909729003906 59.073551177978516 -0.007392377173192725 -0.9443877865176048 -0.328750758837312 144 136 97
13.225200653076172 2.5774712562561035 43.65648651123047 0.1559893065181733 -0.8876520579674607 -0.43329108026603874 117 95 78
-4.859243392944336 -1.2942153215408325 46.36073684692383 0.07149364355829584 -0.9755066620967543 -0.2080274288059351 156 144 120
-17.182151794433594 -6.616867542266846 59.23696517944336 -0.02976293963898931 -0.9223908058016292 -0.38510955427860627 134 131 96
-18.334089279174805 -0.9994193315505981 43.99284744262695 -0.052590465037620916 -0.9019560291128418 -0.42861353750683207 111 104 75
8.761316299438477 -1.2777067422866821 51.876182556152344 0.22379776844397864 -0.9254770135889058 -0.30562535261011214 135 115 94
15.260560035705566 2.626474142074585 45.55771255493164 0.30344052757997253 -0.9298749451733457 -0.20798180824498835 95 79 54
-10.321931838989258 6.864989757537842 30.317148208618164 0.02098420998680762 -0.7512381502837528 -0.6596975856325952 106 97 56
2.356379508972168 5.6892242431640625 25.854917526245117 -0.7430634770495244 -0.02640685175768151 -0.6686997437230847 198 179 185
-10.827008247375488 6.393725395202637 31.032489776611328 -0.0054390536874741584 -0.8582292733593394 -0.5132376944887092 110 99 67
29.037477493286133 5.738886833190918 48.092105865478516 0.2713202238074364 -0.9237317314483374 -0.2703794083663535 60 53 45
14.303062438964844 9.267838478088379 30.2676944732666 0.16372774465963405 -0.8464797278264556 -0.5066214523759525 64 52 38
3.5025453567504883 2.6987252235412598 38.85702896118164 0.019349441015977097 -0.6756304505051273 -0.7369864947762664 130 114 81
-15.057015419006348 0.8107293844223022 40.953529357910156 -0.02553153702055687 -0.8630497525801397 -0.5044732551768505 114 108 72
-2.8736772537231445 8.436745643615723 26.86911964416504 -0.002491268558515523 0.9998125169805941 -0.01920219961094694 134 122 80
-17.6517391204834 -7.047004699707031 59.59998321533203 -0.029762939638989315 -0.9223908058016294 -0.38510955427860616 120 114 78
10.376806259155273 10.109673500061035 26.820655822753906 -0.14359055901676168 0.9405893823022871 0.30769037238993435 55 49 21
4.335413932800293 5.646203517913818 33.76947021484375 0.036103810641551354 -0.8953953588168839 -0.4438058880483034 101 87 52
-3.4958395957946777 7.79743766784668 29.550647735595703 0.07836746145635672 -0.8658734519006558 -0.4940867396303295 133 120 76
-8.431859016418457 -3.5708255767822266 51.67871856689453 0.05352463169841652 -0.8909024036253429 -0.45102995578579475 152 146 112
-7.287358283996582 5.644288539886475 33.092323303222656 0.13350885426489922 -0.8874106984465796 -0.44122288938293636 96 84 57
-2.172858238220215 2.195871591567993 38.583290100097656 0.03642390150635692 -0.85916003965844 -0.5104089788132282 183 163 152
7.43947172164917 5.673567771911621 33.933475494384766 0.10087657649582846 -0.9036174074028129 -0.41629256221208155 116 106 71
-11.603647232055664 3.8974080085754395 35.16217041015625 0.04837587178623357 -0.8575471462567681 -0.5121256359291099 144 138 102
-0.09977945685386658 -11.023616790771484 80.23334503173828 -0.01664082264576731 0.9349893355882433 0.3542852316396037 144 133 101
14.529922485351562 4.220473766326904 40.60811233520508 0.18437070309376025 -0.8561478194769522 -0.48271974793411165 107 91 82
-9.76682186126709 4.766470909118652 34.05601119995117 -0.08082852364397769 -0.8319471956429821 -0.5489358919102598 158 143 110
-11.016773223876953 4.649249076843262 34.275123596191406 -0.16050387076008832 0.8916179451485832 0.4233862862210435 81 72 41
-8.8507080078125 8.680862426757812 28.137243270874023 -0.12137660206402373 -0.8624241695091928 -0.4914186324487208 117 104 87
5.163315773010254 -7.643677234649658 74.07170104980469 0.16956493776030404 -0.9523431153413496 -0.25355536386414096 140 127 95
-2.1402413845062256 5.453533172607422 33.92308044433594 0.037947897440854805 -0.7411367240608004 -0.6702807720114331 114 101 85
4.840216636657715 -2.4004621505737305 57.2739372253418 -0.013376665697416069 0.931212847719943 0.36423028025705656 113 98 69
10.501346588134766 9.885289192199707 27.742584228515625 0.1860895798562481 -0.8996427499605184 -0.3949855575997705 75 70 38
-10.849367141723633 5.844289302825928 31.74103546142578 0.03258046767330344 -0.8224005242061545 -0.5679752555451965 156 147 104
15.756458282470703 11.149212837219238 28.158048629760742 0.2945663505767894 -0.8479057216909416 -0.4407794825438638 72 60 60
-0.49506959319114685 -5.257498264312744 57.27460861206055 -0.280024347611148 0.8239529400822541 0.4926336542246785 113 97 72
7.252017021179199 7.471573352813721 30.413366317749023 0.40196379494926543 0.8492571427200448 0.3423264714990215 163 147 148
19.280981063842773 -4.573890209197998 71.9772720336914 -0.1437760234386426 0.9223831542460813 0.35852164766889677 137 125 98
-2.9561054706573486 -1.4073010683059692 46.67740249633789 -0.3697778771002361 -0.7983535392799853 -0.47528512276986257 129 125 88
34.16520309448242 7.162957191467285 47.2286376953125 0.26080913974795433 -0.8684163371158053 -0.4217009106633515 68 61 53
1.5745002031326294 7.994901657104492 28.038623809814453 -0.8056980648778345 0.19662667209656984 -0.558738382494295 52 44 41
9.545717239379883 8.587075233459473 29.750051498413086 0.15207862728019378 -0.8476561752686923 -0.508282499849664 84 79 41
9.252246856689453 9.773938179016113 27.438196182250977 0.11762302162333715 -0.8791169759407732 -0.4618637974521776 107 100 72
-16.695098876953125 -3.1684374809265137 48.93102264404297 -0.032713035562182 -0.8622318241314051 -0.5054563668204582 113 107 73
24.502315521240234 8.300521850585938 37.530879974365234 0.23744585711580543 -0.8016131465107615 -0.5486673202220603 42 34 32
-5.5318145751953125 6.966704368591309 30.918792724609375 0.05153114070535482 -0.860364216090071 -0.5070680005771636 166 163 112
-2.163329601287842 8.391316413879395 28.633554458618164 -0.029133443918673688 -0.8174181420312857 -0.5753075903580257 104 91 46
14.58362865447998 10.174257278442383 29.08106231689453 0.3667049788912778 -0.7515418563962969 -0.5483724068010312 60 55 36
15.885377883911133 7.971208095550537 33.79973220825195 0.26194048542680776 -0.8019535885153347 -0.536896287900881 59 53 34
-1.4563862085342407 2.031010389328003 39.95958709716797 0.006597340872667508 -0.8845087330069332 -0.46647698370646307 95 80 51
-8.932007789611816 9.006901741027832 27.594547271728516 -0.05756362383691305 -0.8912999302968263 -0.4497453317863738 71 56 49
-2.989849090576172 -18.556148529052734 106.43655395507812 -0.12353305277883661 0.8926431827940956 0.43350632415498525 106 94 68
9.41942024230957 7.928601264953613 30.7108154296875 0.3223057443198897 -0.8424299845581253 -0.43177624795233743 110 112 62
1.9355727434158325 4.619573593139648 35.59410095214844 0.09462352426836357 -0.9031311012918888 -0.41880855117145604 160 151 95
-6.379354476928711 6.054503440856934 32.45957946777344 0.050408272578683515 -0.8842979488680919 -0.464194079759015 133 121 83
0.11236710846424103 7.313601016998291 30.433740615844727 -0.0975328783999126 -0.8442270270280379 -0.5270370617579266 30 31 45
0.09780741482973099 5.997498989105225 33.014373779296875 0.09824188591580447 -0.7416679840884638 -0.6635338222199834 172 159 117
-13.453473091125488 4.090443134307861 35.00344467163086 0.008771728374518152 -0.8701102420985585 -0.49277908171564216 102 96 62
-5.370846748352051 6.383854866027832 31.759117126464844 -0.04172703773403709 -0.7727238122336587 -0.6333693743219855 122 116 80
-8.651541709899902 6.100503444671631 31.807832717895508 0.053626282863185055 -0.7580196020177687 -0.6500234647634661 152 146 105
8.356675148010254 -2.3602211475372314 55.49600601196289 -0.017959860092336015 -0.9504765880990881 -0.3102768101244119 131 117 90
-9.339995384216309 7.389781951904297 29.743867874145508 -0.27518142277098245 0.8350831186158166 0.47635214869319037 126 115 83
4.972814083099365 -3.9416682720184326 60.191951751708984 -0.06702392502654962 -0.9817846576540045 -0.1777826748286935 111 99 75
14.022663116455078 8.268729209899902 32.05604553222656 0.19599916955670293 -0.8486091706264358 -0.4913723649756825 61 54 46
4.413365840911865 6.735928058624268 27.140005111694336 0.6918929683628867 0.16907287629106688 -0.701924841299023 179 159 152
16.561357498168945 8.093921661376953 33.85307312011719 0.02690227413707469 0.8691766395513466 0.49376941673668107 64 57 39
-6.430002212524414 0.1601635366678238 42.4823112487793 0.05422101163589223 -0.9353963982211696 -0.3494190322407225 106 92 63
13.043693542480469 7.884599685668945 32.1964111328125 0.1725137996418833 -0.6389132084215762 -0.7496858682392031 90 84 60
-6.164604663848877 8.725360870361328 27.67052459716797 -0.11526250735838708 -0.850732042630985 -0.5128055635797736 112 99 64
21.102920532226562 0.30720919370651245 59.04409408569336 -0.07240464686083162 0.9540112116677772 0.2908954711320518 126 111 104
-11.996780395507812 6.313231468200684 30.729764938354492 0.04474236614140684 -0.8756147280284388 -0.480933434824147 92 81 49
-6.906111717224121 1.7401806116104126 39.364322662353516 0.11578690199962571 -0.8514206590380686 -0.5115430135272202 176 164 138
-9.36248779296875 4.203341007232666 35.176692962646484 0.12190652795490035 -0.897130984909424 -0.42461134506443415 128 116 78
-2.11791729927063 2.6111762523651123 38.87308883666992 0.06709143236669848 -0.8878666201548843 -0.45518304506838464 136 114 100
-1.1893255710601807 3.3456223011016846 37.57056427001953 -0.11032928223414917 -0.867973483763143 -0.4841998357762737 144 119 112
15.142487525939941 6.882262706756592 35.27000427246094 0.15834494314810343 -0.8876394957132167 -0.4324615643376982 73 66 40
10.76382827758789 7.299888610839844 31.697107315063477 -0.10626626144610525 0.987357071715685 0.11761587737756898 123 122 74
22.119096755981445 -8.177528381347656 82.62677764892578 -0.21154962459348464 0.9068483994872782 0.3645171281047267 97 81 66
-15.335436820983887 1.8439103364944458 39.13032531738281 -0.1319354726820497 -0.8180689257105368 -0.5597823361226856 103 96 67
-9.05108642578125 3.033536434173584 37.21188735961914 -0.047386967104885686 -0.8748410798912803 -0.4820866729990148 99 85 60
19.2923641204834 5.57945442199707 40.765724182128906 0.20334621379155096 -0.8712713476202749 -0.4466951490139456 103 87 72
-12.66547679901123 2.1341536045074463 38.62629318237305 -0.05489773087293314 -0.9136024205292655 -0.40288566163127465 113 102 70
24.825855255126953 4.15793514251709 48.72389221191406 0.27924784558843024 -0.9400765603513545 -0.19564432374128668 69 63 39
12.529948234558105 8.069281578063965 31.730409622192383 0.3057707099352585 -0.8295685740300068 -0.46724752961092164 61 53 30
4.247893810272217 2.9772138595581055 38.45188522338867 0.16061890037736185 -0.8236770715284791 -0.5438360512873667 134 131 76
19.844953536987305 -18.261581420898438 114.310546875 -0.152511443369791 0.8916052210478633 0.42635711491829725 154 139 110
40.149375915527344 5.229460716247559 55.08441162109375 -0.15947517519060797 0.9102832401914532 0.3820367667181706 46 42 33
-5.198383808135986 -2.4826653003692627 41.621917724609375 -0.38237331365402855 -0.38883339665601313 0.8382119294368133 0 0 0
2.1724486351013184 6.042630672454834 25.947349548339844 -0.826790223978198 0.02698657768801267 -0.5618626612961299 152 133 139
19.484224319458008 2.5385355949401855 47.78667449951172 0.12363854753351283 -0.9716384024610929 -0.20157461255490078 149 144 104
-18.418458938598633 -0.594925582408905 43.215538024902344 0.04356373598957629 -0.8472937714156297 -0.5293349278357788 116 111 80
7.914730072021484 5.418757438659668 34.84530258178711 0.12703176068157732 -0.9238299061983443 -0.3611111133594433 114 103 71
7.211726665496826 4.765865325927734 36.736507415771484 0.0670272754824986 -0.8875371903576301 -0.4558344875867522 136 120 94
-9.986199378967285 -1.1330010890960693 45.43819046020508 0.0847346726478945 -0.9334856473459194 -0.34846030111107934 113 107 73
9.715360641479492 8.14452838897705 30.923307418823242 -0.09073051399607099 0.934119948882141 0.34523599889124396 117 117 67
4.478793144226074 3.2081007957458496 37.91920852661133 -0.04769280091326963 -0.8266120064296496 -0.5607477040232941 197 195 146
-20.665754318237305 -3.219356060028076 49.91853332519531 -0.0715910420994958 -0.8799563687939906 -0.4696291214458516 155 148 130
0.7560566663742065 -3.608039379119873 56.8194580078125 -0.30666354881712937 0.34721973572060044 0.8862256614164365 117 102 69
13.093545913696289 3.3891677856445312 42.116573333740234 0.06637717149222194 -0.932477268647608 -0.35507775847015344 112 101 69
12.251032829284668 3.7753405570983887 40.07027816772461 0.23475208461167085 -0.921314240633954 -0.30995407526850693 111 95 80
12.434967994689941 8.412035942077637 31.30912971496582 0.2509211962564433 -0.8916024990660101 -0.3769396993266716 67 60 42
-10.606592178344727 2.754490613937378 37.43305587768555 0.03339357089564436 -0.8417204175179857 -0.5388799570926582 131 119 78
-11.898035049438477 9.084238052368164 26.8999080657959 0.13358190555128216 -0.730224046130932 -0.6700214302255258 127 115 89
-2.3055505752563477 -5.641251087188721 60.19524002075195 0.015548691553729154 -0.9648771042203056 -0.2622411332007332 183 172 154
-11.032666206359863 4.862648963928223 33.81177520751953 0.05361241211447608 -0.8306362840845161 -0.5542283580163813 119 107 65
-6.3344621658325195 -0.017525700852274895 42.24636459350586 0.010187952509161456 -0.9656287889403555 -0.25972533105812573 98 84 55
-8.743422508239746 3.190248966217041 36.46694564819336 0.028160912884947934 -0.873446557172825 -0.48610500382985694 127 112 93
-3.5422141551971436 4.857112407684326 34.502384185791016 -0.024224747998767747 -0.8701802990151706 -0.4921375913200132 65 50 31
-11.68729019165039 5.918566703796387 31.7749080657959 -0.00889785144089846 -0.8622837151682557 -0.5063473341446227 132 120 86
-0.6110823154449463 -5.49034309387207 59.166927337646484 0.17202914078426632 -0.9352180006320575 -0.3094725610046935 105 85 60
35.059181213378906 8.46277904510498 46.545291900634766 0.2304550256522498 -0.8836440238433186 -0.4075091658817134 49 41 38
2.609036922454834 4.840075492858887 34.862239837646484 0.04705686992720041 -0.8532282725069802 -0.5194104022710836 101 81 56
-9.103254318237305 6.290142059326172 31.447874069213867 -0.27750343265243127 0.8534082379961332 0.4412326191324167 142 137 93
-2.8246381282806396 6.489896297454834 31.822341918945312 -0.02594755877829635 -0.8559981174786798 -0.5163273642432706 140 132 86
29.26630401611328 4.36906623840332 52.34571075439453 0.20215647458178707 -0.9452517179686006 -0.25618733275100053 57 50 42
-2.581981658935547 -3.6244912147521973 54.66260528564453 0.31596271786092983 -0.9487487778063693 -0.0065816056441732485 113 98 75
-8.190465927124023 -9.292981147766113 76.93319702148438 0.1324431792262739 -0.9679304270271933 -0.2134701213551732 153 142 110
0.6162821054458618 6.78422737121582 31.78349494934082 -0.044257795737603224 -0.8852577698621543 -0.46299020336842367 78 68 46
-4.01317024230957 5.023680210113525 34.52494812011719 -0.04622060630290978 -0.8978055450905542 -0.43795988258931284 103 88 81
-14.238825798034668 5.572003364562988 32.287750244140625 -0.12286809791700469 -0.7803398485843753 -0.6131664955177926 132 125 96
14.689717292785645 -2.490037679672241 60.04705047607422 0.4795307195607121 -0.7501689197490453 -0.45529867212647934 113 97 72
5.82763671875 7.276870250701904 30.99953269958496 0.19106717220998795 0.9759759718289854 0.104710257931811 122 120 82
16.220745086669922 2.95837664604187 45.29718017578125 -0.036002018363611867 0.9622243508853079 0.2698669176410735 108 110 60
17.835786819458008 7.193642616271973 36.03155517578125 0.4146725656821078 -0.8285498320291902 -0.37623375594837183 58 55 24
25.191688537597656 10.593504905700684 34.47932052612305 0.3811155999742499 -0.7486429894267304 -0.5424800216030781 63 52 56
-3.0550100803375244 0.9200172424316406 41.888221740722656 0.02618297913045031 -0.8707995044940535 -0.49094060188251387 93 79 53
22.307405471801758 11.340933799743652 31.798189163208008 0.3555683768672953 -0.7156040734424289 -0.6012336812293202 43 34 27
-9.23288345336914 6.195459842681885 31.183752059936523 0.19819487817068587 -0.8160435978494504 -0.5429471766901747 144 143 86
-7.433732032775879 1.015360713005066 40.6607780456543 0.13622320128922216 -0.8598390159815168 -0.4920570150159968 87 73 44
-0.1025671660900116 -11.053915977478027 80.48441314697266 -0.016640822645767415 0.9349893355882433 0.35428523163960407 142 131 99
17.352142333984375 8.635302543640137 32.97996139526367 0.17204897416375572 -0.8302624603760296 -0.5301541260610362 38 27 25
1.556493878364563 7.625592231750488 28.286792755126953 -0.9795542588917749 0.003137790700330849 -0.20115568139256423 47 36 40
21.946033477783203 10.431550025939941 32.30410385131836 0.36350189734452926 -0.7326918066993836 -0.5753512727217358 66 52 49
2.647197723388672 -0.6717474460601807 23.8197078704834 0.441408390891016 0.2895448555844118 -0.8493070169588887 238 231 223
-13.350241661071777 -2.168168544769287 47.010643005371094 -0.010166638434573922 -0.8384215036671613 -0.544927537982287 146 136 122
-12.437284469604492 7.096901893615723 29.680099487304688 0.05309354344153354 -0.8373544187502531 -0.5440759625679557 143 132 100
25.91407012939453 8.811957359313965 37.54685974121094 0.39462834768340216 -0.7652500217294491 -0.5085871326014313 59 51 49
3.5887365341186523 4.379322528839111 25.690662384033203 0.8954069590197858 0.07986700356800819 -0.4380269848765109 187 160 147
-9.39406681060791 3.8583409786224365 35.779415130615234 0.15176847702963553 -0.6998313587675 -0.6979988529114783 142 130 90
7.8527302742004395 8.555744171142578 28.88601303100586 0.18145456915330443 -0.7767150726106286 -0.6031483526570018 104 100 55
-2.1049327850341797 5.949824333190918 32.5724983215332 -0.07658516837408168 -0.8747835536072646 -0.4784228739549981 44 30 17
3.9093124866485596 7.729015827178955 26.896276473999023 0.602692043976177 0.2131051461197975 -0.7689918704544787 185 166 160
-9.711017608642578 8.966636657714844 27.509193420410156 0.11723144598256266 -0.8377602585799937 -0.5333052945703982 154 148 116
0.21879762411117554 5.219916343688965 34.417564392089844 0.03987068159410862 -0.8546203373282729 -0.5177203953623327 114 102 78
1.43153977394104 5.894658088684082 33.261619567871094 -0.03837192980427023 -0.823136935224911 -0.5665449504422724 150 137 105
11.973817825317383 9.5425386428833 28.857580184936523 0.1395780441120379 -0.8607904778750611 -0.48944634312811236 112 106 80
7.791451930999756 8.775837898254395 28.397109985351562 0.23007991646693923 -0.8612060169185722 -0.45319689811583475 75 74 30
10.50661849975586 9.89328384399414 27.75527000427246 0.18608957985624813 -0.8996427499605183 -0.39498555759977066 69 61 32
3.5215604305267334 4.379683017730713 25.67411231994629 0.7345336534465964 0.17031777706702203 -0.6568501859399476 162 139 131
25.635231018066406 4.019687175750732 50.58762741088867 0.24584806041489055 -0.9407306329691291 -0.23363348943107062 97 93 58
2.2331573963165283 5.2134504318237305 26.005155563354492 -0.8067491591440744 0.25823581726275935 -0.53147912179404 90 75 80
-11.758829116821289 4.669795989990234 34.33367156982422 0.028736760659020658 -0.8037373328175103 -0.5942899110890405 138 128 93
10.441115379333496 -5.2424492835998535 69.968505859375 0.14249946003938066 -0.9711553613216536 -0.19118359779199934 131 117 88
-24.745813369750977 -16.971097946166992 92.33731842041016 -0.032839063436533346 0.9172397845015611 0.3969795632524943 148 144 112
13.242925643920898 6.139033794403076 35.95685577392578 0.3657932193744499 -0.8378949398076239 -0.4051263883091966 102 92 80
-4.8215131759643555 -2.7695446014404297 50.25709915161133 0.17717122333336513 -0.9332137178021074 -0.31260600526625804 122 106 81
4.255221843719482 4.569440841674805 35.65005111694336 -0.04217765459037592 0.9749759427859721 0.2182726653565649 168 156 113
-26.16766357421875 -3.796609878540039 49.970619201660156 0.020212242467659694 -0.9143884830023831 -0.4043329907477614 75 64 42
-8.954681396484375 -2.2212297916412354 48.91434097290039 0.1799811693035322 -0.9578495033956949 -0.22389977119406343 71 55 41
10.90707015991211 0.386779248714447 48.69650650024414 0.25704315694274366 -0.9213167832259567 -0.29172624224619154 182 170 132
31.05272674560547 2.4361963272094727 60.58158493041992 0.0023869346484948475 0.9196977283564862 0.39261990652398515 80 67 51
6.142213344573975 5.153248310089111 34.7572135925293 0.134544977671968 -0.8906203176906772 -0.434388188950628 111 98 64
-19.69582176208496 -0.8791890144348145 44.03221893310547 -0.08121081309949785 -0.8875941309189828 -0.453410920241114 120 115 86
9.87952995300293 3.9057350158691406 39.612892150878906 0.18483166519016844 -0.8639859846245097 -0.46836468047392954 117 103 74
-8.647439002990723 4.742557525634766 34.19468688964844 -0.18243124434908567 -0.8604949974891587 -0.4756755200568735 140 127 92
3.029120445251465 6.241851329803467 25.568819046020508 0.28118547555168777 -0.06901126014636268 -0.9571688327101875 205 190 185
22.794029235839844 10.35632038116455 33.088157653808594 0.2560162861723759 -0.7318103922014297 -0.6315925989753945 56 47 40
-13.097748756408691 0.06312613189220428 42.149173736572266 0.027992951766554808 -0.8557171970144856 -0.5166860491488691 111 102 73
17.681377410888672 4.777477741241455 40.99904251098633 0.25818066986867644 -0.8788680183303688 -0.40116548712746014 134 131 90
-9.55363941192627 2.022914409637451 38.79290008544922 0.024733144247254035 -0.921212344914838 -0.388273211994016 145 132 100
-2.695848226547241 6.781149864196777 31.334877014160156 -0.07066362978388219 -0.8899631751799254 -0.4505243592187136 98 83 52
-19.787410736083984 -7.427586078643799 61.03285217285156 0.028534749239283647 -0.9779301188342566 -0.20697451718186877 157 151 117
1.0981413125991821 -9.96019458770752 79.0231704711914 -0.29598647369474657 0.7988440939151031 0.5236794067048149 150 140 105
-12.638361930847168 3.9088261127471924 35.464813232421875 0.08620207099390526 -0.8288840284241219 -0.5527390617459214 141 133 94
1.5262120962142944 -1.9743624925613403 56.60413360595703 0.3059988983878867 -0.9232837036539442 -0.23218931231315473 138 126 91
23.330671310424805 1.9020599126815796 55.05103302001953 -0.11193653891819892 0.9594960332244119 0.2585296375304636 83 73 48
19.30650520324707 8.328699111938477 34.234901428222656 0.12505529365816753 -0.8608425505980125 -0.4932659288943217 60 51 44
-12.561590194702148 6.150410175323486 31.62224769592285 0.06889267949080756 -0.8587369799078477 -0.5077643134873951 124 113 83
-12.219462394714355 -1.529506802558899 45.59636306762695 -0.06256507196756733 -0.9109193474821072 -0.40781313631670224 138 131 102
12.612706184387207 4.436219692230225 38.798988342285156 0.034683882161057 -0.8653961187823977 -0.49988657304892675 117 106 78
12.848640441894531 5.598094463348389 36.999385833740234 0.2603692207522994 -0.8523232396743798 -0.4536000044045526 131 119 97
2.622469186782837 4.281853675842285 25.295129776000977 -0.28653730659081295 0.5723189716251638 -0.7683406579438559 144 120 118
20.807659149169922 6.143893718719482 39.957725524902344 0.14812844520986343 -0.933631465907904 -0.3261751823581412 63 48 41
11.078737258911133 9.414644241333008 28.801782608032227 0.25864041266835147 -0.8031845488474687 -0.5366560513284392 50 36 25
-3.4643044471740723 6.304141521453857 32.05023956298828 -0.22767274894547462 0.8980919639908258 0.3762923645288494 128 120 74
2.3915016651153564 5.20583438873291 25.811859130859375 -0.7209723674523857 0.139680319754415 -0.6787401959832691 79 63 64
-17.412139892578125 -1.4993096590042114 45.22639465332031 0.05806916257808245 -0.9393360680892892 -0.3380469250622383 82 76 54
-10.764507293701172 5.985724925994873 31.712867736816406 0.10690358071687121 -0.8753790986100163 -0.47146904261746236 143 134 93
-3.5798630714416504 -1.9807041883468628 48.268428802490234 -0.2080027795844928 -0.9181273465927549 -0.3373084925163798 117 105 79
-5.587005615234375 6.170147895812988 32.52701187133789 -0.15597257624165098 -0.8216217507039991 -0.5482793578374425 117 106 103
-7.074535369873047 5.89116096496582 32.9429931640625 -0.011059481928982503 -0.8057873296502372 -0.5921017372332246 155 143 105
15.3806734085083 7.617034912109375 33.923789978027344 0.4496464090236845 -0.8914412158793227 -0.05613078908852011 58 52 28
21.809080123901367 5.432117462158203 41.28102111816406 0.11601912288254325 -0.92561390435442 -0.36024778027259513 64 56 45
-10.461775779724121 6.112857818603516 31.571624755859375 0.15729546434939765 -0.8578915146176355 -0.48916284204972704 114 104 68
-11.12864875793457 -0.640332043170929 44.20561981201172 -0.20300983602289754 -0.7599838889554225 -0.6174232705414883 122 112 77
2.2414674758911133 1.9595844745635986 25.069561004638672 -0.6847283801517846 0.0040854734418164255 -0.7287869059755875 127 112 89
1.8463157415390015 7.374462604522705 27.45431900024414 -0.7710735124788648 0.20502848458390244 -0.6028341055901988 109 103 109
-19.777019500732422 -0.8808863162994385 44.178123474121094 -0.07606253918265146 -0.8822268988875194 -0.46463984871338593 109 104 75
9.051462173461914 6.325514316558838 33.34476852416992 0.21661498788247482 -0.8588839269265384 -0.4641081200452364 137 128 96
-8.972066879272461 -2.8601181507110596 50.06147766113281 0.06949303467497754 -0.8981613646779638 -0.43413924163968515 105 93 70
-11.784378051757812 2.7575294971466064 37.404869079589844 0.049456831548165214 -0.8702885083429718 -0.4900529910727832 163 150 115
-2.8364295959472656 8.035512924194336 29.139488220214844 -0.03541926137824131 -0.8404948983268032 -0.5406605236283084 99 85 58
26.20766258239746 -6.010571002960205 80.44090270996094 0.2750956325394338 -0.9146418770681365 -0.29623070345763636 102 85 76
8.122461318969727 2.884587287902832 39.4103889465332 0.15646945867205103 -0.8885167955692176 -0.43134117876025346 115 97 75
17.519155502319336 7.102027893066406 35.85410690307617 -0.12538336429181562 0.9550392738638056 0.2686614920984421 115 116 75
-25.43358612060547 -3.7039687633514404 49.59859848022461 0.07286331380111477 -0.9473872656016272 -0.31168623081200103 90 84 60
22.741661071777344 8.1293363571167 36.76512908935547 0.3211511866574795 -0.8663523508655095 -0.38248597289089903 88 80 77
-17.856016159057617 0.14337225258350372 41.770442962646484 -0.037963506688043894 -0.8450653338480931 -0.5333135603827805 109 102 73
-1.1259576082229614 6.488117694854736 31.942737579345703 -0.21046049256197008 0.9382816610810963 0.27447022707293983 65 61 52
15.284285545349121 6.208530902862549 35.85416030883789 0.1611718507073448 -0.7975409886578667 -0.5813363965469586 70 58 39
-8.541326522827148 1.4556208848953247 39.85020065307617 -0.09789460470103468 -0.8302299084718766 -0.5487576381693543 108 102 76
5.892927646636963 2.3199808597564697 39.88649368286133 -0.06285087225956856 -0.8325944759823896 -0.5503055573223131 108 92 56
-14.900906562805176 4.070931434631348 35.14374923706055 -0.07104365199562562 -0.858885234255603 -0.5072168706666035 123 114 83
1.9612114429473877 5.0441508293151855 26.323877334594727 -0.9244885732001891 0.03831996128665523 -0.37927886652075393 135 118 98
-10.566265106201172 5.889275074005127 31.876386642456055 0.08957858700731135 -0.8499413613588854 -0.5192064704924025 121 117 72
-22.466028213500977 -14.145888328552246 86.2568359375 -0.03687137920696843 0.9129086689102837 0.40649509667870515 96 84 60
-9.295433044433594 4.867732524871826 33.673980712890625 -0.18071181845926934 -0.8499272405915353 -0.4949413342706412 156 142 107
-9.15538215637207 -5.838586807250977 57.61056137084961 0.010800239006334054 -0.9619584225162592 -0.2729823221152545 164 162 121
-2.1266472339630127 4.374683380126953 35.89472579956055 0.05697262793274295 -0.7238723050290793 -0.6875776361097884 99 78 57
-22.275375366210938 -8.69676399230957 66.13484191894531 0.014681616281660679 -0.982440698433793 -0.18599657040999262 141 138 103
-21.3426456451416 -4.143859386444092 50.608238220214844 0.0996574547385458 -0.9107597212336317 -0.400730734899973 133 127 95
-11.161886215209961 -1.7529608011245728 46.02463912963867 0.051386960688480074 -0.9050765943342414 -0.42213237101593115 97 90 73
-14.078713417053223 -0.24961696565151215 43.772159576416016 -0.08271759767326257 -0.9092178124590601 -0.4080205491667374 134 133 144
-21.047592163085938 -14.52713394165039 87.7476577758789 0.018391067997429112 0.9004552369766041 0.4345597022496698 109 102 73
-12.157830238342285 0.08454789966344833 42.772193908691406 -0.20759429326693923 0.8866393720143401 0.41324960181108084 126 112 85
24.772687911987305 10.764581680297852 33.720157623291016 0.4532141514568224 -0.6859195067216711 -0.5693077930416655 61 47 46
-5.8853373527526855 0.2846030294895172 42.60186004638672 0.1300093235550458 -0.9257191215092748 -0.35516430544306626 110 99 67
12.942778587341309 -1.9751498699188232 56.715938568115234 0.46923969431410917 -0.7649966982157048 -0.44112828179461666 113 97 71
13.90407943725586 6.7000651359558105 34.77474594116211 0.1501763689734275 -0.9375152315255335 -0.3138666099787977 106 104 66
-0.6220768094062805 6.791439533233643 32.239566802978516 0.05917309401636656 0.9697491711709243 -0.23682290843124867 59 53 38
24.272890090942383 9.17277717590332 35.60749053955078 0.3761792020688951 -0.7375296300380184 -0.5608379915330216 45 38 30
1.532345175743103 6.406190872192383 28.536684036254883 -0.995416623481527 -0.048428491203736386 -0.08246470115367831 186 174 143
-5.628815174102783 -3.6132092475891113 52.301185607910156 0.14123431948984355 -0.9349847431809403 -0.32535580065078223 143 129 103
3.0815587043762207 3.5710155963897705 37.49939727783203 0.08095341385991771 -0.8431820191744759 -0.5314984734928959 154 140 105
-2.9293277263641357 0.2614368498325348 42.572025299072266 0.018223154743828334 -0.9007208502525136 -0.4340159749958192 144 130 103
7.513701438903809 7.648329257965088 29.863494873046875 -0.130161953597658 -0.7566214760632383 -0.640766578244783 150 141 146
15.723772048950195 1.2070385217666626 48.360687255859375 0.061217540469904956 -0.947010979804081 -0.31531352154534986 136 127 78
15.778095245361328 9.498270034790039 31.02870750427246 0.24979575966341402 -0.7814887025235937 -0.5717320056478973 65 66 34
1.15692138671875 0.9508737325668335 42.19904327392578 0.14057989223797968 -0.9178861354444557 -0.3711096014079943 107 89 65
-6.785231590270996 1.5724620819091797 39.65959930419922 0.07952298065131913 -0.8708791860608668 -0.4850211735937845 116 103 87
-4.9952850341796875 7.790680408477783 29.395889282226562 -0.1789899153105129 0.944185080848644 0.27654501138146564 154 148 88
20.322961807250977 4.7164225578308105 42.83916091918945 0.3225599730054196 -0.8328384281113337 -0.44981686993240455 36 32 23
-2.108485698699951 3.973703622817993 36.19281768798828 0.0474338895463462 -0.8604896207834942 -0.5072550035695885 118 97 76
-15.929959297180176 -5.78234338760376 55.02638244628906 0.08980557761709512 -0.9254288762184543 -0.3681254586277728 151 141 106
14.048182487487793 5.079705715179443 38.04973220825195 0.2391710127274557 0.7448557970380191 0.6228860797046125 117 96 91
9.234502792358398 -10.051515579223633 82.84793090820312 -0.09915641621997814 0.9244464493862815 0.3681939262664547 151 149 111
11.159537315368652 6.076775550842285 35.02588653564453 0.2563590022281865 -0.8903073503976333 -0.37634144577034584 92 86 54
-10.888545989990234 -1.5048848390579224 45.86320114135742 0.15593741058728117 -0.8918270775809107 -0.42465042996896374 135 128 99
2.334256887435913 1.3359497785568237 24.07366180419922 -0.8986328733480998 0.2292115579071566 -0.3740601832057402 97 85 51
5.875581741333008 8.235967636108398 29.05645179748535 -0.10576715729032815 0.9348872966558679 0.338820086462131 139 132 115
1.6749565601348877 -18.420089721679688 108.11376953125 -0.12968020840480524 0.879824353712622 0.45726595123872193 115 98 83
-4.3660478591918945 1.4449992179870605 40.27108383178711 0.0862017809254932 -0.8756846616981996 -0.47512695801415333 108 87 66
12.804919242858887 -5.652606964111328 72.52317810058594 -0.06975264228017752 0.9416561219507034 0.32926936828028147 161 148 114
-1.2056866884231567 0.752105712890625 42.1016731262207 0.08874107317888778 -0.9208362550342308 -0.3797178075170986 119 103 87
-1.3444843292236328 7.058182239532471 30.859750747680664 0.11348836936709186 -0.8497542746805626 -0.5148184754653908 147 134 99
2.5640976428985596 2.7504212856292725 24.69524383544922 0.17633453096030569 -0.7775214524542547 -0.6036278026768109 180 165 160
-26.930328369140625 -5.1185197830200195 54.5675048828125 -0.07185446979220132 -0.9219092896119061 -0.38068385426512674 135 129 95
-31.338539123535156 -17.40309715270996 94.21099853515625 0.008801793095668486 0.8962407609845328 0.4434805821996791 152 149 116
15.184834480285645 -7.348148345947266 76.88292694091797 -0.2562414879667782 0.8716758913008266 0.4177576335262839 105 88 72
8.795272827148438 6.685993671417236 32.736488342285156 0.11868732770366344 -0.8416932963427405 -0.5267501429845602 112 106 70
2.536653518676758 4.697882175445557 35.760704040527344 -0.018908092129382024 -0.8845897788984015 -0.4659864881308294 126 112 73
-6.057127475738525 -2.4073550701141357 48.47285461425781 -0.08265693841972444 -0.9063063842854142 -0.41445936873784955 129 115 94
7.670952796936035 4.752072811126709 35.974300384521484 0.073083062595201 -0.8740181389686007 -0.4803656510571605 93 81 45
-15.946566581726074 -3.056792736053467 48.53529739379883 -0.09505972251673937 -0.8687092645641833 -0.48611507157811534 97 94 61
-12.802616119384766 2.3037657737731934 38.2883415222168 -0.039682454953988255 -0.916754268999006 -0.397475676036815 123 113 77
32.398128509521484 3.9181013107299805 54.74037551879883 -0.08703043092213664 0.9774242918450369 0.1925291089802681 63 52 48
3.3229572772979736 1.9937894344329834 40.65865707397461 -0.1470982838512109 -0.8702750384775173 -0.47008877064974014 121 99 79
14.05517578125 7.474727630615234 33.717979431152344 0.17883803289815964 -0.8353039229192879 -0.5198887518929074 79 75 40
-11.664128303527832 -3.6806344985961914 51.012474060058594 0.1428004577018817 -0.9161019817869568 -0.3746534241751224 163 158 128
-7.899454593658447 8.747838020324707 27.530668258666992 0.06609268694711941 -0.8950246291433077 -0.44109258660625267 107 96 64
-9.372455596923828 7.192009449005127 30.05276107788086 -0.2050737806104182 0.8403896173653264 0.5016871889242445 94 85 54
19.84255599975586 -4.72331428527832 74.26311492919922 -0.2138457599632624 0.916898316330728 0.33699772767128644 132 118 92
28.682308197021484 4.240381717681885 51.841609954833984 0.17319534555615052 -0.9533322473362378 -0.24730749779682004 65 57 44
27.398643493652344 8.62227725982666 38.962623596191406 0.40539242569019657 -0.7294404137684792 -0.5509751935924955 57 49 39
17.354890823364258 5.7032623291015625 39.28435516357422 0.28437518411495616 -0.8879849192123973 -0.3614049500365714 95 80 63
-13.460227966308594 -1.1494759321212769 44.794803619384766 0.011811987144351279 -0.9334383831035651 -0.35854324970455614 124 118 88
0.39361175894737244 7.97392463684082 29.485450744628906 -0.10168850021178001 0.9406743894089364 0.3237145996627323 56 53 34
-18.08713150024414 2.3015084266662598 38.40619659423828 -0.009269338293862494 -0.9066904206262969 -0.4216948665944406 158 153 124
4.5015153884887695 5.880132675170898 32.97004318237305 0.07589704511006126 -0.9339946667332671 -0.3491326410655048 128 117 89
3.802037239074707 6.308404922485352 26.15583610534668 0.5870829180397465 0.38467596666930426 -0.7122907047076865 162 143 138
15.946203231811523 4.166812419891357 41.129173278808594 0.40513533440551636 -0.8162521239236636 -0.4118225722398419 125 109 91
0.8177014589309692 6.1793532371521 32.73579406738281 -0.1969556182289767 -0.877905797313096 -0.43645148125776584 192 178 139
2.878196954727173 0.8847442865371704 43.01340103149414 -0.21051853449273086 -0.912157324765768 -0.35164038663269354 84 65 50
4.807688236236572 8.841286659240723 27.9334774017334 0.7872658242896438 0.22219832898083244 -0.5751872951514775 167 155 129
11.03695297241211 9.050625801086426 29.336700439453125 0.23417878183013371 -0.8517185258409846 -0.4687599075004328 64 56 25
-20.673778533935547 -8.049985885620117 63.67913055419922 0.03628429691838128 -0.9838438952954014 -0.175312975809294 132 126 92
-2.0460925102233887 1.6792923212051392 40.57525634765625 0.03074075156210638 -0.7975667412569976 -0.6024469266533695 102 91 64
-5.935812950134277 0.475001722574234 42.02132797241211 0.1024580189287012 -0.9165899257267195 -0.3864780231960072 153 142 112
9.472073554992676 -8.077634811401367 75.94986724853516 -0.1453420994746066 0.8968548816173892 0.41776428214888384 110 96 69
2.6949262619018555 3.442237615585327 24.8466854095459 -0.4988761588726293 0.26085279274925977 -0.8264855707290981 140 117 109
25.523176193237305 12.745821952819824 32.076934814453125 0.3645529714410142 -0.768809342226974 -0.5253887382862854 63 59 50
0.5390751957893372 7.975493907928467 28.901304244995117 0.01414521479182473 -0.8720519537547404 -0.4892088540194596 68 60 40
7.78527307510376 7.64497184753418 29.873016357421875 0.3064150173081644 -0.6920461272679537 -0.6535916117128984 18 13 14
11.144076347351074 7.708327770233154 31.88589859008789 0.21185272941672306 -0.9113284313499863 -0.3529857096992142 113 111 63
-29.048131942749023 -10.943397521972656 80.05322265625 -0.025013385087256403 -0.9356930732727924 -0.35192726975298927 125 119 85
-12.438239097595215 6.745777606964111 30.368764877319336 -0.00015210109544294345 -0.8336874388588111 -0.5522365717283607 161 150 118
19.37971305847168 9.524600982666016 32.335838317871094 0.2884031585486278 -0.7723104420321558 -0.5660037095879074 40 29 25
-11.3691987991333 -5.641703128814697 55.87628173828125 0.07543892124510936 -0.9541111535500321 -0.2897945407229084 155 151 113
41.96025466918945 11.757696151733398 41.812171936035156 -0.09660137489291057 0.8917795927250398 0.4420377046904048 57 48 41
23.195444107055664 -0.42664793133735657 62.531768798828125 -0.0527618393607632 0.9711794629670103 0.23243631174663468 76 64 40
-24.07827377319336 -2.0646560192108154 46.410888671875 0.020293802347881296 -0.9194122011976181 -0.39277139136552974 36 30 7
23.589807510375977 -0.060175392776727676 59.42942428588867 0.2649441642381352 -0.853875500352338 -0.44799689701403145 91 78 62
8.8453369140625 8.044473648071289 30.263246536254883 0.41985543871777226 -0.7230179632225275 -0.5486040789464238 137 135 91
-17.928281784057617 -12.040787696838379 81.48675537109375 -0.04629817848281312 0.8877130991842781 0.45806324040007534 153 142 114
-10.206707954406738 6.786313533782959 30.395944595336914 -0.10567264298489998 -0.6952002529747379 -0.7110062593173468 162 152 115
-9.229901313781738 6.085894584655762 31.66851043701172 -0.20320116034991487 0.89910295752072 0.3877153081965475 111 107 62
-6.5443925857543945 5.318378925323486 33.76355743408203 0.012970790220061278 -0.7083728268745322 -0.7057192761621659 107 94 75
-7.314675807952881 7.7480788230896 29.405046463012695 -0.04512239511606859 -0.7683452589475416 -0.6384430534603884 79 65 36
4.073583126068115 6.437169551849365 26.541427612304688 0.649785165259507 0.45225237962833514 -0.6109394602816087 166 146 139
-15.038408279418945 6.208935737609863 30.927810668945312 0.02950067065258973 -0.9175668577960433 -0.39648552546762966 143 132 102
1.9445439577102661 7.533706188201904 27.33701515197754 -0.7555624209051034 0.27892196200369623 -0.5927292528870399 97 87 95
16.57215690612793 8.0057954788208 33.887184143066406 0.04249311634136891 0.8777147540306353 0.477295658497477 56 50 36
13.110179901123047 7.901458263397217 32.818443298339844 0.19369724943412445 -0.8561178180962943 -0.4791071457405905 83 76 48
13.12582015991211 4.020390510559082 39.9771842956543 0.2555230564464052 -0.897087201398287 -0.3604754093023218 73 60 41
-7.29561185836792 0.42321252822875977 41.81761169433594 0.2048905810019941 -0.8751083296257144 -0.4384122047073476 142 128 102
12.874459266662598 -1.1379599571228027 55.670654296875 0.4921496898082217 -0.7415433184680021 -0.4559629257485021 105 95 60
15.737333297729492 5.552646160125732 37.93679428100586 0.09625683920602641 -0.8717887074173073 -0.48033225014121833 70 54 39
-7.290741443634033 4.025265693664551 35.605743408203125 -0.17673142469233669 0.8749005169184757 0.4509047449539664 106 93 73
-0.16423991322517395 5.798643112182617 33.286643981933594 0.13026965848383357 -0.8660112163273331 -0.48275707066158846 177 158 125
-2.7018964290618896 6.1767578125 32.285091400146484 0.1988263131934793 -0.8362421500579913 -0.5110451679140269 143 128 97
-6.124692440032959 7.277181148529053 29.902307510375977 -0.21995911368700294 -0.7893476028259457 -0.5731913731197995 158 154 109
2.669670820236206 -0.5506690740585327 45.144046783447266 0.007086837212970723 -0.9145483159525083 -0.404414582485285 124 105 90
3.673611879348755 5.6167168617248535 26.07512664794922 0.4334315676122025 -0.3721417147371127 -0.8207603915575791 177 165 165
16.100675582885742 5.713733196258545 37.828956604003906 0.2935176882183561 -0.7709186534435079 -0.5652714361046385 65 52 43
4.613514423370361 8.280197143554688 27.539865493774414 0.6999579405831401 0.17243289861513786 -0.6930553923675876 100 85 78
16.053539276123047 -2.4294047355651855 61.64274215698242 0.5520236432101221 -0.7218843768585319 -0.4173162395409412 149 138 110
-9.65052318572998 5.75562858581543 32.160675048828125 0.05010267774454544 -0.8730303608399596 -0.4850852613041095 153 147 100
10.3189058303833 -7.768719673156738 77.70790100097656 -0.2554562426909976 0.8804290688144828 0.3994831196141595 109 95 69
-11.261948585510254 2.5632221698760986 37.86875534057617 0.013679079021562197 -0.8772017309682879 -0.4799270840277313 141 131 96
-7.02964973449707 0.6315964460372925 41.96921920776367 0.031035454341679678 -0.939111480256731 -0.3422081650455128 132 121 89
4.578413486480713 5.79483699798584 32.46683883666992 -0.28414344606898195 0.9579728077878846 0.03937767889351048 165 151 124
13.405915260314941 7.558892250061035 33.2566032409668 0.1773943488413498 -0.7746093346709015 -0.6070515823551214 121 116 74
13.589204788208008 4.325303077697754 39.51517868041992 0.32338991074088586 -0.8873774603461917 -0.32860342131594694 124 113 85
-22.064451217651367 -10.194390296936035 75.4439697265625 0.0764905807211106 -0.9614723839612299 -0.26404553762723615 141 132 101
-5.412466049194336 2.7284722328186035 39.16934585571289 -0.6859458595855434 0.7272582180255633 0.023953330284787095 90 75 65
38.641136169433594 9.548120498657227 44.22184371948242 0.2589051347888484 -0.8754766622700252 -0.40805483087509825 48 44 35
1.7797199487686157 5.556138515472412 25.111942291259766 0.7889448501567238 0.46279650687900853 -0.40420961966753405 154 143 145
6.839291095733643 -0.5042445659637451 48.733741760253906 0.1384740074797249 -0.9226693637164555 -0.35986969101547905 124 114 78
-13.850330352783203 1.0664697885513306 40.68651580810547 0.08626630256980164 -0.837515778240623 -0.5395604194517413 119 108 78
16.338287353515625 4.9601240158081055 41.70344924926758 0.2658152576570656 -0.8958252149726142 -0.3561452414619312 0 0 0
33.386024475097656 8.511829376220703 43.5093994140625 0.25617043326967054 -0.9137768341980842 -0.3152595857406345 60 53 45
-5.047520160675049 4.60837984085083 34.864166259765625 0.10215300931224312 -0.843705068456022 -0.5269976471959547 177 159 157
19.50240707397461 3.5397799015045166 44.220115661621094 0.206870635438701 -0.932842951892949 -0.2949721466458107 38 38 25
9.40125560760498 2.828296422958374 40.830772399902344 0.2787612362555919 -0.8763758073238687 -0.3927564353370825 142 126 110
-8.793596267700195 6.419281005859375 31.3505859375 -0.2815966104061291 0.802928099962498 0.5253663629300903 68 63 21
2.5570027828216553 1.5185208320617676 24.561519622802734 -0.7370703330479333 0.6526778649841768 -0.1753252083994345 219 212 204
-2.709437847137451 -8.27428913116455 76.00958251953125 -0.12392841895604251 0.938906967955963 0.32108480577379533 165 154 122
-6.448210716247559 6.572906494140625 31.682889938354492 -0.07702971036828436 -0.8622934065325887 -0.5005162382690509 167 160 100
13.058515548706055 7.079519748687744 33.941707611083984 0.03543062460253444 -0.8754919984432528 -0.48193197808623733 107 103 66
-11.494691848754883 0.9402176737785339 40.66914367675781 -0.009740937930494516 -0.8722558081883554 -0.48895288035751816 116 106 71
24.685110092163086 2.222892999649048 55.248756408691406 0.16285274197220925 -0.9446901395615285 -0.2846744186739525 68 52 36
5.749699115753174 6.230792045593262 33.37969970703125 -0.04487581374728816 -0.894979099906374 -0.44384521183774794 158 150 98
12.795973777770996 5.253412246704102 37.86659240722656 0.5273761267924427 -0.7883705399886788 -0.31677486100914065 96 95 51
30.02178192138672 14.120506286621094 32.221927642822266 -0.03775640539109617 0.9045558553690585 0.4246800658960748 51 43 41
1.806865930557251 -3.865825653076172 57.29533386230469 -0.833935895969559 0.32876675073116474 0.4432418583878567 86 74 44
-10.140557289123535 -0.47422492504119873 43.390846252441406 -0.1534936881290956 -0.5132236088684249 -0.8444176780507369 112 105 76
6.136667251586914 7.341802597045898 27.536191940307617 -0.06337233666847586 0.502400467611631 -0.8623095251061488 0 0 0
-0.855370283126831 2.8637003898620605 37.94013214111328 -0.05015775573935183 -0.9045944233428149 -0.42331209384598417 129 109 82
22.22665023803711 11.4595365524292 30.694578170776367 0.4299208318509753 -0.7502219280413133 -0.5023297094802773 52 41 35
-12.32679557800293 6.126413822174072 31.45570945739746 -0.041101796604316024 -0.9014700377709154 -0.4308856151198387 97 86 56
6.857737064361572 0.8340868353843689 42.73172378540039 0.08630796130946798 -0.9188422447954305 -0.3850712466465105 91 73 53
0.545109748840332 8.203666687011719 29.073856353759766 0.01414521479182473 -0.8720519537547403 -0.4892088540194598 134 125 94
-7.273235321044922 6.420765399932861 31.541748046875 0.062387983861623066 -0.9019104000722281 -0.42739369404711136 130 121 80
-7.680080413818359 3.124863386154175 37.014991760253906 0.09538532866900992 -0.8374713437587054 -0.5380923595979534 104 92 66
-6.159698486328125 8.059550285339355 28.75722885131836 0.24828081093849577 -0.7975660115578195 -0.5497682203687979 122 111 77
-4.451076507568359 -2.117034912109375 48.84090805053711 -0.04032588438844555 -0.924536745416965 -0.37895333409550014 106 89 69
-13.974687576293945 -1.5620012283325195 45.87478256225586 0.013434381434835987 -0.9096211574290035 -0.415221467837326 93 81 57
-4.785702705383301 7.307179927825928 31.32545280456543 -0.09744983133058306 -0.714994669959716 -0.6923049561449331 175 166 123
-7.4771881103515625 6.06452751159668 32.39575958251953 0.14917926730478132 -0.8111483388859579 -0.5654944018546604 136 129 76
-12.554394721984863 6.333037853240967 31.083269119262695 -0.09770687571228896 -0.8962489587280383 -0.43265594924541423 140 134 98
11.30411148071289 8.139155387878418 30.951379776000977 0.3780698291635925 -0.5065301483398194 -0.7749131648765898 120 117 71
8.820865631103516 5.625794887542725 34.592628479003906 0.12973827356034362 -0.9088289998093622 -0.39648181481512546 121 105 82
14.60392951965332 -0.3794102072715759 54.65361785888672 0.37502511911918435 -0.8888986782371536 -0.2630880078184552 163 151 111
-13.775779724121094 1.4966676235198975 39.628421783447266 0.1257486325123628 -0.9159045396935631 -0.3811904453025989 118 106 69
6.472628116607666 1.0589709281921387 42.16926193237305 -0.02598638857739085 -0.8364046663658196 -0.5474960654563528 116 95 74
-7.208224773406982 8.2809419631958 28.36745834350586 0.026967436184356503 -0.8265990682032935 -0.562144765902067 111 96 65
12.92043399810791 6.45164680480957 35.22024154663086 0.18633935621453024 -0.8785465457453683 -0.4398108812710696 98 87 57
-4.860842227935791 6.498005390167236 31.498258590698242 -0.035821148490150834 -0.8346286676175052 -0.5496470071890457 110 104 70
-12.863173484802246 -2.557084560394287 47.61166763305664 -0.01347973345805262 -0.8315648340230406 -0.5552641025693384 104 99 69
-19.788808822631836 -3.16721510887146 49.10150146484375 -0.07064755813647938 -0.9190799831394462 -0.3876866094176428 144 136 122
3.514249324798584 8.012700080871582 26.684062957763672 0.6012384261357842 0.2885387325830628 -0.7451561948592558 143 124 119
3.1601593494415283 2.6809017658233643 24.532699584960938 0.07823371244824248 -0.30548681737670247 -0.9489769705559872 199 180 174
-4.915767192840576 -12.950660705566406 85.220703125 -0.06032701972524766 0.8917139765111596 0.4485608484762401 153 142 112
-20.94671630859375 -4.952486038208008 54.06639099121094 0.08163485952395069 -0.942206019947959 -0.3249362486463012 140 134 100
-3.30865478515625 5.096065044403076 34.18860626220703 -0.005241644616996805 -0.8551934212350764 -0.518282488067998 100 82 68
-7.905427932739258 2.0500223636627197 38.79410934448242 0.04329361070420275 -0.867197053271767 -0.4960795642525068 147 134 99
-6.000516891479492 3.80690860748291 36.078739166259766 0.10598750676248107 -0.8680154821482565 -0.4850935694906731 138 125 109
-10.56489372253418 5.888193130493164 31.873525619506836 0.08957858700731135 -0.8499413613588854 -0.5192064704924025 143 139 94
19.90888023376465 3.648961305618286 45.200313568115234 0.3324413406643106 -0.9281064890125601 -0.16763382734428717 96 96 60
1.3186206817626953 3.9952025413513184 36.61392593383789 0.05376535169045316 -0.8809365666311795 -0.47017023781782624 125 108 78
-6.797148704528809 4.149965763092041 35.49980545043945 -0.009058206291997828 -0.8774852693794831 -0.47951804024539857 116 104 80
-4.5501708984375 -1.3810627460479736 46.85628128051758 0.05723183292294579 -0.8831721878166452 -0.4655442019480435 143 132 104
-4.557976722717285 7.824296951293945 29.157865524291992 0.018358546657242396 -0.9177618861577586 -0.3967065465565037 131 119 72
-22.580751419067383 -3.5701286792755127 49.722686767578125 0.023928824490591073 -0.8345033087163356 -0.5504830961073978 91 85 59
3.5301570892333984 4.912034034729004 35.54942321777344 -0.03597538551052779 -0.7995945257561763 -0.5994617302364886 131 119 79
5.703874111175537 7.0126261711120605 32.722991943359375 -0.14385455049376297 -0.8435580268622583 -0.5174125275043995 101 101 49
1.0790727138519287 -2.436863899230957 55.96702194213867 -0.5318988052526344 0.712419474310228 0.4577577455318024 53 49 40
18.61629867553711 10.568364143371582 30.515695571899414 0.3440385887248578 -0.6627306845217291 -0.6651507267240775 63 51 51
-8.295079231262207 6.353511810302734 31.52631378173828 -0.31702934267521166 0.9009195914603598 0.2963718704698904 117 107 72
2.5990986824035645 6.421443462371826 25.876972198486328 -0.7223408444531085 0.27234693081901046 -0.6356499458886432 90 71 77
-9.893728256225586 5.673741340637207 32.325469970703125 -0.10797013244328169 -0.8802936042416869 -0.46198010869664075 127 123 76
-4.341034889221191 6.936289310455322 30.805355072021484 0.07145856632087287 -0.8534295991953397 -0.5162863474048555 99 88 56
-7.314960956573486 7.706836223602295 29.355260848999023 0.008880424005369992 -0.7506153432355046 -0.6606797594666651 102 88 59
-2.612967014312744 8.289329528808594 28.793537139892578 0.004596926090437944 -0.8591033965049747 -0.5117814205147894 109 97 55
-5.020931243896484 6.121892929077148 31.055938720703125 -0.9793354497392732 -0.19842657180583273 0.039102077762701394 109 99 107
1.424617052078247 2.512532949447632 38.885963439941406 0.2089511111984946 -0.8040800280761524 -0.556592078256571 172 155 129
33.97789001464844 9.64647388458252 42.0897331237793 0.22023795766558932 -0.8963025016313376 -0.3848857851008475 62 51 47
-5.832367420196533 5.950131416320801 32.74694061279297 0.2320351373166877 -0.8299250478786748 -0.5073303755483256 181 173 125
-13.660882949829102 4.973902702331543 33.345184326171875 0.055760514969627195 -0.9334180698681455 -0.35443119475287066 106 97 66
-0.8027330040931702 2.168534994125366 40.29969024658203 -0.018288078055480102 -0.8761461558400481 -0.48169851547180714 123 107 82
11.959362030029297 9.1138916015625 29.48879623413086 0.1357520351072075 -0.8609524551750073 -0.49023693750305924 50 43 27
36.21910095214844 7.665761947631836 47.6044921875 0.22620979767202434 -0.9012416740777911 -0.3695843237241562 42 34 31
-11.641095161437988 2.3050734996795654 38.15821838378906 -0.031584408511993345 -0.8355455326499373 -0.5485126142648683 116 107 68
-5.021905422210693 4.3426899909973145 35.47592544555664 0.06602835501033429 -0.8421044235856079 -0.5352573176633648 85 72 56
7.992917537689209 6.937443256378174 32.14320755004883 0.2887493762553994 -0.8457303631553194 -0.44873594746720513 125 106 98
16.4033260345459 8.54131031036377 32.939598083496094 0.024013263220971505 -0.8238373673791733 -0.5663173627033108 67 62 43
-16.420331954956055 -11.682319641113281 82.16197204589844 -0.015795241714635807 0.9146117284017301 0.40402462376589854 124 113 85
9.83733081817627 -8.968589782714844 78.30801391601562 -0.144443545458751 0.8646242829371631 0.4812077633732669 141 128 96
1.6218712329864502 6.300302028656006 32.65351867675781 0.12594757220521566 0.959006594770892 0.25385736199990344 169 149 122
-7.6058430671691895 6.308966159820557 31.935943603515625 -0.14898375292807614 0.9087925286622787 0.38974348129389813 110 102 55
19.0413761138916 10.625560760498047 29.85755157470703 0.5855422482732775 -0.7203092298438615 -0.371880207713207 66 50 53
-7.050974369049072 7.597901821136475 29.449745178222656 -0.164457391347447 -0.8127596155198161 -0.5589056931283427 114 100 71
10.38174057006836 3.8256871700286865 39.28936767578125 0.31208922770456804 -0.8477336845521358 -0.4288914944673386 101 89 63
-9.664539337158203 -6.004096984863281 58.39342498779297 0.04547243261925087 -0.9514921069339908 -0.3042943119974523 131 126 84
-1.0969171524047852 -5.273273944854736 58.00642395019531 0.14356051090343344 -0.9063846839123819 -0.3973124519546256 120 105 76
36.02875518798828 5.399240970611572 52.48308563232422 0.23276029769931275 -0.9097155527342445 -0.3438608103991435 43 40 33
29.62712287902832 10.849895477294922 36.865360260009766 0.1870826514248801 -0.8176050887807536 -0.5445383368833211 23 15 13
2.0719263553619385 3.8110837936401367 36.861881256103516 -0.004544699007641382 -0.8713755509264062 -0.4905955513033438 127 107 82
-1.0204572677612305 7.059372901916504 31.053359985351562 0.08409142049783562 -0.8442642563994583 -0.5292886720542254 62 58 39
-26.17746925354004 -3.7960803508758545 49.988643646240234 0.020212242467659694 -0.9143884830023831 -0.4043329907477614 78 73 44
-15.447918891906738 -6.112132549285889 57.12758255004883 0.010936246412720969 -0.9345437780015593 -0.35568008872155416 132 128 93
16.323728561401367 7.68257999420166 34.474796295166016 -0.003445140911676693 0.868373935693501 0.49589801251091753 60 61 39
-9.725030899047852 0.649137556552887 41.275848388671875 0.11297447744985385 -0.7841185234978819 -0.6102416804450789 113 102 75
1.5199955701828003 7.022083759307861 27.406352996826172 -0.8259735138403952 0.13608380352044427 -0.5470365187568007 59 51 48
2.6317672729492188 7.386091709136963 26.187755584716797 -0.697966441687405 0.2981086616184502 -0.6511329143472004 142 133 138
28.704214096069336 13.904288291931152 32.57638168334961 -0.18640523396959865 0.9057257352962628 0.380675690280826 45 38 37
1.9716256856918335 6.052026748657227 32.9390869140625 -0.11846397631010332 -0.9322509455894349 -0.3418690696222802 165 151 116
8.474861145019531 7.386215686798096 31.028512954711914 0.31310421967525165 -0.8883723132556766 -0.33579812486419464 113 107 75
-9.370871543884277 8.214818954467773 29.621051788330078 -0.4193230925052416 0.7766884980381984 0.47002459627875603 122 108 82
-11.165366172790527 7.726606369018555 29.216121673583984 0.02354975461510077 -0.875373724755718 -0.4828729139896637 148 138 103
1.9860044717788696 5.059484004974365 26.29878044128418 -0.9350787845169172 0.06324635279446081 -0.34875143813977777 154 144 106
-6.706541061401367 3.3627395629882812 36.85672378540039 0.07888833863089087 -0.8489722443624024 -0.5225157972064801 95 80 62
36.24173355102539 11.766190528869629 38.61917495727539 0.23225611047036981 -0.8787243775617254 -0.41701386958701187 68 57 58
-5.852884769439697 8.244036674499512 28.649747848510742 0.07135124616822835 -0.8245117877764856 -0.5613281673743655 127 114 82
-5.792285919189453 7.103031158447266 30.29768943786621 -0.16838451074347763 0.8950896957986609 0.4128693413378384 120 119 73
8.071606636047363 5.511531352996826 34.45606231689453 0.145816727047674 -0.9407234700209535 -0.30623003618985545 108 97 67
16.96866798400879 1.4821393489837646 50.616363525390625 0.27854736090839094 -0.9277101043086515 -0.24852631670429004 163 154 108
-9.715044975280762 -1.5375680923461914 47.42744064331055 -0.2213871694915302 0.9081762129218297 0.355251583342695 167 158 126
3.93697452545166 5.889641761779785 26.109344482421875 0.6293749856190203 -0.09540638134485432 -0.7712228924738543 144 130 130
8.904165267944336 8.198320388793945 30.070711135864258 0.16802653877909038 -0.7205620145937941 -0.6727239146859961 87 85 37
5.025063991546631 -7.312342643737793 73.84977722167969 0.16956493776030385 -0.9523431153413496 -0.2535553638641411 108 95 60
2.0747342109680176 4.331614017486572 25.86261749267578 -0.7913872367982204 0.24733884555420915 -0.5590435912456094 93 77 78
18.010040283203125 5.428687572479248 39.85875701904297 0.22684543578518498 -0.8777091563980393 -0.42209925969903256 78 62 47
-18.173879623413086 -10.401247024536133 79.3056869506836 -0.015849684366140603 0.8953020024402356 0.4451776184086505 128 117 89
12.136731147766113 3.575680732727051 39.81126403808594 0.33717402092732757 -0.8389949023941307 -0.42708457402294636 111 95 72
-14.047956466674805 6.212161540985107 31.129364013671875 0.049408641709829865 -0.8781299679552929 -0.47586399895687204 162 151 124
-4.864917755126953 8.038643836975098 29.457691192626953 -0.05391030508070811 -0.9227324182587516 -0.3816524116266804 130 122 76
4.194734573364258 5.573619842529297 33.78678894042969 0.036103810641551395 -0.8953953588168838 -0.4438058880483035 133 120 86
6.653852939605713 8.332525253295898 28.99188232421875 0.19487173080453118 -0.7776806278875319 -0.5976937757260825 140 120 110
-14.362184524536133 0.7241176962852478 41.01655960083008 0.012830818866674006 -0.8642020596864824 -0.5029812820780232 104 93 61
10.198025703430176 3.309873104095459 39.626548767089844 0.242457983405365 -0.9084860062517353 -0.3403928652715501 122 100 86
-9.708027839660645 -3.3273262977600098 51.02619934082031 0.11726680238573779 -0.8984586854010532 -0.4231081276525368 163 155 108
-12.612127304077148 3.3021023273468018 36.481719970703125 0.004392951463168753 -0.8730803668570912 -0.4875565351691324 116 110 76
5.811704158782959 5.922488212585449 33.231658935546875 -0.04487581374728817 -0.8949790999063739 -0.4438452118377479 95 84 52
-4.974520206451416 -6.041437149047852 59.742103576660156 0.13642629845336204 -0.9507202809491755 -0.2784220043068341 108 94 65
20.107370376586914 0.613013505935669 56.76937484741211 0.20071432340383197 -0.9430840350117247 -0.26515328262449533 187 177 166
-3.1176061630249023 4.233471393585205 35.82857894897461 0.08176252331599257 -0.9057092199766926 -0.41593953722892607 88 72 47
1.5425573587417603 -2.0497004985809326 57.4738655090332 -0.5564031979182469 0.745290222115293 0.3673662561609121 95 91 36
2.606867790222168 -1.154977560043335 48.21979904174805 -0.005974459754529139 -0.9635073652160188 -0.26761513971583734 146 128 104
43.40092086791992 7.071437835693359 52.57138442993164 0.18338598894013305 -0.9302223949954511 -0.317892867031294 78 65 59
12.694374084472656 10.030495643615723 28.59601593017578 0.26148336179391757 -0.8433388914233455 -0.46947413743229127 69 62 45
-18.33499526977539 1.8177027702331543 39.35371398925781 0.012339095015989586 -0.8801192342016299 -0.47459233066129797 134 129 100
7.739469528198242 7.309540271759033 30.399877548217773 -0.15324866060537404 -0.7490220577520446 -0.6445780053830198 125 120 120
-6.303269863128662 1.4505767822265625 40.19746780395508 0.09383200248179381 -0.9111278958413785 -0.40129977913016435 112 98 89
6.593682765960693 6.486410140991211 32.43391418457031 -0.03193546662870517 -0.8308676729874186 -0.5555529101315902 133 133 83
15.537006378173828 -6.26754903793335 75.45065307617188 -0.1763697401926827 0.9137622953679347 0.3659674607233396 133 124 93
-4.963446617126465 -1.1298854351043701 48.28153991699219 -0.1585083088216882 0.9079402690276691 0.38796853469379666 120 105 84
9.41594409942627 4.943688869476318 36.236083984375 0.21683860042842515 -0.8015358214076289 -0.5572444242562141 115 101 75
-9.080586433410645 1.2218554019927979 40.5740966796875 -0.008205584647962108 -0.9389864461440256 -0.34385625243464446 151 140 145
11.778463363647461 1.4217917919158936 45.88613510131836 0.300134928682626 -0.9300659901027133 -0.2118874197278726 110 96 69
19.60963249206543 4.534408092498779 42.19989013671875 0.2819856798395261 -0.8811987878269687 -0.37943744240351585 50 42 29
-22.25284194946289 -3.5534727573394775 49.54334259033203 -0.05676124099083597 0.8518492556586953 0.5207024170818754 104 98 70
25.582782745361328 9.576554298400879 36.299739837646484 0.41994927694978024 -0.7718232603784239 -0.4774216789465851 34 26 24
-4.293437480926514 5.5183820724487305 33.40766143798828 -0.17540973244145983 -0.9185319544251076 -0.3543028005319854 96 86 73
23.90735626220703 1.7359246015548706 55.499813079833984 0.11193653891819896 -0.9594960332244122 -0.25852963753046376 91 78 61
2.333998441696167 -10.774164199829102 81.62017822265625 -0.15900282878865837 0.8719808035591393 0.4629984650747371 110 97 76
14.808086395263672 8.243475914001465 32.525184631347656 0.2230298763041574 -0.8392436927971507 -0.49591097827730524 70 70 20
5.418598651885986 -12.528221130371094 85.9259033203125 -0.14991719414686874 0.9067474191359427 0.394124285967558 135 126 95
2.0150036811828613 3.723552703857422 28.61418342590332 0.7919361692309103 0.5964968253040195 -0.13049383612300391 142 125 87
-0.1565072238445282 5.533236503601074 33.97441864013672 0.054640307818136225 -0.8581539954857422 -0.5104764017987474 126 110 82
-7.928617477416992 6.123461723327637 32.24599838256836 0.2536005915084499 -0.7581456993072864 -0.600751062095133 109 101 55
-8.910782814025879 2.990349292755127 37.114906311035156 -0.00021623843320331453 -0.8779177447896095 -0.4788114311756417 96 82 56
-5.844780921936035 5.945764064788818 32.5452880859375 0.06180692594942727 -0.7938324682557131 -0.6049875339605967 110 105 62
5.829289436340332 -1.3277380466461182 49.74129104614258 0.06793624022387063 -0.9279763175056651 -0.36639407939112417 140 126 97
12.240612983703613 -9.121233940124512 80.28031158447266 -0.13582167572639875 0.902535739663206 0.40863395726917073 136 123 91
1.206624150276184 4.1907243728637695 36.24946212768555 0.09231919992981713 -0.8751579400262913 -0.4749481501524739 168 153 112
32.324283599853516 10.977374076843262 38.19285202026367 0.20971766708770684 -0.8771429265124869 -0.43201711375870316 49 41 39
27.44451904296875 13.980804443359375 31.404401779174805 0.3734754868112602 -0.7382445661234842 -0.5617036775206669 59 59 35
17.31318473815918 6.920563220977783 36.586402893066406 0.22347513567882954 -0.915534409116768 -0.3344482164050809 108 98 88
-7.28311824798584 -0.7883859872817993 44.794349670410156 0.09782093760333051 -0.9194231457602475 -0.3809096260358037 151 141 105
11.511528968811035 4.6743621826171875 38.141544342041016 0.24748446688108416 -0.869123732865851 -0.42822351129044034 115 107 81
-22.9853458404541 -5.5849409103393555 54.63384246826172 0.08376233819419215 -0.9511606009275906 -0.2971150988140897 149 147 109
1.1675471067428589 5.853588104248047 32.1280403137207 -0.14335880181108998 -0.9137121807907753 -0.38023453895964554 159 139 114
-8.662059783935547 4.409138202667236 34.641109466552734 0.07755063139021015 -0.9070342564060332 -0.41385354568607235 152 137 98
7.682339668273926 3.647447109222412 37.132286071777344 0.21646022807224788 0.9624138946714882 0.16402580591531316 99 80 60
-14.826234817504883 4.5068864822387695 34.16348648071289 -0.05003112840753701 -0.902906011614569 -0.4269164091254167 154 145 114
-9.595990180969238 2.948195219039917 37.3874626159668 0.011498158092187906 -0.8929385841848693 -0.45003164025922426 106 95 67
-23.54195785522461 -14.864184379577637 88.35540008544922 -0.0401551572441382 0.9121590456800477 0.4078644857434431 145 140 111
-12.813705444335938 5.620588779449463 32.15481948852539 0.029184691069669963 -0.8536363757921418 -0.5200511433807496 89 83 47
26.681472778320312 10.826605796813965 35.4600715637207 0.44147827720397687 -0.7657906568675511 -0.4676126608758284 37 32 29
-10.000930786132812 -9.104377746582031 75.34781646728516 0.07817428017195724 -0.9671732082542848 -0.2417948865354901 104 96 59
-11.86180305480957 5.192285060882568 33.310264587402344 -0.19773489560372728 0.8919322172937736 0.4066421409716363 99 94 52
-17.379011154174805 -1.0290436744689941 44.35288619995117 -0.1320743192395299 0.9095819914956447 0.3939758557884373 125 118 92
-6.176012992858887 7.618241786956787 29.46116828918457 0.028361241392237106 -0.8352470743761495 -0.5491429365227 132 129 84
17.752445220947266 9.861513137817383 31.088483810424805 0.11344230554774673 -0.7971896347563491 -0.5929751508697901 67 57 55
11.509462356567383 5.012435436248779 37.205894470214844 0.13957281074070035 -0.8591638869356437 -0.4922975176532754 91 80 50
9.438572883605957 8.103256225585938 30.515928268432617 0.2706066747935797 -0.9160242717478342 -0.2960938383790043 118 123 69
-5.267250061035156 0.3598594665527344 42.44524383544922 0.02728803008853474 -0.9456677034886417 -0.3239875892567577 115 101 75
12.537205696105957 5.738626956939697 35.78603744506836 0.25557897268504487 -0.8572992885370173 -0.44689743632648093 118 114 90
-11.030400276184082 2.1982510089874268 38.38315200805664 0.015931108997562702 -0.8275475782802485 -0.5611694979670617 137 127 92
-3.0232932567596436 5.610481262207031 33.26800537109375 0.07378759407366416 -0.7981108913418786 -0.5979752470481466 93 77 53
-11.01085376739502 4.650381088256836 34.256813049316406 -0.1605038707600883 0.8916179451485828 0.42338628622104374 83 72 42
48.825218200683594 7.6024980545043945 53.46558380126953 -0.14576762858028675 0.9359382570069685 0.3205797522128259 58 45 37
-7.266674995422363 8.669052124023438 27.845027923583984 0.08017638405789645 -0.7655713475929319 -0.6383355380864701 114 99 68
9.419291496276855 6.235872268676758 33.79033279418945 0.28355532806670125 -0.8315618200889643 -0.4775995344379169 121 115 81
1.1797209978103638 7.7384562492370605 30.0803279876709 0.14519400956105472 -0.8262652265350521 -0.5442467041761152 61 55 43
-7.50642728805542 2.0217502117156982 38.96102523803711 0.09427566289849297 -0.9123864109787867 -0.39832541526533066 171 156 135
2.527615785598755 5.335158348083496 25.71632194519043 -0.6752244680693743 0.23057075214437084 -0.700649017680043 162 138 137
-0.7427115440368652 7.171386241912842 28.755264282226562 -0.5749194377654221 0.10114050939724507 -0.8119348726581196 167 159 110
-8.987083435058594 8.298844337463379 28.595338821411133 -0.046931755551100705 -0.7835459427453787 -0.6195588478329942 124 113 83
4.385785102844238 7.586239337921143 27.224605560302734 0.6812626771398009 0.31072138862048054 -0.6628222864313413 182 161 158
13.822689056396484 0.278507798910141 54.147743225097656 0.2942670959843876 -0.9408254869177092 -0.1680900930661051 132 124 75
17.363910675048828 1.8262686729431152 49.06928634643555 0.40278603699995913 -0.8822714094142547 -0.24364024406499604 119 118 74
-8.374007225036621 3.2320966720581055 36.69723892211914 -0.01746738501714182 -0.8915976265318728 -0.4524915058024778 160 151 120
-13.286382675170898 1.5208210945129395 39.89406967163086 0.09853114454660045 -0.8995447547948251 -0.4255712016519153 99 88 58
-8.644804000854492 6.904842853546143 30.43440818786621 0.12818956849960192 -0.7817997359642298 -0.610210297663147 166 157 116
22.854961395263672 11.841812133789062 31.455089569091797 0.4081866158290732 -0.7122867048205506 -0.5709915382857179 61 51 42
-15.77193546295166 1.8865904808044434 39.13389205932617 -0.11832529972141363 -0.8646223453602819 -0.48829020402781265 108 101 72
-15.151784896850586 -15.163217544555664 89.03422546386719 -0.0661891389041942 0.9201736184228552 0.3858749925166321 158 154 119
1.5755008459091187 -0.9178168177604675 47.04835510253906 0.03229607736032658 -0.9404068500722809 -0.33851428289551694 115 96 81
32.385921478271484 10.953676223754883 38.11994171142578 0.24063328862555045 -0.8664584001525961 -0.4374305215805777 40 30 29
12.41132640838623 -5.193240642547607 71.71552276611328 -0.0985748461431909 0.9482367804143448 0.301877471794905 145 132 100
-11.265886306762695 8.227926254272461 28.0491886138916 -0.2780260271775714 0.7771360218892143 0.5645893478397043 140 129 99
-0.7213925719261169 8.129350662231445 28.953649520874023 0.2745747766762552 0.9479397759208072 0.16130366778345218 108 100 64
16.71910285949707 8.443304061889648 33.163841247558594 0.05132110227006774 -0.7997614377177984 -0.5981202113299174 52 46 32
13.98491096496582 8.996915817260742 30.556562423706055 0.1661923874033024 -0.841166875087887 -0.5146050705386315 72 66 45
20.133560180664062 10.490338325500488 31.173118591308594 0.26709539273494254 -0.8117849522966764 -0.5192930217174598 28 17 13
4.449137210845947 7.440417766571045 27.24688148498535 0.6801417113036635 0.23830186335427478 -0.6932672460651842 215 195 185
4.964711666107178 4.841330528259277 36.38279342651367 0.0018228878606035388 -0.8745267854053226 -0.4849737917542351 161 141 104
2.785125494003296 2.0631871223449707 38.702754974365234 -0.31721887608879695 -0.7802797225652682 -0.5390136725598229 109 93 69
21.879444122314453 7.085354328155518 37.88356018066406 0.17305664589048292 -0.9360166352331161 -0.3064706444017311 26 18 15
21.499420166015625 8.111516952514648 36.1489372253418 0.25713760316779666 -0.753440701855325 -0.6051506934845867 58 51 45
-8.78905963897705 6.041275501251221 31.9370059967041 -0.0674850185403774 -0.7695550295419301 -0.6350045895734332 102 93 64
-8.4873628616333 5.493668556213379 32.413543701171875 -0.1192288731474993 0.9234129808004266 0.3648190547343286 142 132 92
-7.451389312744141 6.917103290557861 30.6768856048584 0.018678839473926664 -0.8189487139243894 -0.5735626425400245 118 111 69
-3.2974729537963867 6.761345863342285 31.173206329345703 0.013415910284205176 -0.8936188026429726 -0.4486261794792924 156 143 101
-5.637164115905762 -3.6366958618164062 53.10761260986328 0.1383872055463408 -0.9208162790702491 -0.3646181036924741 137 125 99
5.720667362213135 3.1746292114257812 38.21753692626953 0.053315106135266396 -0.931847362925209 -0.3589122339334768 102 87 54
3.1683216094970703 0.8191876411437988 42.317020416259766 -0.5192596482049849 -0.6739035026084061 -0.5255696784615314 159 141 105
12.899672508239746 7.846418857574463 32.36442565917969 0.3281698017988639 -0.8693788670618506 -0.36943871845483034 74 68 44
21.439212799072266 5.734503746032715 39.0231819152832 0.23897303787345323 0.8672328977418248 0.4368054352270025 46 37 28
0.33196961879730225 7.804964065551758 29.877710342407227 -0.0010111769530086866 0.9519396850965357 0.3062838772437722 58 55 36
18.499866485595703 10.388409614562988 30.664548873901367 0.20575479077482112 -0.820652429908764 -0.5330990108394978 66 54 54
20.75467872619629 5.033069610595703 42.62746047973633 0.18186003163101924 -0.8879878030293147 -0.42237967584429975 111 96 83
6.54189395904541 3.071418285369873 38.60649490356445 0.09820469435350607 -0.8371582906488513 -0.5380723319450914 89 74 45
-15.689611434936523 3.1513445377349854 36.85731506347656 0.0844293662575643 -0.8801737255309922 -0.4670823214362114 139 130 98
-7.567086219787598 8.79370403289795 27.987422943115234 0.002826757118889249 -0.8610169263531503 -0.5085684437492803 87 73 44
2.968693256378174 -8.845847129821777 80.04707336425781 -0.0240480482911199 0.9026776913591669 0.4296448264507238 137 124 89
7.967785358428955 -18.715436935424805 110.33738708496094 -0.19095387751474063 0.8799685508178918 0.43496202849621834 109 90 77
-13.486519813537598 -0.3060179054737091 43.073238372802734 -0.0785088090442236 -0.8887566469504458 -0.451606011257444 165 165 130
-9.716864585876465 0.017703140154480934 42.6986198425293 0.07768675201548875 -0.9363655698583762 -0.34232190719421224 158 145 111
3.292637348175049 1.834496259689331 24.97101593017578 0.8237974671469581 0.13193401597458876 -0.5513176475962591 131 116 97
21.863418579101562 5.41639518737793 39.8406867980957 0.263891028070874 0.9645444798336229 -0.003933411519625106 42 38 27
-5.36870002746582 8.528871536254883 28.276071548461914 0.06375055319910969 -0.8748986524195276 -0.48009188179066525 118 111 67
-8.713858604431152 1.2955186367034912 40.173309326171875 0.034276545727580675 -0.9810572020790351 -0.19066170213716196 139 125 108
-5.362820625305176 6.375013828277588 31.72917938232422 -0.07309134306266349 -0.7898784549406442 -0.6088921759966017 119 113 77
-9.873369216918945 5.481964588165283 32.678977966308594 0.007916319155145495 -0.9055931910597828 -0.42407346556604314 112 110 62
-10.201899528503418 6.044566631317139 31.753267288208008 -0.029168913617174063 -0.8416571158040301 -0.5392239552308811 119 111 74
-10.446584701538086 6.587002754211426 30.663593292236328 0.10797496428692147 -0.796584230627266 -0.594806666575959 125 121 76
-5.062215328216553 -9.108113288879395 76.99240112304688 0.043019700179022825 0.8559012465743969 0.5153468361297084 111 100 70
8.800809860229492 2.683006525039673 40.353065490722656 0.2857557198971321 -0.8791388318351693 -0.3813903288044478 96 80 55
-3.688840627670288 4.902945518493652 34.579105377197266 -0.02422474799876776 -0.8701802990151707 -0.49213759132001317 68 52 38
5.851997375488281 8.477766990661621 28.703155517578125 -0.3562307948802183 0.9094639832734696 0.21441754570781424 123 110 76
35.29983139038086 10.240692138671875 41.0394401550293 -0.16124094302360095 0.912759063374954 0.3753295225794744 58 50 48
-4.010847091674805 7.138502597808838 30.658246994018555 0.13795858849757292 -0.832467580481902 -0.5366238489914196 78 63 30
19.717988967895508 3.884836435317993 44.0734977722168 0.23046154616163625 -0.9077071697708309 -0.3506496395084644 77 72 42
0.03411369025707245 7.102866172790527 31.660734176635742 -0.25335463904705074 0.8977138976392867 0.36044581403952947 65 60 40
4.728196620941162 5.119286060333252 34.62932586669922 0.12005142134895429 -0.8243571378485616 -0.5531934250424744 137 123 84
15.896964073181152 4.793184280395508 40.53472900390625 0.40386210745786333 -0.8489446247612337 -0.34086422846743686 75 59 43
7.675879001617432 -2.6288397312164307 58.853267669677734 0.05983353794380865 0.9484591345043414 0.3111996431752491 236 231 221
29.9820613861084 10.602018356323242 37.41872024536133 0.23736785955972364 -0.8363310765759755 -0.49417287420628975 40 32 29
-8.665018081665039 5.320682525634766 33.22554397583008 0.06228460544968091 -0.8173210377576072 -0.5728062055903425 93 80 46
10.437956809997559 5.967413902282715 34.77077102661133 -0.11711080320630148 0.9614673779208294 0.24872784517705276 119 107 81
25.328439712524414 2.0418760776519775 55.29197692871094 0.28622299113693245 -0.9030213252282446 -0.32035743401340366 92 76 61
17.892839431762695 6.070557594299316 35.41538619995117 0.030833613976101314 0.9894373341812135 -0.14164409616198792 0 0 0
2.7022411823272705 8.129589080810547 26.35173797607422 -0.6376667475358162 0.2837476536380497 -0.7161483003833737 71 60 68
-13.660398483276367 -0.8203215599060059 44.227317810058594 0.0028056839206832213 -0.9052273654716221 -0.4249182803069829 118 117 131
-0.18059644103050232 6.517618656158447 31.921794891357422 -0.14343983786523176 0.9629240566738446 0.22847816961797884 65 62 43
30.667240142822266 -12.938027381896973 106.49639892578125 -0.14787808200472538 0.8580212342920351 0.49186546368552486 100 84 66
23.122875213623047 7.437486171722412 37.79642868041992 0.13519158611370827 -0.6861547188416811 -0.7147831397391475 20 16 15
-8.584729194641113 5.378188610076904 33.336036682128906 0.09915154309843911 -0.7816529097089854 -0.6157821857155946 106 93 61
2.2276716232299805 1.1676290035247803 43.772525787353516 0.02430092814909582 -0.8990791147954873 -0.43711121036831746 122 100 87
-4.951205253601074 5.83866024017334 32.99433135986328 -0.1508181566802515 -0.9400599188491667 -0.30584511208922227 125 120 78
30.80794906616211 10.678771018981934 37.580326080322266 0.23951791777099415 -0.8862880187835736 -0.3963895997971383 66 55 51
-10.113360404968262 2.343017816543579 38.14487075805664 0.010612205580064833 -0.868908105149583 -0.4948596628318855 166 156 121
20.014060974121094 0.36160561442375183 58.26274108886719 0.13295725543316717 -0.9726133411557051 -0.19064536929497103 133 128 88
-8.569662094116211 2.7126376628875732 37.51664352416992 -0.0009109116353965507 -0.8792952138462612 -0.4762762823688056 89 77 46
13.183982849121094 4.687860012054443 38.680442810058594 0.24750258232885267 -0.8178863513812847 -0.5194269803973984 112 102 77
-15.804516792297363 -0.9117051959037781 44.70579528808594 0.036689006398954525 -0.8945296170139577 -0.44550048383174595 92 87 55
1.8133456707000732 2.7471063137054443 24.829042434692383 -0.8393767152853668 -0.21929491803138554 -0.4973494433115975 180 165 160
8.232915878295898 3.8618412017822266 37.46666717529297 0.15183877659644243 -0.9436332644861039 -0.29411094518394615 112 97 68
-0.5187345743179321 7.5894999504089355 30.54584312438965 -0.0060360710847351855 -0.8392300058568044 -0.5437431039704766 183 175 126
-10.262507438659668 -6.517205238342285 59.13548278808594 0.09440083721327025 -0.9584798067546331 -0.26908166414126927 152 143 110
6.573660850524902 8.0045747756958 30.07694435119629 -0.07540874289531156 0.9459823434827579 0.31532669933549673 142 123 112
0.05919943377375603 -2.8676087856292725 56.709861755371094 -0.5355975378025906 0.5044415671077674 0.6772547400156478 171 177 89
32.145931243896484 8.570216178894043 43.611507415771484 0.24213471740111187 -0.8994693578780296 -0.36376593142784514 79 71 60
-2.2820687294006348 -0.6445375680923462 45.16387939453125 0.1297201969883487 -0.9030154078116381 -0.4095556662385292 120 108 76
-1.8106454610824585 5.582553386688232 33.452186584472656 -0.12537344071081497 -0.906485521812141 -0.4031941208764108 34 24 15
-17.052200317382812 -1.504636287689209 45.356929779052734 0.012711804217589287 -0.8941723110370801 -0.4475424987731795 77 71 49
15.98827838897705 0.9822741150856018 50.814640045166016 0.23077730981604005 -0.9534152856058237 -0.19427075551208753 154 147 101
20.81040382385254 3.8668031692504883 45.32518768310547 0.32594737660713174 -0.944254239794647 -0.0462843203770166 115 110 70
1.8270386457443237 4.540135383605957 27.736276626586914 0.986413864249931 0.12325756046599425 -0.10860599524653597 180 163 120
20.770408630371094 -0.539902925491333 61.62424087524414 0.18186778039886015 -0.9458618534173131 -0.2688298062022858 114 100 74
9.685422897338867 7.746181011199951 31.393184661865234 0.2618256002962421 0.7979150273773614 0.5429355064046721 80 81 37
22.171985626220703 5.746628284454346 40.99108123779297 -0.04429793688847992 0.9421215805299272 0.33233209337531 60 51 42
12.6686429977417 5.819899082183838 36.42953109741211 0.3993299068625512 -0.85300088962543 -0.33604331236221757 134 127 97
16.391489028930664 9.950860977172852 30.5626163482666 0.18935772857602154 -0.8275483767217243 -0.5284953498506568 79 73 61
13.535270690917969 10.074834823608398 28.949073791503906 -0.19322821733240025 0.94298770271017 0.27099270942949627 62 47 52
26.206422805786133 13.48585033416748 31.100744247436523 0.37546427858961695 -0.7492997438553552 -0.5455057005765179 73 59 58
-9.815879821777344 0.9526998400688171 40.99860763549805 -0.19993080408146077 0.7646340327519678 0.6126683193513465 78 66 42
13.038590431213379 6.710211277008057 34.42491912841797 0.0746658829309303 0.8426874678074567 0.5332005603207871 93 90 57
12.775447845458984 -7.831125259399414 79.28636169433594 0.011826250587828314 0.878585373190675 0.4774388775669994 115 99 85
25.915771484375 9.622570991516113 36.33030700683594 0.4410149305453436 -0.7805342076795999 -0.4430261636495808 36 31 25
21.151512145996094 9.097591400146484 33.882144927978516 0.3076798853230306 -0.8177725363433263 -0.48639610089947266 64 50 49
1.9973022937774658 2.8435614109039307 25.28879737854004 -0.9887045743866198 0.11073186074190573 -0.10100356233127578 173 155 151
10.638476371765137 -1.1006450653076172 53.534053802490234 0.17981524529107812 -0.9230312901247208 -0.34011720775580073 133 124 86
-3.354053497314453 -22.004316329956055 112.78925323486328 -0.15017767405995422 0.8500648465479128 0.504813255449395 140 131 100
15.042403221130371 -5.387239456176758 72.36856079101562 -0.240309118714601 0.8805125205361581 0.4085942102400301 109 95 66
-9.120101928710938 5.1396894454956055 33.342567443847656 0.08547668662999276 -0.799517938511252 -0.5945290590387281 114 100 65
13.828216552734375 10.307336807250977 28.479843139648438 0.3004812971600013 -0.7942383112281433 -0.5281065186442118 43 34 27
1.0935624837875366 1.6503671407699585 40.85205841064453 0.07139293538212522 -0.8783958988568421 -0.47257136355158463 146 131 98
-6.281478404998779 5.958855628967285 32.75308609008789 0.13096670861956466 -0.8087986666499383 -0.5733170484632738 131 120 87
6.456967353820801 6.142934322357178 33.09202194213867 0.060900127653475515 -0.8634352812605732 -0.5007700964776802 111 109 52
6.939718723297119 3.319887161254883 38.38706588745117 0.16529505739930903 -0.8150979339776325 -0.5552413007195647 121 109 61
15.64498233795166 8.07202434539795 33.57188034057617 0.37910598458236827 -0.8398782352156658 -0.3884368706300308 68 61 44
-7.444023132324219 4.996895790100098 34.16017532348633 0.1258743429818653 -0.8035297862122313 -0.5818036889266085 108 93 72
-6.540150165557861 6.296717166900635 32.167938232421875 0.08961562446722116 -0.8728554795852326 -0.47967942587668283 102 86 59
-8.86844539642334 1.2488054037094116 39.7141227722168 -0.1821018601219775 -0.8780783338882229 -0.4425125445636519 106 99 96
-14.129775047302246 4.869482040405273 33.51033401489258 -0.13482481702454 0.8627802845889582 0.4872704066931374 145 138 109
-2.486401319503784 8.661571502685547 28.22061538696289 -0.064903848936587 -0.8770503670756595 -0.4759938487057024 106 93 59
-16.15131187438965 0.09024538099765778 42.070133209228516 -0.1417803237438936 0.8851157976997561 0.44324752053610084 65 56 25
11.484475135803223 9.312731742858887 29.09493064880371 0.16620946536105594 -0.8611724443684048 -0.4803711426438299 63 56 27
23.325149536132812 10.983016967773438 32.25442123413086 0.3446826021449588 -0.7014790957662308 -0.6237956251702724 38 27 25
-3.7759850025177 -1.9284183979034424 47.62434005737305 -0.0756331499136134 -0.9157179355776943 -0.39463944189027855 111 96 75
0.49041229486465454 -5.615774631500244 59.81829071044922 -0.18751059693536262 0.8583454082421828 0.4775802929209962 101 87 48
-5.920909404754639 8.448140144348145 28.260446548461914 -0.20104254885782977 0.9339180654347408 0.29559929060026163 117 104 72
6.660755157470703 5.456651210784912 34.259178161621094 0.05596356487119646 -0.9008338844335378 -0.4305419747983822 156 144 106
-16.581405639648438 -2.0318996906280518 46.49268341064453 -0.2611879281007508 0.8235976098945277 0.5034558999460217 133 126 97
-0.005301462020725012 -0.0985657200217247 44.578914642333984 0.148926292742688 -0.8434974211693608 -0.5160746649570752 105 89 64
-12.246623992919922 4.618092060089111 34.28071594238281 0.051302621504119406 -0.8138091039756316 -0.5788633546124552 143 133 98
2.431278944015503 7.721030235290527 26.6704158782959 -0.7844244375155616 0.28379252373187347 -0.5514889892847263 103 92 100
-2.276370048522949 7.442821979522705 30.070280075073242 0.03799492987496588 -0.8220667569305995 -0.5681220225034433 124 114 63
-9.999760627746582 -2.7678921222686768 48.95680236816406 0.283227482376609 -0.9404638608449611 -0.1879093389674868 100 88 62
12.344558715820312 7.760956764221191 32.237030029296875 0.2504233363442754 -0.7801210109141531 -0.573323086003417 55 48 32
-20.42536735534668 -1.5724680423736572 45.82453536987305 -0.043135601454138216 -0.7348806783243285 -0.6768232476154793 69 63 41
5.802160739898682 1.9786189794540405 39.824771881103516 -0.16391746873800478 -0.8647866725887009 -0.47463151428817796 109 93 64
-19.37295913696289 0.03882738575339317 42.80672073364258 -0.12858995323271089 -0.8400488800561566 -0.5270507594568149 155 148 120
-2.2244396209716797 5.156813144683838 33.85075759887695 0.06627679507591328 -0.8048347179932112 -0.5897867946531643 153 142 114
6.856377601623535 1.4088526964187622 41.61557388305664 0.022648857821124854 -0.8848686853816354 -0.4652896290165671 139 119 92
-10.413877487182617 7.447425365447998 29.2872371673584 -0.10648990247006591 0.9006873106779815 0.4212152288979841 113 103 68
38.6376838684082 4.777231216430664 56.278846740722656 -0.08564379507404855 0.9319799436485106 0.35224781759754487 68 63 43
1.239680528640747 0.7255431413650513 43.180519104003906 0.1862937222339799 -0.9144457574495434 -0.3592820698820632 131 115 92
-6.285609245300293 5.3502349853515625 33.70148468017578 -0.06828325518902024 -0.7342217939895637 -0.6754670638095819 153 140 121
-13.655220031738281 -0.7614232897758484 43.98982238769531 0.05063568616246576 -0.9089335604647109 -0.4138548174756456 128 128 142
12.152531623840332 3.1441025733947754 42.71650314331055 0.23194384137802165 -0.8632927593724591 -0.44824955779330394 98 82 66
12.692931175231934 -16.34313201904297 108.46489715576172 -0.1984975560342814 0.9115470752653708 0.360111996222795 157 140 110
32.48714828491211 4.0655364990234375 58.684165954589844 -0.056995273893361974 0.9169553214953816 0.3948980591685933 55 48 40
-2.966080665588379 6.778763294219971 31.17684555053711 -0.06642983147715781 -0.8478485708128596 -0.526060717465682 132 119 75
18.29824447631836 7.574429512023926 35.91503143310547 -0.06540440576628435 0.8620165773565139 0.5026427002045498 101 87 78
3.600748062133789 6.597502708435059 26.14738655090332 0.6121964416805368 0.3869167014599702 -0.6895730439373521 132 111 108
-4.809895038604736 7.757582664489746 29.456867218017578 0.03261976591303614 0.9436851709256004 0.3292328189092016 90 83 31
-7.771482467651367 9.030877113342285 27.353490829467773 -0.036635323204103745 0.9081431811079759 0.4170537323904639 112 100 73
-4.8406877517700195 5.97851037979126 32.5341682434082 -0.12304255412699176 -0.8459536628165844 -0.5188669677683391 116 110 74
9.289731979370117 5.804800033569336 34.51142883300781 0.33439001658500045 -0.8803109916250964 -0.3365053860376127 124 114 80
-6.838610649108887 6.845714569091797 30.708595275878906 -0.010979587143788263 0.9460393432559198 0.3238657278534731 121 114 70
2.0525169372558594 0.10424547642469406 23.93009376525879 -0.0029074449031682176 0.13544233319022214 -0.9907809652713985 117 107 84
-20.769716262817383 -0.6169691681861877 43.4674072265625 -0.17103875183039627 0.8816944958027588 0.43972782655117365 90 85 56
9.982232093811035 7.567785739898682 31.610422134399414 0.1935346631340959 -0.8655585911390871 -0.4619011360355058 101 100 56
-15.376360893249512 -7.217675685882568 60.85576629638672 0.02024900950912239 -0.97533003101437 -0.21982108228149386 152 150 112
-20.897258758544922 -11.703292846679688 81.11617279052734 -0.05191472536699275 0.8831972587152053 0.46611958067433346 164 153 123
2.896359443664551 6.85579776763916 25.71705436706543 0.16274328401007432 0.25424118258831757 -0.9533499066899366 157 139 135
-13.084344863891602 6.093667984008789 31.367595672607422 -0.07781806530571003 0.9164921601817633 0.39241109698559967 95 85 50
11.217093467712402 8.883223533630371 29.81570053100586 0.24271456135609462 -0.8437731960136328 -0.47868197730294637 57 47 22
-4.149959564208984 6.638733863830566 31.51889419555664 -0.010099856136711712 -0.8204925373320847 -0.5715680091540948 112 96 63
22.403467178344727 8.183201789855957 36.2382926940918 0.14168098886648994 -0.830413630770285 -0.5388317912157066 19 11 9
1.7182016372680664 5.843451976776123 26.568737030029297 -0.7792574672979232 -0.0320403250168651 -0.6258843481293007 210 197 206
-16.62238883972168 4.662167549133301 33.11580276489258 -0.12410223568691778 0.8969259302104754 0.4244084245318202 130 121 90
23.40260124206543 4.207087993621826 46.12794876098633 0.19033025113279853 -0.9581593565506031 -0.21378737792081995 82 77 44
-6.837778091430664 7.980064392089844 29.30265235900879 -0.22191002773253152 -0.7707134637579206 -0.5972911320068424 110 98 56
1.4010981321334839 4.255802154541016 36.423622131347656 0.05216468415005605 -0.871925846717999 -0.48685127457225114 128 113 72
-4.974565505981445 5.350947856903076 33.55699920654297 -0.00909439605538717 -0.7935895709568113 -0.608385473880641 112 101 72
-5.657925128936768 2.9462435245513916 37.67787551879883 0.11078157223000615 -0.8822233181204497 -0.4576127841513956 109 93 77
-5.421151638031006 3.6727912425994873 36.48359298706055 -0.1969924210723137 0.8923466641926331 0.40609286738915806 93 80 61
-16.90755844116211 -0.6161860227584839 43.323524475097656 -0.1889175763677908 0.8693224701639667 0.4567150010754404 115 108 79
-5.519222736358643 3.2107644081115723 37.21898651123047 -0.28382577200682474 -0.7380373695655918 -0.6121631908808564 145 129 114
-9.901534080505371 2.788585662841797 37.50627517700195 -0.19910540668973614 0.8157803005771236 0.5430097036123874 170 161 120
14.728549003601074 6.877813816070557 35.01688766479492 0.204195181926986 -0.8820327952913248 -0.42464393991716975 105 102 61
14.805877685546875 7.1437811851501465 34.675228118896484 0.1333151102656391 -0.7422450160218316 -0.6567339016417619 109 112 59
-3.774900436401367 5.133102893829346 33.77204132080078 0.09957263062283861 -0.8954755844039829 -0.4338303458348582 129 114 109
-1.0069245100021362 8.722935676574707 28.207279205322266 -0.0688400246052053 -0.858053627227423 -0.5089253617321674 136 128 82
18.653226852416992 3.9784181118011475 43.2248649597168 0.18534000392988864 -0.8981795906147994 -0.3986508572000061 71 62 45
25.088699340820312 8.763891220092773 37.091766357421875 0.267361993685387 -0.8205056657003356 -0.5052603456498681 33 28 25
22.69253158569336 4.867073059082031 42.81502151489258 0.2745696018709863 -0.8960605589470764 -0.3488366500639819 66 53 44
24.27297019958496 6.861146926879883 38.981109619140625 0.22973081538428305 -0.9076693931367142 -0.3512264586071233 57 44 40
-10.178155899047852 4.044957160949707 35.320430755615234 -0.05243706576014833 -0.9551861593591716 -0.2913241409549526 135 123 85
9.150572776794434 7.179126739501953 31.28548812866211 0.4101989116164995 -0.8681722822292854 -0.27930940062488624 112 111 67
-6.935183525085449 2.078734874725342 38.915462493896484 0.01855517814315721 -0.8737178393059757 -0.4860790497877613 103 96 84
-12.371618270874023 -0.40758028626441956 42.982337951660156 0.11047130197756891 -0.9293067917307037 -0.3523988908645531 157 146 118
11.378636360168457 6.93881893157959 33.51786422729492 0.11100549679819326 -0.8977245421964734 -0.4263430848726401 126 121 93
-2.8320634365081787 6.990220069885254 30.889911651611328 0.0010784774013968795 -0.8253495695480565 -0.5646210454219118 119 105 60
25.842769622802734 10.95718002319336 34.281070709228516 0.3978869229717215 -0.6793087660884086 -0.6166243563495841 71 59 59
4.430949687957764 1.7248035669326782 41.47343826293945 -0.057173884714904304 -0.9400970133074619 -0.33607849154177843 94 77 47
-8.552016258239746 -0.15183496475219727 42.80760955810547 0.0801011408448468 -0.8942646026365927 -0.44031196634496633 0 0 0
-22.741954803466797 -1.129271388053894 44.00338363647461 0.0026353548857326638 -0.8505971186082159 -0.5258113699037203 137 131 99
2.064077138900757 5.823841094970703 26.34871482849121 -0.7490146911068281 -0.29349441823900635 -0.5940016994661632 168 152 153
11.51174259185791 8.25133228302002 30.9705753326416 0.38822389626322057 -0.509672451930241 -0.7677995819962526 81 75 43
11.193769454956055 -0.726860523223877 52.82051467895508 0.22980827782993316 -0.9518909025937385 -0.20271128483663145 130 117 82
-9.702884674072266 -2.4120335578918457 49.371829986572266 0.15783330711922555 -0.9400657198089067 -0.3022665869790612 75 65 63
-6.2932891845703125 3.7629923820495605 36.30324935913086 0.014262846302964552 -0.8862856960446145 -0.46291925451643423 166 151 144
-5.0331878662109375 -0.8531042337417603 44.97793960571289 0.09912330445651865 -0.9061898825210489 -0.4110893665981979 101 84 64
-37.980709075927734 -14.542140007019043 86.58167266845703 -0.04056107506164994 0.9278399621463994 0.3707665085117739 110 104 72
-6.872090816497803 5.520462512969971 33.25058364868164 0.05003119876686021 -0.8594489968416489 -0.5087674330947628 159 147 122
9.870986938476562 4.681487083435059 37.074520111083984 0.10031126242020987 -0.8653646514474578 -0.4910006829495083 124 117 91
8.32789421081543 8.978364944458008 28.585426330566406 0.2515214232660858 -0.8722209239649802 -0.4194849621093451 101 91 56
-0.19950711727142334 1.0750296115875244 41.71636962890625 0.11169354385681197 -0.856337992841535 -0.5041922195718986 105 91 65
-7.970287322998047 6.841161251068115 30.749258041381836 -0.0203367434553906 -0.8515056059089985 -0.5239509709611949 81 77 30
10.017849922180176 -5.544287204742432 71.85047912597656 -0.17069723495052658 0.9245436852857525 0.34070724673608715 123 109 80
-9.243030548095703 -1.6585378646850586 46.31232452392578 0.06224173531165723 -0.9440787998071745 -0.3237918870818706 135 134 91
-7.5547308921813965 0.33462730050086975 41.77006149291992 0.029779770843862494 -0.8934971084003622 -0.44808044202874836 126 111 88
27.31633186340332 11.442755699157715 35.091087341308594 0.34943042456705675 -0.7245229664592341 -0.5941084492413808 54 46 44
4.0886406898498535 3.409370183944702 37.91426467895508 -0.11632737716065042 -0.8540807969494559 -0.506965416577015 137 125 81
-9.476901054382324 6.524467945098877 31.104894638061523 0.04293998806038099 -0.8029647527746777 -0.594477723070323 130 124 88
23.87359046936035 5.529682159423828 42.08150863647461 0.18899742470306777 -0.9634109321845724 -0.19005091213372796 52 44 41
21.710617065429688 5.167565822601318 42.03838348388672 0.24755698105793913 -0.968621500702838 -0.022089126412363803 53 48 39
11.981666564941406 -8.531856536865234 78.08174896240234 -0.11673083346046995 0.8229268027758126 0.5560264290416445 117 104 72
4.027033805847168 5.190699100494385 27.226600646972656 0.6814526048266398 -0.6491746513045847 -0.3379269439961219 156 144 96
-0.9813772439956665 8.167547225952148 28.658288955688477 -0.24893967154994262 -0.9130297348789475 -0.3231187756158495 165 157 112
-9.037686347961426 6.198231220245361 31.924135208129883 -0.0026827628252236407 0.9520932447981942 0.30579610199162016 156 152 107
-7.114416599273682 5.7503180503845215 33.036033630371094 0.10981955742488896 -0.8486218911645841 -0.5174751691078968 155 150 121
-5.060059547424316 8.145916938781738 28.788307189941406 -0.041145561725297396 -0.8808617500347274 -0.47158203960293843 104 96 50
9.869632720947266 -3.6057915687561035 59.173824310302734 0.044543526039948905 0.9281842922156673 0.36944525165716857 138 125 90
-9.57856273651123 5.391098976135254 33.04747009277344 0.02361903249044296 -0.8643762454567719 -0.5022906007425079 100 95 55
1.0193432569503784 7.40008544921875 30.4235782623291 0.05033302945134596 -0.845044686356891 -0.5323213918360159 65 62 47
14.206737518310547 9.293910026550293 30.412565231323242 0.163727744659634 -0.8464797278264556 -0.5066214523759524 67 52 36
13.00358772277832 5.129279136657715 37.164459228515625 0.3842999719016925 -0.8673889869671048 -0.31614850447936343 109 96 79
4.513544082641602 3.258960485458374 38.32148361206055 0.040091181131210456 -0.8695794147472667 -0.49216291880159524 200 197 146
-10.387747764587402 1.3628324270248413 40.19586944580078 -0.06914263182737108 -0.9361794583939942 -0.3446553614048559 128 117 87
23.83318328857422 -1.9565047025680542 67.01627349853516 0.14236385505362928 -0.947740905902667 -0.2855165635353954 98 86 60
-5.470318794250488 -0.8055181503295898 44.35790252685547 0.14024806688089336 -0.8509694659479715 -0.5061437026778031 114 102 76
14.126543998718262 5.126071929931641 38.094818115234375 0.01247716018866731 -0.7502147029364087 -0.6610765613540251 75 56 60
-10.07473087310791 7.309497833251953 29.88642692565918 0.08922031617019857 -0.8457341470443166 -0.526092660760167 111 101 66
4.926847457885742 -1.305997371673584 50.73674392700195 0.054605887618706515 -0.9544863100684938 -0.29321337099321537 113 97 63
13.713959693908691 -9.91499137878418 81.1842041015625 -0.044515480592412615 0.9443706934155998 0.32585635701235927 101 90 58
3.7241146564483643 -3.768427848815918 60.13475036621094 -0.6760176945685672 0.6216720221750878 0.39563110782007066 95 84 57
2.5286929607391357 -0.4495072662830353 23.873668670654297 0.47486214109935715 0.3142612740396703 -0.8220375895234338 72 63 58
-21.238719940185547 0.20864111185073853 41.9848518371582 0.04649424554365809 -0.8879893508504483 -0.4575075932785439 127 117 92
9.995288848876953 7.6130170822143555 31.707109451293945 0.19353466313409595 -0.8655585911390868 -0.4619011360355059 102 101 55
1.623298168182373 1.4346672296524048 41.15779113769531 0.17522857341454226 -0.855234821143451 -0.48771748765328743 117 100 74
7.510251522064209 6.096787929534912 32.890682220458984 0.16239121735148412 -0.8307111047261365 -0.5324923971398886 114 105 62
-1.1473532915115356 8.670247077941895 28.253726959228516 -0.15561820938786658 -0.8887741463301331 -0.43111888119410613 89 87 30
-20.017349243164062 -3.8167102336883545 50.06666564941406 -0.06969087492257288 -0.9081239530931712 -0.41286083341842705 126 122 87
20.48719024658203 6.309189319610596 39.23148727416992 0.08630401927233784 0.899909217703747 0.4274517705534394 58 50 39
17.96776008605957 3.0522990226745605 45.71946716308594 0.19928556626251703 -0.9246801892018656 -0.3244253547074111 119 117 79
20.507129669189453 9.29056167602539 33.17202377319336 0.26898828570185224 -0.7738742969075172 -0.5733793462805183 54 44 43
3.2034788131713867 1.111401081085205 42.750160217285156 -0.35157819559714104 -0.8163746054522169 -0.45817603162255793 129 115 89
10.17879867553711 9.6784086227417 28.009418487548828 -0.12529898271111664 0.9155308528011605 0.38223477406005185 68 57 37
11.51809024810791 10.359204292297363 27.698781967163086 0.23883463342291325 -0.8274808462370057 -0.5081667708426354 59 53 29
14.285438537597656 8.607996940612793 31.59834098815918 0.2132053289108971 -0.8305767070900268 -0.5144762592807204 52 47 28
22.17667579650879 4.483101844787598 44.23311233520508 -0.09574014601391341 0.9423864668816585 0.32053326111269487 50 38 29
8.9984130859375 -0.23868557810783386 49.65351867675781 0.3068571556997749 -0.9128189401336958 -0.2694443700080613 100 84 59
3.5090689659118652 6.055254936218262 25.832881927490234 0.23178102660195482 0.12208607876030333 -0.9650764452002116 197 180 170
19.361434936523438 9.512447357177734 32.30526351928711 0.28840315854862786 -0.7723104420321553 -0.566003709587907 49 38 36
0.6597159504890442 -1.8772985935211182 53.02927780151367 0.20235891672829687 -0.97501064734713 -0.09167936725502085 118 102 87
-0.9758336544036865 -2.821981906890869 53.91778564453125 0.4618671526290687 -0.8446694972499237 -0.27057748194903 204 189 179
18.647628784179688 6.888271331787109 36.06782913208008 0.07022284329721618 -0.8586780420423272 -0.5076817629121713 54 45 36
7.34689474105835 0.47897329926490784 45.681793212890625 0.2613120658426121 -0.9582247575635152 -0.11628120328500355 131 114 94
-3.0203700065612793 -0.08242542296648026 43.79453659057617 0.08497076943707314 -0.9338096709443414 -0.3475334038507556 81 63 49
22.981231689453125 5.967231750488281 42.45378875732422 -0.10752328705878862 0.9835206595519265 0.1453473597098244 69 55 46
7.3740692138671875 5.368525505065918 34.36207580566406 0.07154342576402742 -0.9153392882368104 -0.3962770819011314 127 118 77
2.1663289070129395 4.989870548248291 26.70476722717285 -0.9820586468305063 0.03189276937267783 -0.1858592624734541 106 90 91
3.393186569213867 2.1939473152160645 25.173521041870117 0.7605388889533208 -0.3943973720958295 -0.5157822324135954 202 179 161
5.039836883544922 5.411287784576416 34.17373275756836 0.09626667386404741 -0.8355054651001753 -0.5409836830172358 129 110 77
-6.247997283935547 6.188498020172119 32.280799865722656 -0.1896210784463139 0.8843016257066241 0.4266784285401354 181 168 133
-11.424747467041016 5.811205863952637 31.883853912353516 -0.015825007168377682 -0.8965412240394273 -0.44267753810873056 148 142 106
-8.682168960571289 8.27243423461914 28.565052032470703 -0.08999407043058985 -0.8283801491199088 -0.5528900395480206 116 107 68
9.548174858093262 8.614448547363281 29.489683151245117 0.11278920781778133 -0.848957508785331 -0.5162845561091696 72 66 30
-2.469764471054077 7.567144393920898 30.036535263061523 -0.015810280563400194 -0.8184122247871856 -0.5744140191076428 119 111 65
-10.856322288513184 0.5486663579940796 42.23471450805664 0.041679026354810335 -0.8632452721046391 -0.503061088687152 132 122 83
7.403748989105225 0.7934175729751587 43.25873565673828 0.1399941651137674 -0.947385852970353 -0.2878570466841741 123 104 87
-9.160224914550781 8.333300590515137 28.564725875854492 -0.03891892898786022 -0.7861515913153372 -0.6168070949971318 162 154 128
-9.775470733642578 7.555846691131592 29.376678466796875 0.17211496730480796 -0.8344915632716481 -0.5234503499455375 108 98 63
-12.995763778686523 -0.8333948850631714 44.10868453979492 0.01792748977203185 -0.8951854769484489 -0.44533309664907245 111 100 72
-8.350227355957031 -2.2746005058288574 48.9521484375 0.03379725173045777 -0.9505743887973409 -0.3086520324540719 126 114 92
1.7275900840759277 6.4136881828308105 31.852291107177734 -0.25104543030445525 -0.7648194076421678 -0.5933190251602715 144 131 102
2.0631778240203857 2.5956249237060547 24.991395950317383 -0.6806135250203487 -0.41340693954361063 -0.6048635646958413 165 149 149
-7.499543190002441 6.682222843170166 31.13729476928711 0.015458513556693483 -0.9195047092636458 -0.3927749024576234 103 91 49
-20.366273880004883 -6.93887996673584 55.32149887084961 0.09369591800425181 -0.9409484697314009 -0.3253260706729103 157 154 109
16.307878494262695 8.411499977111816 33.010032653808594 0.055530266848963325 -0.8271755978914107 -0.559193096985889 40 33 23
3.366441011428833 3.278418779373169 25.140737533569336 0.757573099812491 0.4246345796268042 -0.4957504132380134 208 178 169
2.985574722290039 5.324269771575928 34.679405212402344 0.06450983922286335 -0.8339036017849197 -0.548127050576395 124 111 67
-23.37220573425293 -5.472541809082031 54.63520050048828 0.07589116664567451 -0.9504825816300334 -0.3013691969048354 147 141 109
26.135498046875 2.4378373622894287 55.61819839477539 0.26960615494116585 -0.9009487471359667 -0.3400057003227621 66 55 43
-13.250555992126465 7.547417640686035 28.983768463134766 0.1017415610175978 0.9701085289693056 0.22031363276636437 139 133 99
-4.410397529602051 6.682374954223633 31.319974899291992 0.1357593489078513 -0.83516801650389 -0.5329763441214571 117 100 69
19.242341995239258 2.6932575702667236 48.18952560424805 -0.06396747976846688 0.9407293702905608 0.3330711836902072 128 123 81
-11.47177505493164 4.68309211730957 34.028743743896484 -0.10975384187495733 -0.8435669807184518 -0.5256889224962247 101 91 56
9.812374114990234 9.472997665405273 28.23812484741211 0.047636935644079184 -0.8624321926383567 -0.5039260218161371 106 95 67
14.998775482177734 7.504505157470703 34.625221252441406 0.2662922490826714 0.8507609450737389 0.45309408781811633 119 113 61
-11.162699699401855 6.540929794311523 30.809804916381836 -0.08262047220317356 -0.8408487453740584 -0.534927326817201 103 97 63
-4.452162265777588 8.240208625793457 28.482786178588867 -0.3484334222335005 0.7964254416771506 0.49426780809598325 124 111 76
-16.40629005432129 -0.5944692492485046 43.64991760253906 -0.17767451765546108 0.9035200951330202 0.3899784653884325 101 95 61
-9.76700496673584 6.774404525756836 30.526254653930664 -0.20957446945659522 0.8275517935310523 0.5208037737723542 115 105 70
-3.0984699726104736 6.908535003662109 31.106401443481445 -0.06092422686931251 -0.8300512335412055 -0.5543493377619382 140 126 77
3.6787540912628174 3.653878927230835 37.298309326171875 -0.04672229976837281 -0.9219857979520734 -0.38439460854574004 158 145 100
8.250448226928711 -0.29447469115257263 49.83958435058594 0.38108793096093435 -0.8990459771155254 -0.21561150226345574 93 79 50
-0.4339221119880676 7.385898590087891 30.544754028320312 -0.2532917035788935 -0.7160863566154632 -0.6504334268526594 113 109 70
6.273016929626465 6.917021751403809 30.95726776123047 -0.1428679714167945 0.9870795388701994 0.07254465305620157 119 116 78
-8.094941139221191 -6.81530237197876 62.914337158203125 0.19183587439066 -0.9685594483218206 -0.15840325868902266 129 118 88
8.814059257507324 5.188283920288086 35.728797912597656 0.774308736552965 -0.5297723954490595 -0.3461028597366918 121 117 63
-10.180514335632324 6.982907772064209 30.135089874267578 -0.09883555780045546 -0.8089710457466203 -0.5794802668408066 140 134 98
-1.7615389823913574 1.794260025024414 40.55925369262695 -0.005992025141498786 -0.7916157520282668 -0.6109898499774158 124 108 82
-12.374492645263672 1.844283938407898 39.3806266784668 -0.1147543202706652 -0.8790524480874219 -0.46270750965456375 135 122 88
2.7222471237182617 3.6473283767700195 37.35783004760742 0.04349099236140944 -0.8166690104828458 -0.5754652560323598 129 117 79
-3.4889307022094727 1.8914579153060913 39.927764892578125 0.12857384205494027 -0.8456044732488501 -0.5180944334392773 112 96 73
9.905269622802734 6.317991256713867 33.87919235229492 0.16440571044205415 -0.8242216786772952 -0.5418758038263244 124 120 79
7.5479912757873535 6.555096626281738 32.401123046875 0.19249072487086485 -0.828879274289398 -0.5252679977803426 130 126 81
-7.308994770050049 3.6064212322235107 36.22962188720703 0.03625879871543043 -0.8693198762823441 -0.492918098892873 124 110 99
-14.194560050964355 -2.886140823364258 48.336151123046875 0.016304411142142525 -0.8980009260561045 -0.43969137241898104 99 92 63
19.619890213012695 4.979467868804932 42.25346374511719 0.290467315151906 -0.8667465675455599 -0.4054369574624818 77 63 36
3.840757131576538 8.37416934967041 27.0909366607666 0.5885899060115503 0.2417555493289091 -0.7714377336570932 232 221 219
21.885196685791016 7.412727355957031 37.182334899902344 0.2587209195832112 -0.8828259608046418 -0.39202271451968024 87 82 50
9.180183410644531 6.398934364318848 33.058624267578125 0.19180038389252807 -0.8613292205632879 -0.4704514709749751 131 123 77
-15.936136245727539 1.5953477621078491 39.98433303833008 -0.14678913484939218 -0.8415894395858857 -0.5197885772770332 151 146 117
-2.911844491958618 6.061488628387451 32.358699798583984 -0.06758065274265074 -0.8294332834007112 -0.5545027355766541 107 93 66
-4.546154499053955 3.5340914726257324 36.88765335083008 0.05075280400536715 -0.8374736541561043 -0.5441158254269162 76 60 45
-13.140268325805664 0.6267356276512146 41.403499603271484 0.11906446915582779 -0.8565578941146414 -0.5021276991110244 129 114 83
1.832513689994812 4.275057792663574 26.606664657592773 -0.9671055420313576 0.19718502959437267 -0.16070138355378366 175 156 118
28.340709686279297 -3.0699455738067627 76.0173568725586 -0.2838020835969038 0.8412166225042109 0.4602292595746861 96 79 69
28.901519775390625 5.35734224319458 49.026100158691406 0.2549442348594943 -0.9023064788669848 -0.3476297675783408 67 63 52
-13.532513618469238 7.444789886474609 29.369930267333984 0.04074208594604985 -0.8954863591069051 -0.4432203324377431 106 97 66
-7.880847930908203 6.000746726989746 32.3666877746582 0.24366419057679803 -0.7528199631251298 -0.6114653427225718 99 87 49
-16.02307891845703 -7.560911655426025 62.200218200683594 0.07606550816199979 -0.9679854955852609 -0.2392030911267945 148 139 106
-2.5918591022491455 6.329169273376465 32.130760192871094 0.05527674293330662 -0.870045435273771 -0.48986265651706845 118 103 72
16.939592361450195 9.436867713928223 31.1666316986084 0.2771499613234404 -0.804847239565594 -0.5247940738061538 50 38 38
-10.881200790405273 -3.2665579319000244 50.5113639831543 0.09663016886505188 -0.9542079347448109 -0.2831074490986659 119 113 79
11.328309059143066 10.088788032531738 28.570598602294922 0.20355766180302654 -0.7982310325428145 -0.5669140120043931 85 78 49
-11.62196159362793 3.0706679821014404 36.930721282958984 0.01865971980832417 -0.9491250570505203 -0.3143460528390992 154 145 105
-0.17243634164333344 5.46885871887207 34.033233642578125 0.054640307818136225 -0.8581539954857422 -0.5104764017987474 133 118 85
5.794517517089844 -4.30172061920166 61.39882278442383 -0.04280062708611702 0.8814016631292436 0.4704245046275103 223 210 202
-0.7453834414482117 -13.726798057556152 87.07250213623047 -0.06274317464660087 0.9294605469875775 0.3635469510652231 157 146 114
-6.040480136871338 6.7504048347473145 30.14306640625 0.012833850384217822 -0.93389557275821 -0.35731547890754844 123 119 118
2.359201431274414 1.7431371212005615 41.256614685058594 0.040555488917865146 -0.8665247535981527 -0.4974837723185488 148 127 108
-6.8912129402160645 5.566215991973877 33.499290466308594 -0.013905956630654632 -0.929106234215753 -0.36955139008209464 161 152 121
1.7037967443466187 6.35959005355835 27.059282302856445 -0.8826621895709741 0.3571788539409847 -0.30550077806640397 104 93 99
17.833093643188477 -1.8983232975006104 65.31045532226562 0.29017357082183975 -0.9260253570314069 -0.24140492317133688 67 61 25
-9.81119155883789 -0.31391802430152893 43.28712844848633 -0.06973345809011947 0.6995257509637447 0.7111968564057372 109 98 69
7.796875476837158 5.562453746795654 34.13575744628906 0.17485456997274212 -0.9317079667513251 -0.318349091488823 129 116 81
10.91512393951416 1.5258289575576782 44.044830322265625 0.19484589780671516 -0.9181625390931916 -0.3449820689743734 75 58 40
-34.57966613769531 -13.850212097167969 86.08866119384766 -0.04313540620793535 0.9297264241447648 0.3657158910660918 145 140 110
-6.238519191741943 -3.0690701007843018 50.4553108215332 0.10661571234049849 -0.9606742386520907 -0.2563944170069898 112 97 74
30.06487274169922 11.30422306060791 36.192447662353516 0.2974256418257514 -0.7216319963497737 -0.6251281863976218 45 37 35
-11.573168754577637 0.6328482031822205 41.412960052490234 0.03256602964907517 -0.8913855614283067 -0.4520743684285121 88 74 45
-17.864347457885742 -16.272727966308594 92.21771240234375 0.026734394742098527 -0.9391205740065703 -0.34254608392936475 163 157 121
-3.520191192626953 8.042098999023438 29.30044937133789 0.04845886583844909 -0.8738245911470677 -0.4838205475466198 99 87 47
31.100343704223633 4.238954544067383 52.5195426940918 -0.0766077881754369 0.9820631003143266 0.17228846099457876 54 48 44
-6.2609477043151855 -4.362081050872803 54.148128509521484 0.20126481840184465 -0.9171427549339936 -0.34400819749790346 124 113 85
13.515106201171875 -1.213829517364502 52.75200653076172 0.3032691936775304 -0.9131818662952037 -0.2722621443311376 197 188 182
27.69560432434082 14.06509780883789 31.215539932250977 0.23291982825845894 -0.8462365030854955 -0.4791994725056384 63 63 39
3.7726199626922607 7.144984245300293 26.696382522583008 0.6095719428912577 0.2954120015006853 -0.7356315625427831 212 198 185
17.090106964111328 6.263071060180664 37.331512451171875 0.2685397092537574 -0.8202643053848306 -0.5050276169334197 119 110 101
11.67873477935791 7.6031813621521 32.244258880615234 0.18303451006104293 -0.9153217259352007 -0.358726227306729 79 74 46
11.59444522857666 4.522257328033447 38.211219787597656 0.2770541954802559 -0.8581248960243419 -0.4322761103623482 133 121 97
4.7962565422058105 1.3670686483383179 42.077476501464844 0.13938093315763847 -0.8710795366220963 -0.4709494626287836 111 91 64
-7.135875225067139 2.144458770751953 38.738189697265625 0.1165877933684922 -0.930799579514248 -0.3464382040329341 97 82 63
7.171278953552246 -3.274280548095703 58.653499603271484 -0.0005367927069323437 0.9271314540334378 0.37473587871383957 95 81 52
6.3318867683410645 3.8684282302856445 37.476890563964844 0.1672912186633994 -0.8566740583535483 -0.4879786941067978 105 89 63
9.636568069458008 7.771363258361816 31.366413116455078 0.2771365800850325 0.7745707353711759 0.5685380302893801 97 97 43
-30.602724075317383 -11.071298599243164 79.07808685302734 0.0019494321476754503 -0.9615693472716516 -0.2745552587401509 134 128 95
40.373779296875 4.946381568908691 56.058353424072266 -0.15760076356003683 0.9039312021935746 0.39758065977380364 62 55 47
-6.193465232849121 6.6399006843566895 31.037696838378906 -0.18536872812179989 -0.8990703049206451 -0.3966245345971485 133 128 110
11.913219451904297 9.042585372924805 29.852169036865234 0.1929272930024495 -0.8597541467530526 -0.4728655905811689 68 57 34
13.726184844970703 6.493591785430908 35.505863189697266 0.06572755613569971 -0.8874683496281791 -0.4561576665722763 63 56 28
15.881843566894531 4.146289825439453 40.92914962768555 0.4033156358794907 -0.8269632348265712 -0.3917503109128254 135 122 95
-15.444526672363281 -12.927265167236328 84.52629089355469 -0.06072077772649851 0.8962954408838019 0.43928062762111464 141 130 100
10.583876609802246 8.65304946899414 29.8843936920166 -0.007914900660204947 0.9488716206834515 0.3155629918242937 79 74 44
20.919326782226562 5.589075088500977 42.66171646118164 -0.10429602240036084 0.9308336107526246 0.3502443844013703 0 0 0
27.966550827026367 11.374798774719238 35.119102478027344 0.29954576372827446 -0.7500354125623201 -0.589677212833356 63 52 50
-8.764028549194336 -0.8711925745010376 44.422889709472656 0.06610253101332994 -0.9240543545661786 -0.37650233093689506 101 90 66
-2.9229931831359863 7.865301609039307 29.432233810424805 0.026132508665802412 -0.8669488825937297 -0.49771148968083423 101 86 63
-20.172426223754883 1.742824912071228 39.71307373046875 0.0049627709590939015 -0.8661194536914771 -0.4998124276582011 137 128 97
-18.700942993164062 0.18716751039028168 42.39365768432617 -0.0173677461080619 -0.8223286923986978 -0.5687476444372968 94 87 61
4.776031494140625 3.9214577674865723 32.00456237792969 -0.2170866992326316 0.6760537098755383 -0.704148241764334 177 156 127
17.735206604003906 4.801401138305664 41.12493133544922 0.244290961750308 -0.877886507133349 -0.41187037596835957 131 126 88
1.3985717296600342 4.921106815338135 34.918819427490234 0.07097069332721956 -0.8656852982674154 -0.4955321634892222 148 137 83
-9.003939628601074 5.551703453063965 32.81132507324219 0.10265789108478049 -0.874823042496623 -0.47344059998586635 122 119 64
2.440103530883789 3.4234414100646973 24.90962028503418 -0.3366641312010256 0.6551074911780523 -0.6763811335076235 192 173 169
-9.233399391174316 8.985735893249512 27.42176628112793 0.03914919356233745 -0.8866721162747674 -0.4607384278137043 89 77 62
19.30825424194336 6.333240032196045 38.4911994934082 0.10488328807978353 -0.8853134488943466 -0.4530116919996315 55 47 37
0.13851584494113922 -0.5560902953147888 45.625946044921875 0.15930523140320477 -0.9235238325558205 -0.3488919230205548 127 114 80
-5.820072174072266 6.465351581573486 31.34474754333496 -0.016591081677380683 -0.9498450152762454 -0.31228061573470073 102 94 58
2.701199531555176 2.7404110431671143 24.67477798461914 0.17633453096030627 -0.7775214524542554 -0.6036278026768102 183 164 157
13.988777160644531 7.648600101470947 33.36493682861328 0.13970810072355969 -0.8656713280053557 -0.480723203581499 87 81 59
3.5991857051849365 4.589845180511475 35.282310485839844 -0.03597538551052801 -0.7995945257561761 -0.5994617302364882 78 65 30
-4.898416042327881 -0.5995734333992004 44.494564056396484 0.15492502720803902 -0.832117744822303 -0.5325206988431841 88 73 52
4.131015300750732 -4.355326175689697 58.992713928222656 0.17486500242250635 -0.027261580571071944 0.9842149344287272 93 79 50
-3.7851133346557617 6.356307506561279 31.73631477355957 0.12476993575078314 -0.7765169621798969 -0.61761951926704 123 109 74
-8.18416690826416 -3.0473790168762207 50.92343521118164 0.04238763383990367 -0.9072291607671934 -0.4184955655094901 93 76 56
-14.888851165771484 1.7381495237350464 39.28545379638672 0.040967244980308314 -0.7933433000232964 -0.6073945119499099 84 77 48
-7.002241134643555 4.344518184661865 35.15513229370117 0.06599117583925346 -0.9031588408352222 -0.42420428207707866 175 162 145
26.650938034057617 9.771594047546387 36.58611297607422 0.46291177603445044 -0.7275448321584826 -0.5063508712425765 51 43 32
39.96232986450195 6.778339862823486 51.481266021728516 -0.15145043659043517 0.9082038131638172 0.3901648356929019 72 68 56
-1.3238019943237305 1.2107263803482056 40.990203857421875 -0.12177900425710575 -0.7954421065446208 -0.5936680295063941 129 118 89
-8.03295612335205 8.176960945129395 28.69698143005371 -0.03062200716364117 -0.8708496328889886 -0.4905947508630554 152 139 104
-26.64148712158203 -5.96580171585083 55.61345291137695 -0.006298607032055145 -0.9336783749902986 -0.35805728539569065 138 134 99
-11.02622127532959 4.470736980438232 34.26145935058594 -0.11653979160312562 0.912391189083099 0.39237838250422014 164 158 122
3.433760404586792 4.154221534729004 25.502227783203125 0.582007314219962 0.3658944013542418 -0.7262153766287848 153 125 112
13.345520973205566 7.97368860244751 32.316287994384766 0.058934321125610686 -0.5898287024260198 -0.8053749732813286 63 51 39
-4.560157775878906 -1.0183840990066528 45.0485725402832 0.13551251822726912 -0.8898991259798003 -0.43556389081751434 113 98 77
41.288333892822266 9.858651161193848 42.495113372802734 -0.10942408489927684 0.8723561960209704 0.47646724641655924 59 50 43
12.539308547973633 8.190116882324219 31.608713150024414 0.38175828043111165 -0.6726577750077678 -0.6338707542108882 63 57 23
-26.950347900390625 -3.7774369716644287 49.628787994384766 -0.08887348211429821 -0.9236703885384498 -0.3727392084475533 102 98 71
-4.640127658843994 7.84482479095459 28.058500289916992 0.11266796105464859 -0.8470587359864452 -0.5194202810257162 120 107 65
-6.399850368499756 5.815040588378906 33.02371597290039 0.08106106992591061 -0.6948005798719888 -0.7146196590858772 149 137 113
2.2631068229675293 5.250229835510254 25.949310302734375 -0.8146834970745761 0.20868959850693186 -0.5410540186241618 104 85 91
1.9009311199188232 7.456990718841553 27.252521514892578 -0.7548048842145026 0.2832107818616981 -0.5916597331264123 104 97 105
4.169991493225098 1.1613552570343018 41.727577209472656 -0.18567473605048682 -0.850044586851677 -0.4928986637806431 105 87 63
-6.0909013748168945 -1.2006661891937256 45.653568267822266 0.06877060079483531 -0.9669849852201879 -0.24537857042747363 123 109 83
6.477657794952393 4.504976272583008 36.14777755737305 0.19238879122086358 -0.85560583947515 -0.4805467724047251 134 122 86
13.753809928894043 8.691688537597656 31.306427001953125 0.11258403786903984 -0.829960846127994 -0.5463422263669606 98 92 71
-10.219647407531738 7.168717384338379 29.779430389404297 0.10975091222256936 -0.7886548073019871 -0.604961430329058 150 140 105
30.309127807617188 4.132931232452393 54.222755432128906 -0.022438370444727712 0.9924020870146874 0.12097362200363333 84 77 61
12.508089065551758 10.260331153869629 28.146690368652344 0.1530572649443338 -0.7857414560329612 -0.5993194790084512 42 36 24
-2.8364036083221436 8.03546142578125 29.138893127441406 -0.03541926137824131 -0.8404948983268032 -0.5406605236283084 101 86 60
9.409367561340332 5.985017776489258 34.516265869140625 0.4714642961858093 -0.8427353830292351 -0.25984320582341097 122 111 81
-16.56766128540039 1.8647360801696777 39.23222351074219 -0.046651686263847296 -0.958031419407592 -0.2828416864548325 109 102 73
18.850383758544922 8.897770881652832 33.18729782104492 0.16260182716667204 -0.8914508545114472 -0.4229373710052946 63 52 45
-3.273327589035034 5.456214427947998 33.72853469848633 0.14276830682747843 -0.8554228633374783 -0.4978643745490584 103 86 65
-12.864792823791504 4.48301887512207 34.32841110229492 -0.005786554606712411 -0.8350541276542973 -0.550137364367577 102 94 59
12.758198738098145 7.986248970031738 32.155635833740234 0.2531861999036687 -0.7384304939521128 -0.6249937229924619 93 87 65
-15.896401405334473 2.427639961242676 38.03688049316406 -0.09524555904552805 -0.8825839526954049 -0.4604061792880936 144 137 108
-14.786916732788086 -2.9177236557006836 48.095237731933594 -0.014730181308927398 -0.8693816824526784 -0.49392156459741293 94 89 60
-11.096890449523926 4.237506866455078 35.0511474609375 0.11862180468016709 -0.827722785147068 -0.5484558855576276 110 101 58
-8.399316787719727 6.466161727905273 32.010379791259766 -0.2305029637557677 0.8599655365741289 0.4553324715025031 113 103 68
-10.311355590820312 2.1736338138580322 37.67705535888672 0.013563817670579119 -0.8727713424484929 -0.48794078190991047 150 138 100
-1.4964896440505981 8.351041793823242 28.55168914794922 0.04843243639185588 -0.8208598293345399 -0.5690724379989063 136 128 79
2.740628242492676 0.5102665424346924 43.01067352294922 -0.1407193906369091 -0.9474925936292816 -0.2871512460645681 56 37 22
3.335409164428711 1.7428841590881348 40.52605056762695 -0.14709828385121093 -0.8702750384775175 -0.47008877064974036 111 90 69
-18.654376983642578 -3.663539409637451 49.12702560424805 0.026862601509397725 -0.902880498506063 -0.4290515191181472 101 96 66
15.747222900390625 6.304326057434082 36.96958923339844 0.2190658363186601 -0.8844412777353874 -0.41203614598212324 56 48 27
11.08171558380127 7.795031547546387 31.615230560302734 0.33993847725732523 -0.859324897523863 -0.38210280315063505 91 85 51
-5.410926818847656 5.726156234741211 33.24721908569336 -0.08747313315329155 -0.796002137449001 -0.5989399370161989 152 140 124
-12.323803901672363 3.0495150089263916 36.94540786743164 -0.023397169983595527 -0.9168495484447601 -0.3985467073674034 117 109 72
-7.128163814544678 8.185837745666504 28.398916244506836 0.03445683966668988 -0.8402084355251892 -0.5411677291491963 105 91 56
18.68114471435547 -0.06545485556125641 58.3779411315918 0.21245712163157424 -0.9487369035534897 -0.23400910089943544 128 124 77
-20.83112907409668 0.7415264844894409 40.50504684448242 0.02747233141903451 -0.8685445366631134 -0.49484912735000436 113 103 78
32.84077072143555 -14.264154434204102 107.6884994506836 -0.14787808200472535 0.8580212342920353 0.4918654636855247 105 86 79
15.058637619018555 -1.4525551795959473 58.74216079711914 0.5316878860554867 -0.7566226450734643 -0.38056558539085217 209 206 201
-2.8321962356567383 -4.950338363647461 57.48396301269531 0.1203135669550735 -0.9351326226979875 -0.3332440900789237 126 110 84
-12.049166679382324 -1.7317103147506714 46.286746978759766 -0.06067444199631781 -0.8967414074588155 -0.4383759348290211 144 132 106
-8.620261192321777 -0.019417716190218925 41.17616271972656 -0.09170099352818432 -0.8202303664673056 -0.5646353457859798 166 153 118
11.233634948730469 3.2253997325897217 40.51689910888672 0.2660387835699607 -0.9139036224888598 -0.3065999583143414 116 101 82
11.162269592285156 -3.1734135150909424 58.50899124145508 0.11530626077278543 -0.9314351093019501 -0.3451566360165511 129 113 80
-15.672415733337402 -3.0021159648895264 48.45829391479492 -0.08287064613613558 -0.8619108242497248 -0.5002421284239661 105 96 65
16.83664894104004 7.680899620056152 34.44078826904297 0.1445056081278767 -0.9034130381067954 -0.4036867743662687 62 50 52
20.214109420776367 5.393866539001465 41.2520751953125 0.2307158218117608 -0.8813021592369893 -0.41240358108283165 74 65 53
21.994773864746094 4.219491004943848 44.485992431640625 0.25940867266533907 -0.9269027115965102 -0.27121670999598074 64 55 40
-11.046972274780273 -3.168830394744873 48.935726165771484 0.11611580880689343 -0.9402315902117228 -0.32012759286424575 96 90 56
4.95442008972168 2.8499512672424316 38.5395622253418 0.13787529923310715 -0.9413233665562123 -0.3080596069540107 139 127 89
22.76290512084961 9.907184600830078 33.586849212646484 0.17516961533690512 -0.7865435954505274 -0.5921695520021925 65 60 57
23.91133689880371 5.8521409034729 41.02883529663086 0.43198368149503846 -0.8060130135660877 -0.404639494963242 79 65 52
-5.637665271759033 4.059395790100098 35.785186767578125 0.1559346092829909 -0.8320964118986812 -0.5322592967089453 90 78 53
6.415909767150879 1.8560400009155273 41.49331283569336 0.007010844709393664 -0.8924298303964867 -0.45113173893548997 161 144 100
11.267372131347656 7.079330921173096 33.0977783203125 -0.05218986819778839 -0.8615762803944079 -0.5049381454388586 106 102 67
-0.2241135835647583 2.507835865020752 38.92872619628906 0.10569631750829482 -0.8271102992095181 -0.5520116315864442 99 82 61
6.734015464782715 4.110429286956787 31.92708396911621 0.526047519223175 -0.028215055266289677 -0.8499870105921992 117 104 72
0.8331423997879028 2.9622955322265625 38.027767181396484 0.07409604531330125 -0.7628332361704007 -0.6423357610025484 113 95 75
-2.2757248878479004 7.910412311553955 29.599124908447266 -0.11958032082661119 -0.8261706222649058 -0.5505839171074859 176 161 120
15.952439308166504 10.291746139526367 29.580141067504883 0.13976677878857421 -0.8593590589083488 -0.49190167251110534 60 49 43
24.67526626586914 -6.542253494262695 78.742431640625 0.3389123280735438 -0.8585129969994134 -0.3848296608408137 104 87 77
-10.920747756958008 1.0074714422225952 40.85032272338867 0.10779627138231505 -0.8963089441760392 -0.4301281674874413 119 108 78
17.034177780151367 5.926449775695801 37.74427795410156 0.24099454446089974 -0.8441616492953862 -0.4788660975669263 83 68 63
-0.01993900164961815 0.435720831155777 43.5808219909668 -0.016910667454694113 -0.897333709626932 -0.44102861913191743 129 112 92
-3.422398328781128 -5.75098991394043 60.86601638793945 -0.019797572597468584 -0.9882933517241028 -0.1512755996755167 167 156 124
4.761797904968262 5.309185028076172 31.810964584350586 -0.6092810886721958 0.48524114180587874 -0.6271503721479813 128 114 79
-2.402116298675537 -12.246200561523438 84.36515808105469 -0.009743810696723285 0.883630385805528 0.46808375258524015 137 126 94
-4.10236120223999 6.276149749755859 31.96493148803711 0.019470004504325074 -0.8810009209382316 -0.472713757183551 104 92 60
-10.186124801635742 6.360280990600586 30.972719192504883 0.126144263727634 -0.802922947886546 -0.5825824958628535 123 117 85
0.07366805523633957 6.984834671020508 31.075498580932617 -0.0799695204339419 0.9346673970896241 0.34641266232525664 68 66 41
3.3444056510925293 2.1236650943756104 25.31000518798828 0.839149529327228 -0.3860446573524581 -0.38314173612321933 162 149 133
-4.6887526512146 -19.76603126525879 107.55764770507812 -0.12353305277883662 0.8926431827940959 0.43350632415498536 173 166 138
29.798072814941406 8.316786766052246 41.78566360473633 0.27866804942880236 -0.8400014398324369 -0.4655552591336281 47 40 32
46.052391052246094 8.291715621948242 49.63895034790039 -0.16197902874031128 0.943908888771573 0.28774781310439096 95 89 73
0.3395877182483673 3.0731661319732666 38.490909576416016 0.062425999577266786 -0.8806048821860684 -0.469721232271695 105 87 63
-4.007527828216553 2.020202875137329 39.611751556396484 0.08238191799836161 -0.8517510054590036 -0.5174296515338944 91 76 54
23.057802200317383 0.4721930921077728 58.47154998779297 -0.3458138333214494 0.7174844272379102 0.6046725472142864 184 169 163
4.305258274078369 3.4139599800109863 37.6318473815918 -0.014725162070385765 -0.88601158561081 -0.46342921764323325 94 84 33
-35.28135299682617 -12.410621643066406 81.28742218017578 0.016853224068460067 -0.9391598873793185 -0.34306657484541403 130 125 95
14.03840160369873 1.7369240522384644 47.20566940307617 0.19487599067815167 -0.9198686364374701 -0.3403895414901558 134 133 76
27.07750129699707 11.469734191894531 34.68966293334961 0.3954847351648737 -0.7014117760222314 -0.5929699357546796 31 23 21
-8.213141441345215 1.7791547775268555 39.17769241333008 0.07589150316544935 -0.8716324465541612 -0.4842492724427118 141 131 104
5.855559349060059 8.47735595703125 28.693252563476562 -0.3562307948802183 0.9094639832734696 0.21441754570781424 122 112 79
9.246345520019531 7.8272247314453125 29.64204216003418 0.460893721498555 -0.8703983683800338 -0.17315789847589227 109 109 55
-6.0485148429870605 1.4078354835510254 40.262969970703125 0.09383200248179381 -0.9111278958413783 -0.4012997791301645 149 135 122
-13.752840995788574 -3.034336566925049 48.21737289428711 0.025190402991374837 -0.8992831011101773 -0.436640982564388 145 139 107
-10.719413757324219 3.947303533554077 35.78411102294922 0.003155384363753511 -0.8769464941406082 -0.48057766278096326 143 130 95
6.882810592651367 4.336282253265381 36.40385437011719 0.13213675942344402 -0.8548378410285147 -0.5017889420411518 101 87 52
-22.621152877807617 -3.90185284614563 50.18503952026367 -0.06147879109179825 0.8212155303109027 0.5672965811831355 126 122 87
12.3550386428833 8.163961410522461 31.64912223815918 0.4658849052741172 -0.7316340390061462 -0.4976574002316058 99 90 59
-9.447799682617188 3.079927682876587 36.97193908691406 -0.010553576969330144 -0.9037348950083078 -0.4279624534436119 118 105 73
7.960240840911865 8.032034873962402 29.682092666625977 0.3592294704361412 -0.7915816235010585 -0.49432046377385364 122 108 82
-14.193266868591309 -8.017358779907227 65.56443786621094 0.08540845383441532 -0.9805038586206838 -0.1769677350354137 123 112 82
-3.043355703353882 0.8062843084335327 41.685489654541016 0.05326448083722818 -0.9327292899482229 -0.35662160163655915 125 111 76
-15.884759902954102 3.9994957447052 35.518245697021484 0.01032875546440407 -0.8721030116634526 -0.48921330098239585 147 138 107
-7.718062877655029 -0.10102216899394989 42.1096076965332 0.14377692451019647 -0.93449419358264 -0.32565134444482263 121 109 83
0.6946254968643188 5.762632369995117 33.57142639160156 0.045292521774467076 -0.8312287237608035 -0.5540824814648948 165 148 128
-6.7822394371032715 -0.2419901192188263 43.35547637939453 0.08527224529016632 -0.8771904356500688 -0.4725098769202777 132 121 93
2.8641421794891357 4.6025495529174805 25.535547256469727 -0.0524490803396756 0.42513370586361054 -0.9036096646839251 124 105 99
-8.576369285583496 8.987195014953613 27.178138732910156 -0.050221685178581 -0.8782539723281673 -0.4755499368390427 134 124 99
-4.1387410163879395 -8.382457733154297 75.94347381591797 0.049193556532156936 -0.9843152601842033 -0.1694209625879324 157 146 114
29.198055267333984 10.72650146484375 36.96302032470703 0.1696233497108127 -0.8122442267497426 -0.5581104150117572 53 45 43
9.018381118774414 9.273487091064453 28.314050674438477 0.17709113995831885 -0.8082639291573052 -0.5615586781196229 92 86 52
-8.510555267333984 -4.323528289794922 54.11798095703125 0.09050261487172566 -0.9651171698415174 -0.2456789066616829 127 117 82
13.708841323852539 8.46654987335205 31.487823486328125 0.2323083022256236 -0.8567678424356322 -0.4604147227068658 88 82 58
-2.7028090953826904 -5.406139850616455 59.275856018066406 0.04653716409278685 -0.9674823735597924 -0.24862049233583108 115 101 72
26.695018768310547 -4.6642913818359375 85.93363189697266 0.42031924985859975 -0.9072610430382136 -0.01446125801983655 64 46 36
-21.04665756225586 -15.681526184082031 89.69217681884766 -0.018063400512911332 0.9189883564903688 0.3938706820734961 128 119 88
-4.567996978759766 4.523355960845947 35.19086456298828 0.07092832853161024 -0.8507524056818307 -0.5207585970853382 85 71 41
13.256159782409668 10.59459114074707 27.68085479736328 0.23095956640172066 -0.7901652030676499 -0.5677117495248701 67 52 45
10.960615158081055 5.716700077056885 35.577613830566406 0.15137878009731418 -0.8990346511922713 -0.4108785232788886 76 64 50
-1.2088055610656738 5.133932590484619 34.31895065307617 0.002930038886273157 -0.8627311467244928 -0.5056544109800355 127 113 87
-13.226428031921387 3.7164971828460693 35.617530822753906 0.025747205687974582 -0.8926644504413571 -0.4499858445745715 101 93 56
-4.79695987701416 7.747225761413574 29.422325134277344 0.07603405617631613 -0.9002027310607582 -0.4287818388086522 91 84 31
18.258207321166992 5.589225769042969 39.61330032348633 0.26308502796932165 -0.8915606617484486 -0.36865411225300304 68 54 43
-5.312593936920166 -2.6997523307800293 50.124351501464844 0.15557774445344366 -0.9535775291762646 -0.25784774825634843 117 102 81
22.59174156188965 5.6110711097717285 42.76564407348633 0.20563982754981777 -0.9265943404067045 -0.3148574116192049 0 0 0
-5.1986212730407715 3.9015274047851562 36.0743408203125 0.17706262945350115 -0.8515350917828812 -0.4934944910668524 110 93 73
1.1502312421798706 0.953936755657196 42.15021514892578 0.1466967053277038 -0.9154635624509811 -0.37470861008329487 124 108 83
-9.309857368469238 8.150188446044922 27.608179092407227 0.1731442834083012 -0.7611366115894465 -0.6250536901908205 109 95 66
8.908702850341797 -6.002426624298096 71.9081039428711 -0.18932493161874175 0.9217833301949538 0.33833646336488593 120 107 75
23.96552276611328 8.542166709899902 36.418556213378906 0.3531730170485429 -0.8509097442097354 -0.3888719933831082 50 42 39
-2.5992043018341064 6.531532287597656 31.81954574584961 -0.021388227912162588 -0.8641733426326431 -0.502739472878251 125 108 86
-4.465944766998291 7.162160396575928 30.522552490234375 0.05756101766217807 -0.8326501622983465 -0.550799815241646 169 156 114
10.668537139892578 4.322621822357178 38.07845687866211 0.2952680115848828 -0.8615444964604003 -0.4129865396759379 99 87 61
-10.536395072937012 -5.545902252197266 57.15732192993164 0.05513062204807858 -0.9651544849400515 -0.2558074172354969 133 128 92
16.687599182128906 7.556579113006592 33.97710418701172 -0.059998788747303494 0.8994950124418111 0.43279194532842524 54 47 39
-6.020571708679199 5.301533222198486 33.71781921386719 -0.01857183406029347 -0.7657389733136849 -0.6428832800191191 108 95 78
-8.63314151763916 -4.7672343254089355 54.64261245727539 0.10480023141031897 -0.950652450822307 -0.2920219670536537 159 148 116
-19.890602111816406 -1.7252614498138428 45.39876174926758 -0.03721235537365906 -0.8009642909921371 -0.5975545541312589 92 86 62
-8.141341209411621 5.823505878448486 32.23989486694336 0.3374529362174777 -0.6987486011558076 -0.6307740548096483 183 175 129
4.74015474319458 6.4373555183410645 27.4112491607666 0.8819722696624004 0.1098389220754469 -0.45832338664294453 136 129 85
-23.935518264770508 -2.0372555255889893 46.62077713012695 0.020293802347881296 -0.9194122011976181 -0.39277139136552974 89 82 56
-11.397642135620117 7.588924407958984 29.002178192138672 -0.1445261436492146 0.9144809247373012 0.3779376034393741 132 121 89
17.413896560668945 10.091156959533691 30.592988967895508 0.20682666546898873 -0.8328666349413516 -0.5133769559032116 50 41 41
-10.254905700683594 6.688021659851074 30.50889015197754 -0.0012888872527422005 -0.8019714429632429 -0.5973609825232176 105 96 55
4.099184513092041 8.287395477294922 27.17755126953125 0.5952138602451108 0.20740131544642917 -0.7763408754685047 239 231 221
-8.314035415649414 7.29442834854126 30.18997573852539 -0.049953886863726496 -0.8527160739066739 -0.5199806789568187 105 102 59
7.775903701782227 7.635430812835693 29.84723663330078 0.3064150173081644 -0.6920461272679537 -0.6535916117128984 2 0 4
-10.393844604492188 1.0806732177734375 40.283634185791016 -0.003839536648882229 -0.9553150459859062 -0.2955645798658351 104 92 65
-3.717569351196289 -19.866830825805664 109.91859436035156 -0.12353305277883662 0.8926431827940959 0.43350632415498536 117 110 82
-9.623090744018555 6.029253959655762 31.72427749633789 0.14179463471431358 -0.8586719183164393 -0.49252088104059166 131 128 83
13.557268142700195 8.048992156982422 32.24483108520508 0.010444936578411768 -0.5724455361604835 -0.8198762171387883 94 88 56
27.47835922241211 14.742859840393066 31.03643798828125 0.232919828258459 -0.8462365030854955 -0.4791994725056385 60 52 49
-9.349691390991211 7.585554122924805 29.315393447875977 0.22645767580804432 -0.8000481976572202 -0.5555536000180827 154 143 111
-2.082231044769287 7.293208122253418 30.507225036621094 0.008836243985759593 -0.8613013935671736 -0.5080175491372996 112 101 71
10.980731010437012 7.636396408081055 31.02546501159668 0.0416094297397046 -0.7142891068550278 -0.6986127161632426 111 106 66
-1.165273904800415 -4.1971893310546875 56.0899658203125 -0.4333071100797727 0.6857748573024868 0.5847715737329139 122 117 50
36.02875518798828 5.399240970611572 52.48308563232422 0.23276029769931275 -0.9097155527342445 -0.3438608103991435 51 43 41
10.131303787231445 5.011580944061279 36.46937561035156 0.2229832820102448 -0.7608293510611533 -0.6094400335617967 114 99 78
-1.9251049757003784 6.077794075012207 32.60620880126953 -0.0999830772053177 -0.8276754039060714 -0.5522289471238151 70 58 36
0.9781518578529358 3.159395217895508 37.99131393432617 0.07409604531330122 -0.7628332361704002 -0.6423357610025482 79 65 44
2.442728281021118 6.79814338684082 26.202062606811523 -0.8014600903774654 0.2847296950681348 -0.5259189331812959 97 88 93
-16.069591522216797 -2.7085554599761963 47.84128952026367 -0.10331656049246579 -0.8423002694479751 -0.5290141249682047 139 132 116
12.375725746154785 6.108255386352539 35.69021224975586 0.22141604431758627 -0.8439009856473941 -0.48867787114019096 107 106 67
0.9138460755348206 6.975700855255127 31.453855514526367 0.05472400404532695 -0.9051880421895026 -0.4214734768148314 63 55 32
-1.8762266635894775 5.346760272979736 33.9159049987793 -0.07592725707036765 -0.8072000398219241 -0.585374365124793 105 84 63
-7.190793991088867 2.7905514240264893 37.541622161865234 0.12668604019764856 -0.8221463818507501 -0.5550008775026939 111 100 72
6.121494770050049 7.2359724044799805 31.191307067871094 -0.2130063376713694 0.9558588424871038 0.20239113950725526 135 131 93
19.684579849243164 6.956119060516357 37.613704681396484 0.16475097243941997 -0.9238472845079695 -0.3454899593150519 78 68 66
13.3699951171875 8.367301940917969 31.68876838684082 -0.11547814843132673 0.9288436060568733 0.35201470526405076 33 25 12
4.425055503845215 6.143105983734131 26.610950469970703 0.6252166244701394 0.483031257742515 -0.6130130312887716 164 146 136
-19.887115478515625 1.8377023935317993 38.856388092041016 0.016688965713881402 -0.9107899627238287 -0.4125325711079396 69 64 34
3.6062140464782715 4.978209018707275 25.78496551513672 0.6150329971164907 0.19689350660213262 -0.763522992133061 199 170 164
-12.611839294433594 -2.7259809970855713 47.0863037109375 -0.0005468777679268199 -0.8244936769589384 -0.5658709018667037 157 148 119
-5.415474891662598 3.474777936935425 37.02125930786133 0.08549642642445364 -0.8562238098652727 -0.5094812543052439 123 111 87
5.291306018829346 1.8287140130996704 41.57099533081055 0.16474933589258903 -0.8917527819473007 -0.4214672374125905 155 135 98
3.1727797985076904 1.979511022567749 24.913599014282227 0.6463850754687759 0.08275570139155784 -0.7585102689472413 151 135 122
13.715764045715332 6.673532485961914 34.995216369628906 0.17421552409038812 -0.9319377655610934 -0.318026653422175 97 89 75
-15.879300117492676 -3.725268840789795 49.859798431396484 0.05063678715482892 -0.9165637409196256 -0.3966696668741604 140 135 105
16.980531692504883 1.4833515882492065 50.665828704833984 0.2785473609083907 -0.9277101043086516 -0.24852631670429004 160 152 106
3.2551064491271973 1.4969115257263184 41.716529846191406 -0.17063777652355744 -0.9033855829965327 -0.39341738352176514 108 91 65
-10.411476135253906 -3.48720383644104 51.02849578857422 -0.18217910042546068 0.8909903025542409 0.41586903722502816 187 179 140
-1.5932193994522095 6.4322943687438965 32.0243034362793 0.0598305569324826 -0.870545928064756 -0.48843637414408586 132 121 89
5.992314338684082 7.808643817901611 29.974075317382812 0.014635694778093206 -0.8878764021948364 -0.45984920448329114 161 142 133
3.05719256401062 1.19981849193573 24.78639793395996 -0.44754027657686657 0.31415880047565475 -0.8372645632804485 223 214 205
-11.740893363952637 6.444410800933838 30.924182891845703 -0.21110514666201563 0.870717031523562 0.44416941370112994 79 73 39
0.43091267347335815 1.3766833543777466 41.391822814941406 0.04635177500478135 -0.8511091793725674 -0.5229385028295975 132 116 90
41.73368453979492 8.199679374694824 48.63968276977539 0.19199528779689137 -0.9009251977911473 -0.38919352184841377 61 51 49
-12.862807273864746 1.6488491296768188 39.573089599609375 0.003221913921017412 -0.9031388619395334 -0.4293364826394911 117 103 74
2.731583595275879 1.4633440971374512 24.9583683013916 0.2319102263778703 -0.17265628704889374 -0.9572917284944308 136 127 118
-8.070696830749512 -2.0934085845947266 49.737125396728516 0.03328006155215572 -0.9171779349629632 -0.3970857251528434 120 105 84
-13.448542594909668 -16.46483612060547 92.98225402832031 0.041571595765925895 -0.9601700610534504 -0.2763064535657596 160 154 120
15.344243049621582 9.059087753295898 31.55622100830078 0.290381430027909 -0.8366125893437679 -0.46449757851517637 77 68 53
-6.11232852935791 7.265434741973877 29.807226181030273 -0.16245206385818123 -0.7881655534058055 -0.5936365785333128 171 169 117
47.555294036865234 8.529264450073242 48.28252410888672 0.16832824197877702 -0.933782601318041 -0.3157778593062648 64 55 46
-18.645429611206055 -3.637791156768799 49.77424240112305 -0.0005174921015730262 -0.8981790998617686 -0.4396294311956695 133 127 93
-3.1448285579681396 3.3840694427490234 37.155941009521484 0.07819825538017548 -0.8933322194690737 -0.4425410472644935 98 82 67
-12.964579582214355 -6.328115940093994 58.462406158447266 0.09540756613393961 -0.9320236920189593 -0.3496129772187326 166 164 126
-6.604001522064209 -3.3152947425842285 51.31756591796875 0.03559459050772335 -0.9531476379822309 -0.30040407010472026 107 96 64
-5.374956130981445 2.776174783706665 39.79960632324219 -0.5456669813997747 0.8162562913847113 0.1896660543822617 86 73 57
-10.942895889282227 3.467667818069458 36.33302688598633 0.019134460930902878 -0.8457224516711782 -0.5332798581834641 124 109 72
-6.236088275909424 7.905551433563232 28.507612228393555 -0.10400749755774802 0.7398965386739038 -0.6646318924864737 135 122 86
7.6147379875183105 4.700135707855225 35.837677001953125 0.1964283715742646 -0.9010875080683518 -0.38659694469026895 90 77 37
17.0957088470459 5.927807807922363 37.88935470581055 0.2786648527488698 -0.8586369998291188 -0.43021901674252083 87 72 65
18.520742416381836 7.202422142028809 36.47382354736328 0.011852926454454633 0.8587334989381633 0.512285355964705 52 41 35
-4.9871087074279785 -5.858759880065918 63.13267135620117 0.16004961325188138 -0.9814589211962771 -0.10546329836565463 0 0 0
21.004318237304688 7.178633689880371 37.85307312011719 0.19193497074100108 -0.9625592455709768 -0.19141751689039005 98 89 82
19.94993782043457 -10.362693786621094 87.43407440185547 0.1864205313227439 -0.9221504772043843 -0.3389482008995958 115 103 77
2.429523229598999 -7.0949625968933105 72.2618408203125 0.03414512264474165 -0.9588416243775303 -0.2818809145022676 147 135 97
13.753137588500977 8.51673412322998 31.50327491760254 0.22522232587631488 -0.847277048536355 -0.4810369080958195 0 0 0
-8.99106502532959 2.057955741882324 38.556304931640625 0.07444080888675972 -0.9297997511569033 -0.36045941341688703 137 126 93
26.048307418823242 12.660573959350586 32.4411506652832 0.3672659606093064 -0.7658223438996435 -0.5278559005654665 40 33 25
4.324856758117676 7.874207019805908 27.316450119018555 0.6168829605317523 0.2870508009921927 -0.7328419001771944 197 178 172
7.202784061431885 3.55379319190979 38.03885269165039 0.16452991815653156 -0.8283505154821229 -0.5355047427725605 83 68 39
-9.508787155151367 5.7076802253723145 32.26877212524414 0.0284181137935792 -0.8935091736398452 -0.44814480631806514 110 105 63
17.7105655670166 5.880845546722412 38.79851531982422 0.301154841647552 -0.8822757427989185 -0.3617945204406146 63 49 36
-1.624513030052185 4.372227191925049 35.784122467041016 0.040878716663796576 -0.8667107534980169 -0.49713318164735426 105 84 63
-15.696063995361328 -9.528413772583008 77.40631103515625 0.08082244239544492 0.899064352665532 0.43029178771078475 160 149 121
4.9161057472229 8.985570907592773 28.50674057006836 0.13833622862895248 -0.8524058827383858 -0.5042492428568548 173 160 128
-1.57074773311615 -3.354351758956909 54.706748962402344 0.49762005055047037 -0.834888950399242 -0.23523334328151574 53 49 17
4.234882354736328 1.1963142156600952 42.366634368896484 -0.014360746218636821 -0.8218578099031429 -0.5695116410305003 103 85 61
10.770317077636719 5.234035968780518 36.58415985107422 0.30226923437848313 -0.7049532497606793 -0.6416184423784145 94 90 61
7.2706298828125 7.002310276031494 31.758352279663086 0.12159954496510088 -0.8838863978276383 -0.451617522245941 136 121 105
-20.73995018005371 -3.5077149868011475 49.786529541015625 -0.07159104209949588 -0.8799563687939908 -0.46962912144585206 88 83 53
-6.570694923400879 4.216002464294434 35.31037902832031 0.07486006340288612 -0.8639695453128673 -0.4979483865614922 126 111 90
26.680583953857422 8.368727684020996 38.91876983642578 0.40552163255916346 -0.7528883434207714 -0.5183737530659488 64 55 48
10.801934242248535 8.561236381530762 30.174285888671875 0.1040983416145106 -0.8445176791184955 -0.5253126925264787 62 55 26
-14.61303997039795 -1.6319751739501953 44.99674987792969 -0.01665546919733271 -0.8841741853469436 -0.4668603702520547 134 124 89
18.76949119567871 11.964811325073242 28.72808074951172 0.33547558802407557 -0.8060201052486232 -0.48763482215167786 66 52 51
-8.908526420593262 0.9971520304679871 40.946983337402344 0.07908740724171286 -0.8339251253368476 -0.5461813502379099 119 109 84
-15.883719444274902 -0.9147486686706543 44.29096603393555 0.0868186577643624 -0.8807774724821261 -0.4655035602785351 94 89 59
-2.8595237731933594 8.804091453552246 28.315099716186523 -0.028667280189541497 -0.8730430015812433 -0.4867998607606085 136 122 83
3.1860663890838623 1.4952040910720825 24.99630355834961 -0.2676293642187647 0.48932633565738304 -0.8300206386831462 100 94 68
-11.750232696533203 6.025885105133057 31.404890060424805 0.07343087097370092 -0.8728780274505195 -0.48238144282521245 106 97 64
18.633939743041992 9.533937454223633 31.740062713623047 0.30548401827822896 -0.7876966837766158 -0.5349892045115567 64 55 46
-6.015641689300537 -2.9522318840026855 48.868797302246094 -0.053695128796721926 -0.9314695399710242 -0.3598351417658814 0 0 0
-13.044344902038574 -0.818078339099884 44.09505081176758 0.017927489772031853 -0.8951854769484489 -0.44533309664907234 88 78 53
-0.8203303217887878 6.710559368133545 31.628219604492188 -0.08940863737767074 0.9609947205942599 0.2617159577714529 70 63 55
-16.765796661376953 3.457176685333252 36.15544509887695 0.05531872131246129 -0.8453391943512569 -0.531358151876794 149 140 109
-6.50660514831543 5.434925556182861 33.76729965209961 -0.05872273048341814 -0.7283667973654431 -0.6826664261703365 104 88 73
15.675743103027344 2.035564422607422 48.538291931152344 -0.06121754046990511 0.9470109798040811 0.3153135215453496 144 143 87
21.12431526184082 0.5039721727371216 59.614173889160156 -0.056583478583757604 0.9405233675294882 0.3349837385342054 146 130 117
-5.479470729827881 6.113361835479736 32.8586540222168 -0.09032033387020778 0.9356967961374969 0.34104800686647846 140 133 94
-5.564249515533447 8.338722229003906 28.29177474975586 -0.19671202073464444 0.9614769118770986 0.1920065853708412 86 75 42
-24.737506866455078 -4.755143642425537 51.94514846801758 -0.01545684792087954 -0.9110081369910279 -0.41209860493392614 104 98 66
-13.979798316955566 -2.645364284515381 48.0009651184082 0.00022759550919143964 -0.8393088227965662 -0.5436548980521803 139 136 105
15.867276191711426 3.100107431411743 43.67985153198242 0.22158209191596637 -0.9338652563780312 -0.2807081393051111 83 74 45
20.53940773010254 2.4653942584991455 50.40510940551758 0.2912207982624672 -0.930077186879685 -0.22393497517212857 106 103 62
-2.2346174716949463 6.50971794128418 31.69152069091797 0.029781331119361022 -0.8897560477218932 -0.45546377227950213 143 130 90
15.029890060424805 10.02859878540039 29.75611686706543 0.35300481043485593 -0.7826974502904189 -0.5126132120017284 66 59 43
-8.02836799621582 6.090763568878174 32.19813537597656 0.2299167366365525 -0.7171872419313001 -0.6578607407539776 113 100 58
1.4181276559829712 8.25633716583252 28.358139038085938 -0.8599553401357418 -0.17090019566073575 -0.4809053296597398 47 41 41
-10.855947494506836 -2.512058973312378 48.78053283691406 0.13268007833938997 -0.943039697104534 -0.3050772467701291 60 44 45
-12.760001182556152 -7.1431474685668945 60.92435836791992 0.10622680315764962 -0.9692733935893082 -0.22186697539465425 154 148 114
19.240018844604492 6.042413711547852 39.29749298095703 0.19113157116146845 -0.8708945735215097 -0.4527818065206857 59 44 39
22.229633331298828 6.4335198402404785 39.92948913574219 0.1286637790279106 -0.876906766636973 -0.4631200218005553 76 62 50
6.013165473937988 7.133350372314453 30.762144088745117 0.31842701487180025 0.8935377208945496 -0.31653527060725356 125 120 81
1.0715774297714233 8.770365715026855 28.371793746948242 0.01694390490020658 0.9866093926577117 -0.16221840341439156 125 107 93
11.3782377243042 5.2525105476379395 36.84865951538086 0.10534452572801196 -0.859886856884362 -0.49949687111800106 107 105 57
-1.8371975421905518 3.1591861248016357 37.761878967285156 0.04744352134132405 -0.8833362554780547 -0.4663326838650109 98 79 62
-5.554618835449219 8.879110336303711 27.018556594848633 -0.005044479055913603 0.9562377453001405 0.2925473084722492 130 124 92
2.382624626159668 7.385100364685059 26.48613166809082 -0.7799012088304711 0.29246361250595965 -0.5533707074147795 148 143 147
-2.1947879791259766 -9.808634757995605 78.90892028808594 0.011040155706725188 0.8985768687971843 0.4386772456198507 107 96 64
-0.2349090725183487 2.5565428733825684 38.74037170410156 0.10569631750829483 -0.827110299209518 -0.5520116315864438 128 112 94
-12.530023574829102 -9.10086441040039 74.97699737548828 0.013273042243517585 -0.950267309729615 -0.31115248096205456 153 142 110
5.274351596832275 5.048742294311523 34.816104888916016 0.12197033548127473 -0.8445799412134781 -0.5213520501181749 112 93 61
-1.9681888818740845 7.649278163909912 29.9162654876709 -0.08568475649401493 -0.8353495821223087 -0.543000182460969 138 127 92
-17.477685928344727 -1.4463868141174316 43.839080810546875 0.1190495493827135 -0.9134489982883327 -0.3891505265547177 0 0 0
17.69493865966797 3.0205130577087402 47.632843017578125 0.3082048779263436 -0.9394456390453924 -0.14983872830814532 118 116 68
-7.42922306060791 6.231404781341553 32.1187629699707 0.036978115781107705 -0.8620880580121801 -0.5054075575078659 113 103 52
3.9754104614257812 -3.0858545303344727 59.947261810302734 -0.49383385419885717 0.7099882087586088 0.5020407034004756 117 103 75
-0.8231056332588196 -2.097538471221924 49.972572326660156 0.1927199724299293 -0.9517856035022451 -0.23866959838335966 114 98 73
-9.867060661315918 1.8525066375732422 39.19789123535156 0.10918722182645065 -0.895130834605491 -0.4322255655653634 121 111 76
-20.640275955200195 -4.2512030601501465 51.08682632446289 -0.029312796519087768 -0.9201947799517788 -0.39036178976652897 136 130 98
-5.406838893890381 6.098439693450928 32.6064453125 -0.21340821546396313 0.898157064201046 0.38440970539028363 121 114 84
2.3800246715545654 5.934600353240967 25.90217399597168 -0.7075842469369793 -0.14466032855255945 -0.6916631570567379 160 144 147
10.097556114196777 9.575039863586426 28.120338439941406 0.1186329269453801 -0.9145621452886447 -0.3866552871090787 85 73 49
-3.985870361328125 -0.3107040226459503 44.42549133300781 0.07283346603514569 -0.8887996150075385 -0.4524715798674642 133 118 95
-16.04767608642578 3.700758934020996 35.556461334228516 0.00506275030738203 -0.8726535084457334 -0.48831365202774885 127 118 87
0.01819233037531376 4.3693461418151855 35.79034423828125 -0.08040259062021995 -0.7654073452230445 -0.6385037347581989 144 143 98
2.5111327171325684 6.752535343170166 25.891830444335938 -0.7264650225289244 0.4098914533915752 -0.5515773449649575 0 0 0
2.4215946197509766 -0.24316823482513428 24.010833740234375 0.1842462803533372 -0.042316388435700764 -0.9819687527847911 237 230 227
-10.63303279876709 7.479921340942383 29.21787452697754 0.013398592889395563 -0.9026726826172887 -0.4301191762350192 102 92 57
-12.507012367248535 0.9408470392227173 40.83619689941406 -0.0341015311827913 -0.7968624507178411 -0.6031975797422809 83 69 42
24.253469467163086 7.321678638458252 38.56071853637695 0.34513249630120546 -0.7885538079180447 -0.508985709047759 64 49 44
-21.326642990112305 -6.8594512939453125 58.506805419921875 -0.16215022168471888 0.8865031589791571 0.433381419453548 138 136 97
-4.409691333770752 3.0730223655700684 37.64583206176758 0.14396227152588575 -0.8429227762966143 -0.5184168762468244 126 110 87
24.156282424926758 -2.616910457611084 73.66720581054688 -0.24075984860832284 0.8956300917750912 0.37400726464206485 149 143 109
-15.236241340637207 -2.9987759590148926 48.49795913696289 0.008171942761855606 -0.8807038978917427 -0.4735967309745578 71 62 31
-8.654964447021484 2.7220566272735596 37.776554107666016 -0.03613483564464958 -0.833563818999323 -0.5512400868117249 91 80 51
-4.669154644012451 6.8710784912109375 30.90713119506836 0.02567862665956461 -0.8495436755244661 -0.5268929222425169 93 78 45
25.98636245727539 7.351304531097412 39.72319793701172 0.44906713566932044 -0.7660097924287744 -0.45996489601379137 72 56 56
-6.95210075378418 6.325791835784912 31.960521697998047 0.0922725281199785 -0.8778984182137717 -0.4698724804158098 147 135 93
-2.8748860359191895 7.145766258239746 30.842931747436523 0.029652901598451263 -0.803262863648984 -0.5948861044849056 117 104 59
12.5946044921875 -8.810502052307129 78.97313690185547 -0.16989196138336268 0.8781396223203518 0.4472220088148434 87 76 46
17.585050582885742 6.86828088760376 36.609092712402344 0.159394371312546 -0.9374697206918914 -0.3094252044998032 145 131 128
-5.438134670257568 5.860721111297607 33.020652770996094 -0.16979175406195093 -0.8774227945370765 -0.44866468534899684 73 64 51
-0.02219907008111477 7.2461957931518555 30.3976993560791 -0.04795868126940215 -0.7588067321021522 -0.6495477720748122 62 61 33
-0.1191435307264328 6.241670608520508 32.539207458496094 0.24568939500885503 -0.8385015805818132 -0.4863659327522676 60 49 27
-11.408561706542969 8.566349983215332 27.313997268676758 0.19780874352602631 -0.669501866412999 -0.7159880947712511 115 100 77
-0.5669085383415222 5.622709274291992 33.69234848022461 0.13517914356577257 -0.858036239289001 -0.4954799806365665 101 86 55
0.282536119222641 -14.110711097717285 88.58769989013672 0.08466826922989573 -0.9541089965855797 -0.28724085158638596 160 149 119
-0.8066608309745789 -3.373472213745117 55.74592590332031 -0.30008375348249383 0.7455006110981445 0.5951290446181827 64 47 27
-12.147494316101074 -0.23063145577907562 42.93695068359375 -0.20759429326693932 0.8866393720143402 0.41324960181108106 95 83 59
12.272308349609375 8.978219032287598 29.960067749023438 0.22612113154132155 -0.8463513654038601 -0.4822432997455682 70 59 39
-9.8756103515625 7.261297225952148 29.732152938842773 0.01851141245308097 -0.8517744409761082 -0.5235815402674447 93 83 48
3.0784430503845215 5.39711856842041 25.78396224975586 0.2868631730619166 0.29314862100140643 -0.9120161215383323 143 121 118
-2.6560516357421875 5.0797624588012695 34.243072509765625 0.03434262360361891 -0.8692672838555179 -0.4931480238452459 121 107 80
-10.434717178344727 2.543875217437744 37.893306732177734 -0.012654645507471802 -0.8728466702212478 -0.4878304523405241 127 117 77
14.109639167785645 -4.761250972747803 69.97901916503906 -0.16813904039787558 0.9128963001540603 0.3719537716694229 120 106 77
4.441879749298096 1.7268543243408203 41.518409729003906 0.027341780196179593 -0.9710628767352294 -0.2372536964567766 99 85 50
6.157904624938965 8.944803237915039 28.100692749023438 0.06908438067679026 -0.8588068509876925 -0.5076200754925949 130 117 98
7.774349689483643 6.504746913909912 32.51220703125 0.23890295620570015 -0.8482909382987658 -0.4725757733066491 141 136 94
14.202253341674805 6.364020824432373 36.141563415527344 0.15604018043455925 -0.8435483658983196 -0.5138848280307808 85 71 62
-24.178043365478516 -3.7839243412017822 49.41526412963867 -0.043239359859693946 -0.9277866243826227 -0.370597271138931 99 92 66
-7.636370658874512 -2.226424217224121 48.912208557128906 -0.012649538835446415 -0.9275075470649833 -0.3735903362036394 96 81 58
-27.950214385986328 -12.090694427490234 81.55200958251953 0.05743904204320987 0.9196527368037376 0.38850945952261423 111 105 71
19.81924057006836 10.514433860778809 30.95524787902832 0.2424556140730721 -0.7874993283193508 -0.566621640163011 46 37 31
-5.173422336578369 3.149279832839966 37.42995071411133 -0.04014871000424886 -0.8711554809976548 -0.48936306461842777 107 94 77
-2.8890860080718994 6.063544750213623 32.91948318481445 0.13349014624136943 -0.8740751207408421 -0.46708999578062066 109 97 60
16.837936401367188 7.694299697875977 34.45979690551758 0.1445056081278767 -0.9034130381067954 -0.4036867743662685 47 39 37
-7.951775550842285 2.243253231048584 38.52177429199219 0.02035784868609067 -0.9107814926188655 -0.41238650644731994 128 117 87
-4.5672454833984375 4.52272367477417 35.22148132324219 0.07092832853161027 -0.8507524056818307 -0.5207585970853382 78 63 32
3.2580246925354004 4.820300102233887 35.249366760253906 0.0010924857012434036 -0.7994469843618965 -0.6007356537360357 99 86 52
10.157511711120605 7.8066325187683105 31.0621395111084 0.11703939810811595 -0.8323144643591791 -0.5418066183694905 137 135 86
-16.59808349609375 2.8844680786132812 37.04618453979492 0.04093808709409239 -0.8589483326453866 -0.5104231919405569 94 85 54
-12.800084114074707 4.168975830078125 35.04185485839844 0.048982648520714434 -0.8664575955704109 -0.4968419620183448 122 116 80
-0.8897954821586609 2.7318990230560303 38.5733642578125 0.02256245549183124 -0.8926600316055094 -0.4501655290848355 119 99 72
-10.419975280761719 -7.992672920227051 68.42137908935547 0.13922519595343552 -0.97833756427392 -0.1532055976206507 144 133 101
1.5071651935577393 8.628557205200195 29.027549743652344 -0.05588544202839742 -0.8727577237482654 -0.4849440926612439 45 40 34
3.1692445278167725 -0.7104129791259766 46.9925537109375 0.10319863449591968 -0.9568410609017234 -0.27167117257935647 122 101 84
-8.682766914367676 2.737682819366455 37.99494171142578 -0.009994521935169788 -0.8542088151569198 -0.5198340212409133 114 103 75
-0.3449670374393463 6.377500534057617 32.00314712524414 0.34611555007224476 0.9380685444303174 0.015212887581687897 54 48 37
6.477259159088135 -2.426954746246338 56.47385787963867 -0.04667742856249342 -0.9521537276954211 -0.30203393269383977 96 80 54
-5.818120002746582 5.91431999206543 32.96148681640625 -0.40818231149304557 0.884309049030236 0.22668194984919707 142 132 95
-13.461102485656738 -3.042659282684326 48.468379974365234 0.05933335787961121 -0.9353204522598163 -0.34879106099099355 150 144 110
-6.076435565948486 6.4268670082092285 31.863943099975586 -0.002898106282503372 -0.9292481952665919 -0.3694447084121758 70 56 28
36.40515899658203 5.518674850463867 53.792850494384766 -0.1701675482116982 0.9189806150618584 0.35569317490802155 48 40 37
-6.960322856903076 7.225002765655518 30.24921226501465 -0.05503613448611994 -0.8066860738027075 -0.588411932436451 128 119 76
8.244219779968262 -0.3150038719177246 48.394107818603516 0.31726267084011595 -0.9269130853643315 -0.2004408388322394 148 134 105
-6.864587783813477 -6.440127372741699 61.715579986572266 0.21640357427594117 -0.9700641787712062 -0.1102042744431584 125 114 84
3.8345415592193604 5.3014020919799805 34.867393493652344 -0.07143084257856698 -0.8806462647575249 -0.46835861377488913 109 95 56
23.092609405517578 10.04273796081543 33.65827941894531 0.3516754158136962 -0.7577317454616619 -0.5496971928542906 49 41 39
-8.022159576416016 5.15532922744751 33.49932861328125 0.15189012111746011 -0.7906976695846056 -0.5930654149589213 119 105 79
-5.233499526977539 5.482381820678711 33.60149383544922 -0.007997795864945072 -0.7964189797021884 -0.6046923548643787 113 99 79
2.2698404788970947 -10.701912879943848 81.0555648803711 -0.20402241963389608 0.8820516239407372 0.42468786772197603 126 117 101
-12.882801055908203 7.6558637619018555 28.73772430419922 -0.11918010322619298 0.9095354666345115 0.3981724977053729 142 132 97
25.851726531982422 7.819431781768799 38.770301818847656 0.3721897731657826 -0.7624578624138612 -0.5292757133990647 69 60 51
2.9554059505462646 0.7219744920730591 24.77492904663086 -0.9268494673440902 -0.1553184462505972 -0.3417985446696296 213 206 198
18.52252197265625 -7.230335712432861 77.69206237792969 -0.2248837129843122 0.8913615946085902 0.39357568940576376 126 110 84
8.847358703613281 8.056146621704102 30.10849380493164 0.12839965201815282 -0.84303937120293 -0.5223008213313337 115 114 70
-15.06241512298584 1.4972646236419678 39.51211166381836 -0.1118170559661346 -0.8426748160613811 -0.5266840612463831 94 87 58
3.3036210536956787 1.6901012659072876 41.077362060546875 -0.024707832832952237 -0.9019566637507345 -0.4311191247350824 111 90 69
-11.169486045837402 -1.7738173007965088 46.32903289794922 0.045763665400775165 -0.9290616013786533 -0.36708340710636683 102 95 78
17.584888458251953 -3.3791277408599854 70.7933578491211 -0.18228765499633487 0.9286693468438111 0.32302392336888397 129 118 86
10.126984596252441 0.44164320826530457 48.276153564453125 0.2471138634089391 -0.935639926551262 -0.2520171945607209 153 144 100
13.682239532470703 9.352438926696777 29.99472999572754 0.173737688284332 -0.8486233006298537 -0.4996535892973347 58 49 40
23.769437789916992 -0.2140074074268341 61.4277458190918 0.2658322127370195 -0.927127543443036 -0.26413586061082606 105 92 73
1.9852052927017212 6.366026878356934 31.47213363647461 -0.23865693423765874 -0.7348354892153903 -0.6348698067555741 142 138 95
-4.49306058883667 6.005223751068115 32.43938064575195 -0.0020210171331837773 -0.7519966488256566 -0.6591638306557251 106 100 64
-10.660127639770508 9.18712043762207 27.1270694732666 -0.10187621545744331 0.9324720318707479 0.3465792066799564 153 144 118
-32.32638931274414 -14.015849113464355 86.20965576171875 -0.018587980310182006 0.896700395290119 0.4422475416263297 141 135 103
-12.266139030456543 5.101224899291992 33.27082443237305 0.09546980008767582 -0.9052459606709913 -0.41402326982921295 120 110 75
-7.147211074829102 7.074758052825928 30.419429779052734 -0.0509908993295125 -0.7864462085919325 -0.6155503953186467 95 88 46
6.1342010498046875 6.770755290985107 31.762956619262695 -0.021329295941021727 -0.9103337514152265 -0.41332495952814297 126 128 78
0.9965963959693909 -2.8774943351745605 7.392784595489502 0.5030120400467336 -0.863175851797815 0.043661612901255 63 75 99
-18.29322052001953 -3.7939980030059814 50.057132720947266 -0.010328743701708252 -0.8868763231482999 -0.4618914423243807 122 116 84
-16.53458595275879 1.2805917263031006 41.65446090698242 -0.05464381769878863 -0.8798271124582759 -0.4721422512025725 103 98 68
1.1617094278335571 1.620790958404541 40.75955581665039 0.11542862297653342 -0.9082476943068195 -0.4021969154333332 117 102 69
16.44521713256836 0.6029766798019409 52.54859924316406 0.27915724549226356 -0.9305994393061032 -0.23676130564840744 127 119 70
7.503162384033203 -4.100698471069336 60.78188705444336 0.11595392845987958 0.8893625132850403 0.4422544589238619 136 122 94
-7.433714389801025 2.674067258834839 37.60573196411133 0.06910581521095473 -0.8303520206081875 -0.5529375264674389 158 151 123
-6.152796745300293 4.8359479904174805 34.454742431640625 0.0367488281517379 -0.8705741919077085 -0.49066291893082187 111 96 73
17.891002655029297 5.916749477386475 38.32673645019531 0.3319035184869798 -0.8455786851267902 -0.4181348367156366 69 55 42
6.359874248504639 -4.070204734802246 60.74785232543945 -0.004131208904542757 0.9175003272776954 0.3977135684865537 113 98 78
18.724132537841797 6.947113990783691 36.91365432739258 0.017096292477928314 0.9527439390995018 0.30329309799709264 42 32 22
-17.23196792602539 -7.313880920410156 60.21064758300781 0.06715171953671727 -0.9624333728677471 -0.2630829704744758 157 153 116
8.741329193115234 -1.7392469644546509 54.61985778808594 0.10891170452186512 -0.9537676912902942 -0.28011681789732806 121 106 78
4.165069580078125 -2.80057954788208 58.84909439086914 -0.09917684150860304 0.8935808877831739 0.4378094917849681 240 232 225
9.65478515625 5.794287204742432 35.065059661865234 0.2615189409572045 -0.9381630337815233 -0.22684348253029324 119 112 73
-18.30490493774414 0.8841133713722229 40.73847961425781 -0.009539708695970359 -0.8624845394216142 -0.5059934912789709 118 109 78
-6.562160015106201 -0.2340458184480667 43.48111343383789 0.09048993056079618 -0.8872833561497449 -0.45226078579371365 117 106 78
16.267074584960938 2.2832882404327393 46.627464294433594 0.11532880884386325 -0.9313314214938663 -0.3454287903300329 138 135 88
1.3277384042739868 5.3209733963012695 34.241302490234375 0.08826617112485627 -0.85074524336694 -0.5181135145153845 139 129 78
2.7007896900177 -0.52533358335495 46.08528137207031 -0.08234669764424912 -0.9186926331378079 -0.3862937576578313 107 89 72
-5.3470330238342285 -8.63269329071045 75.92542266845703 0.03734836399980651 -0.9945907089887684 -0.0969248229286817 140 127 95
33.77001190185547 11.613005638122559 37.38511657714844 -0.19841129532163193 0.9544264014675908 0.2229421496048169 38 34 31
-0.03176644444465637 7.871845245361328 29.67193031311035 -0.16830939255901475 0.9502305338856327 0.2621714722235059 136 129 90
3.0448126792907715 0.7949478626251221 24.622140884399414 0.7921345744298074 0.3743360625500814 -0.4820739863002458 226 218 209
-5.472853660583496 3.8684189319610596 36.14033126831055 0.17874554998540113 -0.8539278964901473 -0.488730166816341 167 154 137
-6.794402122497559 4.157082557678223 35.48146057128906 -0.009058206291997828 -0.8774852693794831 -0.47951804024539857 160 148 124
1.1895699501037598 8.01626205444336 29.746915817260742 0.08005692145780154 -0.8988569887519446 -0.4308677327190858 78 70 59
9.713668823242188 9.018782615661621 28.809612274169922 0.2190157215736784 -0.8199111661516966 -0.5289402549658383 68 58 23
2.1949431896209717 5.210229873657227 27.520263671875 0.961392014080696 0.2335955461067242 -0.1454596717340031 145 144 88
12.748428344726562 7.978270530700684 32.1053581237793 0.17460894496422605 -0.7887197854289483 -0.5894343189969456 98 92 68
-8.397457122802734 -15.591765403747559 90.07926177978516 -0.02446636568882801 0.9306087164583408 0.3651969520707152 173 161 122
11.905427932739258 -1.6249032020568848 55.24626922607422 0.5531083681015686 -0.7005850550928505 -0.4508344637631061 102 90 64
25.279521942138672 -14.412962913513184 108.09893035888672 -0.07373839481938366 0.8792281652244283 0.47065962500043074 107 91 68
28.601642608642578 9.933213233947754 37.598411560058594 -0.14503163891924342 0.8790512332748743 0.454130766399196 75 69 54
-0.6928440928459167 5.553339004516602 33.602027893066406 0.20259397312866695 -0.8661087172587959 -0.4569588295900018 128 113 80
48.5701904296875 9.36059284210205 47.69891357421875 -0.15288698146641913 0.9306869780580908 0.33233615477583234 54 50 39
2.657464027404785 6.451628684997559 25.52292251586914 -0.5306737686035176 0.18682741203598302 -0.8267290181359774 70 57 64
16.95442771911621 -6.836270809173584 77.21705627441406 -0.17380410853155026 0.8942311585759729 0.4124836565118985 105 90 69
11.837700843811035 6.8333845138549805 33.33833694458008 0.2991071039815547 -0.83090483304755 -0.46918237260791357 109 98 76
-10.925424575805664 6.394070148468018 30.77362823486328 -0.009117256043208328 -0.7956441609468343 -0.6056956701128469 106 96 61
-6.987605094909668 7.04734468460083 30.512845993041992 -0.07152473339045107 -0.7870717127345491 -0.6127008499476136 109 97 57
-9.691733360290527 5.617886066436768 32.48352813720703 -0.07714119941545498 -0.9267200790179326 -0.367748732829552 145 141 93
-12.099081993103027 7.56456184387207 29.0319881439209 0.010732942049006591 -0.8494171395864708 -0.5276128570568677 115 104 72
13.696427345275879 -1.2158689498901367 56.26221466064453 -0.4215506225673831 0.7261596097818376 0.5431273273685838 82 69 50
-18.623523712158203 -20.109474182128906 104.65742492675781 0.07293355216679308 -0.9673673907049533 -0.24265413322056556 140 137 102
20.924638748168945 6.25752592086792 38.972843170166016 0.07673560927588594 0.8786628087788826 0.4712359438093227 64 50 38
-5.877105712890625 5.040241241455078 34.15715408325195 0.023002066523834946 -0.8953146257545253 -0.44484000027613035 103 87 71
-6.894471168518066 3.566007375717163 36.870933532714844 0.09559111190202371 -0.8520382615512462 -0.5146777051496064 128 114 101
-15.19559383392334 4.271594047546387 34.6443977355957 -0.0772591570933375 0.9403987024420976 0.3311816768639924 105 96 65
23.517379760742188 8.044139862060547 37.56394958496094 0.29094944234933023 -0.8124089627804972 -0.505311883088584 48 40 38
1.952131986618042 -1.2580387592315674 47.47608184814453 -0.009770593291632209 -0.9594804107094088 -0.28160588944770637 121 102 76
2.5711169242858887 5.762497901916504 25.87492561340332 -0.7789083040274005 -0.10932814173479767 -0.6175347855319362 213 198 191
-3.905135154724121 4.005274772644043 36.308712005615234 -0.03702949980787409 -0.8279236535807752 -0.5596170476186725 153 144 113
8.252944946289062 7.553380966186523 30.45115089416504 0.37901741986304094 -0.7724907824487224 -0.5095132839015336 153 144 118
24.420656204223633 10.037836074829102 33.88724899291992 0.4191892875549503 -0.7665069641566883 -0.4865669687704574 67 53 52
-8.060185432434082 7.206289768218994 30.267269134521484 -0.12405139715475491 -0.8411052387295178 -0.5264534435690533 85 76 44
-4.995306015014648 0.0358755961060524 43.132164001464844 -0.0014410798507798336 -0.9429542582326814 -0.33291919465497544 172 156 138
-2.420093297958374 5.5606913566589355 33.67843246459961 0.19624033497958904 -0.7273564769907911 -0.6576034415258509 49 38 28
17.799299240112305 8.851799964904785 32.7291374206543 0.13226800869509742 -0.8939903488237406 -0.4281196445923032 77 63 62
-10.620528221130371 4.153708457946777 35.099647521972656 -0.18287949837289263 -0.8930572657673429 -0.4111007286967952 134 127 90
22.18292236328125 7.580007076263428 37.248069763183594 0.2428771000862649 -0.9160772231140161 -0.31908186339151207 0 0 0
-10.780771255493164 4.5729169845581055 34.66075897216797 0.027955904401103474 -0.8665787968309335 -0.4982566169075609 125 113 75
-13.988761901855469 2.5311105251312256 37.899742126464844 0.08461047279105482 -0.8521109429984879 -0.5164765325901091 112 103 72
-12.899045944213867 -6.966062545776367 59.978111267089844 0.12500029140446745 -0.9687922246743728 -0.21404801461185838 150 141 110
-5.967789173126221 6.419921398162842 31.58194923400879 -0.12929276842237006 -0.8481844750977253 -0.5136793515773004 102 92 67
-14.947094917297363 1.0660793781280518 40.49271774291992 0.010251886917086303 -0.9030807290556904 -0.42934845478105793 162 153 122
6.265010356903076 3.9068148136138916 37.18754959106445 0.139412803803338 -0.8718215549146412 -0.4695649545290931 106 92 65
17.591604232788086 6.924450397491455 36.527015686035156 0.19148994074645395 -0.9374105327015237 -0.29084892259240747 108 92 88
-2.7945854663848877 -8.547894477844238 76.3194808959961 -0.1431927518443692 0.9432178301819801 0.2997264763847768 96 87 54
-9.702703475952148 1.836388349533081 38.83345413208008 0.02473314424725406 -0.9212123449148379 -0.3882732119940161 102 89 55
12.838905334472656 4.298047065734863 39.19343948364258 0.05775497858139339 -0.9606741429219058 -0.27160551093511265 91 77 49
-1.186594009399414 -4.075549125671387 56.310054779052734 -0.4333071100797727 0.6857748573024868 0.5847715737329141 121 119 45
2.0270044803619385 1.1517702341079712 42.63392639160156 0.15310621300216903 -0.8850174209940099 -0.4396619747911419 102 85 66
15.262664794921875 7.1662468910217285 34.83073043823242 0.08549767997869165 -0.7507052584214613 -0.655081492408867 60 55 36
-5.226042747497559 2.4495902061462402 38.6953125 0.004222317047016753 -0.8848227987089774 -0.46590856068929115 147 133 120
-10.864493370056152 4.67140007019043 34.406917572021484 0.025990750686821485 -0.905804667475867 -0.4228976061148481 104 98 64
-14.25251293182373 -0.23156678676605225 42.830772399902344 -0.06442593702406746 -0.8846982807021032 -0.4616906440045254 165 164 153
1.8338531255722046 2.7780017852783203 25.081954956054688 -0.864188433782987 -0.10078488842601994 -0.4929713553348333 199 184 178
15.108080863952637 0.9986006021499634 50.22127151489258 0.1163991729284877 -0.969587676014066 -0.21529275664361344 150 148 91
-9.224614143371582 0.6528331637382507 41.38990020751953 0.08389691196969747 -0.791191453856043 -0.6057865890782907 160 148 122
24.131088256835938 6.064240455627441 40.875606536865234 0.3842996296919797 -0.8251532217646312 -0.4140482522968272 71 57 54
-2.2013535499572754 6.8947434425354 31.031064987182617 -0.023305402909498542 -0.8139858178699274 -0.5804170453233186 123 112 72
-12.149482727050781 -0.3965680003166199 43.51723861694336 0.1449540362937573 -0.8971304167649391 -0.417307252126433 134 126 95
0.17015260457992554 -0.30287739634513855 45.198951721191406 0.2068922213086488 -0.8769017871802691 -0.4338650301672436 125 110 79
-6.400543212890625 6.077669620513916 32.614925384521484 -0.28717538028661005 0.7873693178843706 0.5455088067222588 133 121 83
3.2634122371673584 -0.14858143031597137 25.170528411865234 0.9940170844306405 0.10588419239098669 -0.026806224309239138 135 131 87
-7.22553014755249 7.99787712097168 28.947803497314453 -0.04627083117869234 0.9312792864219046 0.3613556431876237 129 115 79
7.7942962646484375 5.606173515319824 34.2289924621582 0.17485456997274226 -0.9317079667513253 -0.31834909148882345 116 105 71
-3.108267068862915 8.549066543579102 28.348554611206055 0.13842269667193283 -0.8407011946794679 -0.5235080307985596 106 94 54
23.614171981811523 -2.239121913909912 67.4244384765625 0.1751035138457374 -0.9490793726447101 -0.26189139706985193 139 128 106
20.743337631225586 6.5727715492248535 38.836204528808594 0.1475481742739625 -0.9080007240134871 -0.39212781265730673 65 59 37
-5.173825740814209 6.269021511077881 31.854839324951172 -0.06572163411726452 -0.898232966227866 -0.43457819226284883 107 97 98
42.44940185546875 11.884236335754395 42.24171829223633 -0.0966013748929106 0.8917795927250398 0.4420377046904048 49 44 40
-7.642165660858154 5.887813091278076 32.61669158935547 0.2089988866751281 -0.7742439630598589 -0.5973824160735901 123 114 73
-8.843033790588379 2.0484979152679443 37.94200897216797 0.08315774451000404 -0.8637944483477984 -0.4969345435080271 166 153 119
-5.728420257568359 6.063069820404053 33.20966339111328 -0.12468144893277501 -0.6667471860355876 -0.7347807334202834 57 41 31
-6.181563377380371 7.795382022857666 29.303220748901367 0.06811744934208913 -0.8689121809382073 -0.49025670307741426 92 79 44
11.48753547668457 9.138094902038574 29.51545524597168 0.1720237212861304 -0.8706668596276362 -0.4608113050490639 88 79 50
12.567441940307617 9.123400688171387 29.91640281677246 0.268633138258933 -0.8125896295734243 -0.5172372095459511 97 87 62
15.558524131774902 -0.9918244481086731 58.730472564697266 0.5124220014401015 -0.7588631674159355 -0.4019333098656716 206 202 201
-8.01307201385498 8.606043815612793 27.984460830688477 0.0253423477577931 -0.8634952529699486 -0.5037198760308031 99 87 61
-0.6069367527961731 0.8424283266067505 42.26875686645508 0.13240028201161513 -0.9335573112817537 -0.33307793663890056 145 129 104
-10.424120903015137 7.4557647705078125 29.311304092407227 -0.1064899024700662 0.9006873106779815 0.42121522889798413 109 98 66
-5.685009956359863 -12.769864082336426 84.40620422363281 -0.05468826896238723 0.8913349237413895 0.4500347175016935 129 118 86
16.842103958129883 5.615231037139893 38.274696350097656 0.3051531053681853 -0.8561300994233975 -0.41704056774543785 77 61 46
15.615645408630371 10.440913200378418 29.216848373413086 0.11571317139129275 -0.8414674572887041 -0.5277717122872849 56 48 46
2.864733934402466 5.5286054611206055 33.19524383544922 -0.06908633334725707 -0.9526203393824102 -0.29621203138895874 153 137 98
-14.49280071258545 1.6679952144622803 39.3852653503418 0.030470053609456385 -0.8772870452611977 -0.47899792906641464 98 91 62
6.520946025848389 0.20947447419166565 44.79153060913086 0.177019735945069 -0.9438418274696997 -0.2789742242656035 133 114 99
-16.517295837402344 1.5355544090270996 39.68813705444336 -0.003961289511850015 -0.8984069652609908 -0.4391460269158086 112 105 76
3.1066036224365234 7.765967845916748 26.21405601501465 -0.5282162784791997 0.3894474062445163 -0.7545318289634994 162 143 139
14.167313575744629 8.319425582885742 32.20656204223633 0.20837376060506788 -0.8512574549753801 -0.4816026590874897 55 48 40
-12.802130699157715 4.176024913787842 35.05229568481445 0.048982648520714406 -0.8664575955704109 -0.4968419620183448 126 116 81
12.94605827331543 8.2774019241333 31.899595260620117 0.19146660407200597 -0.9180657117333164 -0.34712517693871314 84 75 49
-7.893520832061768 -6.165221214294434 58.9482421875 0.11648037427419194 -0.9867342520477453 -0.11308332434413565 164 159 119
-1.8625949621200562 -4.079073429107666 55.514156341552734 -0.30631772721681566 0.6462325763280949 0.6989655980698031 166 151 120
-19.00640869140625 -3.429852247238159 49.29552459716797 0.039486691513776956 -0.9020943186698316 -0.4297285671408281 93 87 55
-8.983170509338379 0.9971581697463989 41.154090881347656 -0.01850628483086544 -0.7582072948241976 -0.6517508845388178 117 105 83
2.0635178089141846 2.5915496349334717 24.999755859375 -0.6806135250203487 -0.41340693954361074 -0.6048635646958415 172 159 159
1.2183423042297363 5.61175537109375 33.75230026245117 0.06727087770427503 -0.8749413026026882 -0.47953346704146477 123 107 82
3.6426613330841064 2.7188961505889893 25.092012405395508 0.8824697353824021 0.03758318021804786 -0.4688653012313992 0 0 0
10.850776672363281 3.2772748470306396 40.12736892700195 0.27425395003258163 -0.8515015342860859 -0.44691152144464524 123 101 87
8.146242141723633 8.450090408325195 29.314483642578125 0.41437696301583987 -0.6161386996853453 -0.6698244809439421 131 129 87
-7.513355731964111 8.947224617004395 27.451162338256836 -0.15714014640958854 -0.8948966913004744 -0.4176923344829735 110 97 65
-0.7975497245788574 1.7839176654815674 40.18080520629883 -0.08687565811521479 -0.633359341990459 -0.7689659055773937 124 109 79
24.24766731262207 1.5817426443099976 57.377071380615234 -0.046413745854323035 0.9690324587628344 0.24253217943156716 133 129 92
19.413911819458008 9.616851806640625 32.139854431152344 0.28446468730677715 -0.7956099353890823 -0.5348688366185083 47 42 36
39.95547866821289 7.357491493225098 50.12281036376953 -0.14580745791510674 0.9173459903766797 0.3704274816427131 61 56 45
-7.602597713470459 -1.4670437574386597 46.325584411621094 0.07114052705935288 -0.9567763755091575 -0.2819893485174168 134 118 102
-8.176633834838867 7.635996341705322 29.548892974853516 0.029618179222057117 -0.8167346106650071 -0.576252843117888 142 122 89
-11.528231620788574 5.475243091583252 32.934326171875 0.06511463708193481 -0.9236818424798249 -0.37758699383157185 144 138 102
3.585911512374878 3.2515525817871094 25.134445190429688 0.8077627794112872 0.3708966513989706 -0.45820843093376495 195 166 156
-3.2353320121765137 -0.7390796542167664 45.473426818847656 0.10148786206146375 -0.9375930885911218 -0.33259497001661603 134 123 93
28.764877319335938 12.559859275817871 34.0977783203125 0.18976869849449224 -0.7188612700640354 -0.6687498153073603 74 70 58
30.360631942749023 13.177739143371582 34.032081604003906 0.1407679188873256 -0.7827415717946846 -0.6062178031009301 45 35 36
-12.830267906188965 7.343629360198975 29.33945655822754 -0.11997786335205941 -0.9322645423145675 -0.3413035825309847 109 98 66
-2.8240792751312256 3.5809166431427 37.64425277709961 0.044071528888927146 -0.8799345394402982 -0.4730464106632488 109 88 67
4.865589618682861 7.568309783935547 27.29224967956543 0.754756642782807 0.3715714713200033 -0.5406265364152174 137 121 95
21.962535858154297 5.471266269683838 41.58482360839844 -0.11601912288254351 0.9256139043544201 0.3602477802725951 82 74 51
28.4388427734375 12.120131492614746 34.5088005065918 0.16521301180450537 -0.7327668184469971 -0.6601192699153311 53 47 44
-3.024986982345581 5.619081974029541 33.293670654296875 0.07003470854220264 -0.7979968380717352 -0.5985784710686823 87 73 46
-7.285447597503662 4.123526573181152 35.71385955810547 0.15988791391162602 -0.8549982493512034 -0.49336989023588196 112 100 78
6.35106897354126 1.8183016777038574 41.37726974487305 0.018836718483847926 -0.8927272210508166 -0.45020360597361553 124 109 68
33.929527282714844 -3.7320897579193115 80.29454040527344 0.30004401509848166 -0.9110498912949292 -0.28277497162068554 104 85 78
1.233647346496582 8.383734703063965 28.88957977294922 -0.055885442028397084 -0.8727577237482655 -0.4849440926612434 96 86 87
-0.6849972009658813 2.78286075592041 38.43009948730469 0.006457015183882756 -0.9116885270297984 -0.41083127514485956 127 109 85
38.36604309082031 11.978424072265625 39.61567687988281 0.22500303589276813 -0.8772920039818307 -0.42394855063861414 60 56 45
10.077075958251953 6.436278820037842 33.6872673034668 0.19192042676465634 -0.7944559110866147 -0.5761999263536997 125 112 77
37.99443435668945 5.536547660827637 53.77186584472656 -0.15537989010583297 0.9258568690067357 0.34445050132601573 55 46 39
23.708097457885742 10.666439056396484 33.027469635009766 0.4048969270182702 -0.7102189200880799 -0.5758884996595113 61 50 44
-10.48259162902832 4.365344047546387 34.90977478027344 -0.21660859893612003 -0.830490193987186 -0.5131927050904528 95 84 52
-11.986738204956055 -5.868918418884277 57.17356491088867 0.05123826910992348 -0.9694170614116483 -0.24001083480256555 117 113 78
11.126108169555664 3.4813010692596436 40.03951644897461 0.2891053790307534 -0.8576527934230967 -0.42526434808133645 75 61 40
-8.376140594482422 -6.2062811851501465 59.0593147277832 0.07893342354407049 -0.9896059429566885 -0.1202064570329564 179 172 136
-7.052332401275635 2.2636051177978516 38.5983772277832 0.11766015218099901 -0.9213458914204702 -0.3705102386592886 118 105 86
-9.512566566467285 4.414847373962402 34.39804458618164 0.14359090508459063 -0.7730582016731565 -0.6178694593543632 117 105 65
39.77549743652344 4.998742580413818 55.88420104980469 -0.16457760505021496 0.9113896161342498 0.3772044266953937 63 56 38
9.92943000793457 8.039200782775879 30.577756881713867 0.1164825666744651 -0.9036839745468451 -0.4120522852844591 130 131 79
2.0167176723480225 -9.631495475769043 78.7425765991211 -0.1083059070517453 0.8999120404192027 0.42240756386012474 160 150 115
2.960010290145874 -11.493614196777344 82.65375518798828 -0.095238549694861 0.9081566892357431 0.4076530957179085 170 159 127
-16.654518127441406 -6.023920059204102 56.829437255859375 0.03484477439237259 -0.9490641721622343 -0.31315018571854236 125 119 82
2.9861068725585938 7.137787342071533 25.85905647277832 -0.5193780501439739 0.3696816570630606 -0.770442673701135 177 159 155
-8.91107177734375 5.789982795715332 32.47402572631836 -0.23092619030370964 0.9019028827279202 0.3650264165219859 150 146 100
3.058093309402466 5.4989705085754395 34.24603271484375 0.0748160401581948 -0.9175349364054047 -0.39055371027629104 152 138 98
-0.9659053087234497 6.796929836273193 31.50200843811035 0.025971938689385028 -0.8449275012085017 -0.5342499191411002 66 60 46
16.77449607849121 7.569706916809082 34.93777847290039 0.14908594680085388 -0.8962644176939685 -0.41771219044000224 62 58 46
-4.939932823181152 -0.09988772124052048 43.6219596862793 -0.015384904766642307 -0.8895045705427933 -0.45666719138646494 124 105 88
22.723432540893555 8.987776756286621 34.7197265625 0.26173272313914014 -0.774465238234217 -0.5759336562530339 40 32 30
32.80278778076172 7.745866298675537 44.958740234375 0.2655993411727844 -0.8589531452170168 -0.437785888637787 51 44 36
1.3233997821807861 7.8296966552734375 29.770645141601562 0.1096980439871572 -0.8690116791790645 -0.48247802084216695 63 56 48
-7.0599751472473145 3.920977830886841 35.90473556518555 -0.0037477982811662284 -0.8465356286391569 -0.5323188738458846 159 145 134
44.27387619018555 10.578487396240234 44.3264274597168 0.25648062821042167 -0.7952253606275709 -0.5493944968486096 71 62 55
11.81931209564209 7.476679801940918 32.3377571105957 0.1988332095830681 -0.8853128273464274 -0.4203409955057566 97 93 56
7.546250343322754 6.671398639678955 31.71302032470703 0.12236258350985336 -0.8745614105557034 -0.4692224816903086 108 98 71
18.389423370361328 7.765665054321289 35.19558334350586 0.09302916427053216 0.9938760614782284 0.05963177857192825 104 95 86
-4.3533406257629395 0.8482943177223206 41.57538986206055 0.1567664504865075 -0.9011298485278156 -0.4042143937245403 120 99 78
-13.20882797241211 2.577676296234131 37.663761138916016 0.01595057828342393 -0.9017747851786079 -0.4319118149211704 119 107 67
37.64701461791992 9.539978981018066 43.45289993286133 0.2038721978323442 -0.9049783653488712 -0.37343042886392475 68 62 48
22.325531005859375 1.5665340423583984 57.02073669433594 0.3299309227982479 -0.9214478437729963 -0.20513277989534534 106 93 74
-0.5595171451568604 7.478598594665527 30.26358985900879 0.3894132810693531 -0.6375824125823573 -0.6647149492018828 145 140 98
4.458555221557617 1.2996495962142944 41.631778717041016 0.027341780196179614 -0.9710628767352294 -0.23725369645677652 98 80 53
1.6550747156143188 -5.3362812995910645 60.186798095703125 -0.2747350742590263 0.8268582411932999 0.49074034676456985 239 233 222
2.8725180625915527 2.416862964630127 24.71837043762207 -0.1270417538767341 -0.18617559344189002 -0.9742684646330722 103 84 77
-7.972279071807861 4.969878196716309 33.55280303955078 0.1278786557186593 -0.8016176832278042 -0.5840001193048475 118 107 79
0.7569858431816101 4.19223165512085 36.275455474853516 0.11780054771306195 -0.8385353702179685 -0.5319600209150279 114 109 54
13.261098861694336 4.412123203277588 38.773231506347656 0.19435966884025815 -0.826202451786296 -0.5287852378713098 97 85 55
-0.517255961894989 1.6622408628463745 40.69710159301758 0.23976452935874612 -0.8167225067186321 -0.5248593311360794 127 112 81
-4.144052982330322 7.04939603805542 30.666481018066406 0.13308222626629793 -0.8363772651586537 -0.5317538823344283 97 84 49
-7.9923295974731445 7.822883129119873 29.443674087524414 -0.02102395436940678 -0.8775494320127876 -0.4790250387158357 151 142 101
-11.577102661132812 -5.44561767578125 55.91960144042969 0.07543892124510937 -0.9541111535500321 -0.2897945407229082 143 137 101
17.901620864868164 -3.299586296081543 68.93255615234375 -0.14051977968946622 0.9345337537407523 0.32695696144178227 130 119 89
37.41020965576172 8.154644966125488 47.11311721801758 -0.08542230249564034 0.9091645184253196 0.40758178157616365 38 30 28
9.103340148925781 1.0334105491638184 42.827938079833984 0.311561244528211 -0.8955499516958192 -0.31767888649648757 123 100 83
2.8413589000701904 5.525001525878906 33.13838577270508 -0.06908633334725701 -0.9526203393824102 -0.29621203138895874 133 123 93
-5.70404577255249 3.0511226654052734 37.46979522705078 0.07639700687221643 -0.8864076176752596 -0.4565578086817023 101 87 74
6.759795665740967 5.2444353103637695 34.85411071777344 0.2088071625146618 -0.9037470411454801 -0.37368550213162505 165 150 115
-20.246074676513672 0.3061111271381378 42.0823860168457 0.06135487213256116 -0.8725677897568743 -0.48462462993991495 112 107 77
-4.448129653930664 -8.463044166564941 76.0990219116211 0.04919355653215694 -0.9843152601842032 -0.1694209625879324 138 128 92
12.501042366027832 8.301411628723145 31.378704071044922 0.18126683056287746 -0.886407750574389 -0.42593853530684606 55 48 29
-17.399580001831055 -6.359624862670898 57.645957946777344 -0.03436334444217201 -0.9152543191769249 -0.4014083852969848 135 133 95
-0.47358623147010803 -7.918302536010742 75.95281982421875 -0.03663570768330405 0.9041482440400374 0.42564513120892283 108 97 65
18.92909049987793 11.630667686462402 30.50814437866211 0.36278918434172164 -0.7133159376945505 -0.5996368740793154 65 54 48
-2.442368268966675 5.899969577789307 33.14569854736328 -0.027772066356979253 -0.8194408345715587 -0.5724905509848447 52 42 33
4.016529560089111 6.357511520385742 26.60552978515625 0.6497851652595072 0.4522523796283349 -0.6109394602816085 192 173 167
-16.992637634277344 0.9304508566856384 40.79051208496094 0.009260183998640125 -0.8265452792966884 -0.5627940567069545 73 66 38
10.255288124084473 -0.5186432600021362 50.849369049072266 0.19355141418722835 -0.9257181643278118 -0.32493650195025847 109 99 64
30.096147537231445 3.7101399898529053 54.074119567871094 -0.03279624925214607 0.9926487264419771 0.11650284085854709 70 63 53
-16.058670043945312 -1.568509578704834 45.33293533325195 0.06815336740377773 -0.8595648378125189 -0.5064616551209619 159 153 119
29.36616325378418 5.255087852478027 49.97998046875 0.2576016328550596 -0.9027820627819858 -0.34442117511777476 62 53 44
9.279253005981445 6.407647132873535 33.271785736083984 0.24626469465529513 -0.8544934213205322 -0.4573780636259965 133 129 82
3.1291470527648926 -0.11336393654346466 24.77857208251953 0.8972521111924433 -0.24395000971651806 -0.36800413274855287 101 88 71
29.876903533935547 -14.077613830566406 107.7665023803711 -0.1478780820047254 0.8580212342920351 0.4918654636855248 133 118 89
24.92078399658203 7.029309272766113 39.67057418823242 0.2580923277921345 -0.8114268702260602 -0.5243803816028757 61 50 44
35.98504638671875 6.988031387329102 49.41436767578125 0.23573711813229775 -0.911769410732906 -0.3363102032149024 62 54 51
6.072561740875244 9.094286918640137 27.289642333984375 0.12172025172604879 -0.8846668333480039 -0.4500541903968477 127 135 84
-8.326057434082031 -2.5151422023773193 49.44947052001953 -0.020333918021214384 -0.9038816818130692 -0.42729900194206455 65 50 45
-11.666529655456543 2.289599657058716 38.17780685424805 -0.031584408511993345 -0.8355455326499373 -0.5485126142648683 152 139 107
14.840351104736328 8.757457733154297 31.51395034790039 0.3066933236724708 -0.8274840850810448 -0.4703289212373815 59 53 39
-18.799734115600586 -6.8640594482421875 59.01729202270508 -0.10168445697067935 0.9050418444568984 0.41298853615159004 124 120 85
3.4157071113586426 3.2784790992736816 37.958763122558594 0.06656037445144648 -0.86396502057468 -0.4991334087959609 117 102 73
-6.676724910736084 2.653606414794922 37.843177795410156 0.21145924979117825 -0.8416602961408398 -0.4968832172431121 112 101 80
-9.726412773132324 -0.7630248665809631 43.823429107666016 -0.22302478582246785 -0.6155929438130432 -0.7558473870011286 102 95 66
0.9981631636619568 4.005441665649414 36.42092514038086 0.14269681531483686 -0.851202663012213 -0.5050659812142567 108 95 53
6.250475883483887 -3.7773983478546143 61.564979553222656 0.04886849986857754 0.8434709724925871 0.5349472761712167 104 90 61
11.884431838989258 6.331747531890869 35.153682708740234 0.2846816932965041 -0.8339842948871431 -0.4726801554787645 84 73 45
20.56674575805664 6.960436820983887 37.895076751708984 0.22331250409021963 -0.7834279415672295 -0.5799760218221868 53 44 37
-24.50984001159668 -7.5064167976379395 59.805206298828125 0.009380761064024955 -0.9716044077056744 -0.23642520222845412 147 145 106
24.226526260375977 -14.443032264709473 107.60704803466797 -0.07373839481938385 0.8792281652244286 0.4706596250004301 76 61 38
7.803877353668213 8.199156761169434 29.3245792388916 0.05363562191277643 -0.8319194449421128 -0.5522981596830074 111 109 71
-8.195075035095215 -0.9824925065040588 45.06758499145508 0.054927494858346644 -0.9317153333792951 -0.35901184918397255 135 132 89
14.95463752746582 6.263073444366455 36.73542022705078 0.2040644471529068 -0.9088069304082684 -0.3639061206548736 128 119 88
-14.6289701461792 -1.18467378616333 44.817020416259766 -0.011490799328508675 -0.8571621992947501 -0.5149183679293051 80 75 44
-15.814689636230469 5.541808605194092 32.69926452636719 -0.176093167629992 0.8110381213973378 0.5578605219535726 101 92 61
-18.63654899597168 2.5271220207214355 37.417724609375 0.04479950067422271 -0.9207890599406449 -0.3874796921555551 134 125 92
4.790823459625244 -0.5693512558937073 46.61702346801758 0.15782203260133051 -0.9138176945123507 -0.37420506039031093 124 103 82
-7.2472405433654785 2.5796914100646973 37.910377502441406 0.1109662690842383 -0.8182079599908655 -0.5641118872467683 90 79 51
17.659273147583008 -0.9737500548362732 61.1431999206543 0.3388475628209597 -0.8931555355744839 -0.2957287920425623 218 209 199
3.700485944747925 6.1446428298950195 25.378267288208008 0.5398436763786193 0.5904394780175042 -0.599958355115115 228 205 197
-3.286942958831787 -9.043633460998535 74.5306396484375 0.08585715595543564 -0.9581957055857608 -0.27292771674611976 141 130 98
-11.221284866333008 5.1379714012146 33.42338562011719 0.031687871285010966 -0.7727780063734236 -0.6338848725746195 80 74 40
15.157544136047363 6.589530944824219 36.21431350708008 0.059675700960383236 0.8459841483561051 0.5298581238832545 58 53 34
2.943643808364868 0.2803395986557007 24.328136444091797 0.7308042978307687 0.15493623794329395 -0.6647705171290742 233 224 215
-9.317944526672363 5.619770050048828 32.576759338378906 -0.15767980220774205 0.9330549129644689 0.32333513475741377 138 137 83
-11.717270851135254 6.603980541229248 30.713176727294922 -0.14736968161652936 0.8941182340882956 0.42288859101549475 131 121 85
29.396108627319336 11.366937637329102 36.129600524902344 0.19933542081705505 -0.7725323120807186 -0.602875788864428 57 48 47
-8.827163696289062 6.591510772705078 31.17593002319336 -0.3762723257823524 0.795110879620369 0.4756236179582153 121 114 68
16.994354248046875 8.49521541595459 32.453609466552734 0.05550663195943249 -0.8418393192600775 -0.5368664399608617 70 52 49
-10.322981834411621 0.11878679692745209 42.23529052734375 0.10070411994363566 -0.8657682332579933 -0.49020816650450705 146 135 103
7.481703281402588 -3.0937206745147705 58.56277847290039 -0.07094889588269905 -0.9541306168433731 -0.2908625451568334 152 138 111
8.135111808776855 0.545112669467926 44.8838996887207 0.26138579812470886 -0.943496824822169 -0.20369390292591896 98 81 61
30.839759826660156 6.1980791091918945 48.52202224731445 0.18224048622576539 -0.9342279822796467 -0.30660476562815675 30 24 10
-11.406598091125488 3.9769115447998047 35.31346130371094 0.05374628123276409 -0.8650563707460784 -0.49878734214620174 127 118 79
-4.940680503845215 1.5693212747573853 40.17912673950195 0.02327363162658623 -0.841106684912993 -0.5403682842891364 130 117 100
-9.208724975585938 8.621694564819336 28.11388397216797 -0.008737588971017913 -0.8490523631280815 -0.5282364425194405 181 170 140
-12.436010360717773 -2.930708169937134 48.797584533691406 -0.03340326633593659 -0.9753635821959201 -0.21805986408331404 0 0 0
20.250690460205078 5.997334003448486 39.2435188293457 0.13438367812302948 -0.8934043108858902 -0.42868375796691155 64 57 49
-6.436631679534912 -10.332606315612793 80.0257339477539 -0.07379016304188542 0.9062079567214817 0.4163437894492114 144 133 101
7.3281354904174805 7.6637797355651855 30.474700927734375 0.3692940683601285 0.8993667999281985 0.23401121823736754 181 166 161
-5.021132946014404 0.14308969676494598 43.299800872802734 -0.0014410798507798323 -0.9429542582326813 -0.33291919465497544 173 151 138
16.111324310302734 11.42502498626709 28.611196517944336 0.2797911818059997 -0.8217249340041569 -0.4964725847611991 56 49 43
7.079110622406006 7.986664772033691 29.644363403320312 -0.02126670316905639 -0.8876901960028889 -0.4599498268905771 171 152 145
-10.58879566192627 -1.1686571836471558 45.13218307495117 0.07658280741784214 -0.9416757782302028 -0.32769162684228503 81 72 41
-17.42068099975586 2.9704411029815674 36.81289291381836 0.05288727932069206 -0.851396541791719 -0.5218494651823994 144 133 101
34.58637619018555 2.9326796531677246 58.30649948120117 -0.06301172768417256 0.9098624984879795 0.4100972519043096 51 44 38
-8.313984870910645 6.384219646453857 31.567768096923828 -0.24768483680738734 0.9222679751655485 0.29677264631319583 100 94 60
3.6160192489624023 3.046736717224121 24.866943359375 0.5423146557852786 0.47428423422654437 -0.6935050679588687 101 78 64
30.2532901763916 13.604666709899902 32.946319580078125 -0.016514844554108073 0.9014097029316578 0.4326520627132317 50 42 40
3.864405632019043 7.371755123138428 26.6575870513916 0.5845123556510436 0.24399438366879392 -0.7738294688297629 150 136 127
2.5924181938171387 7.891536235809326 26.48513412475586 -0.7738695713203436 0.30757842320515455 -0.5536437484186907 105 95 103
6.500665187835693 7.889829635620117 29.61150360107422 -0.12592334186138482 0.9563393900031119 0.26373904356946737 126 107 101
24.426469802856445 -1.823411464691162 66.82772064208984 0.5191283549900663 -0.7325656172586051 -0.4402878234244342 87 72 53
16.811716079711914 -2.1806039810180664 62.700904846191406 0.5026097754749995 -0.8255537566412008 -0.2566016533317173 134 121 86
-0.49874261021614075 8.093465805053711 28.799272537231445 -0.2417153749764538 -0.8940201185492155 -0.37722898235586116 52 48 17
-6.724148750305176 2.1258697509765625 39.02024459838867 -0.02026188370448173 -0.9267130007035661 -0.3752232274203438 89 80 70
9.265578269958496 -0.46424373984336853 50.4284553527832 0.271460414865126 -0.9074370969403899 -0.3207291041637024 126 111 80
4.676474571228027 8.006424903869629 27.77356719970703 0.8793829902828241 0.12142585736758141 -0.46037084786483434 128 112 97
20.063941955566406 6.627261638641357 38.13077926635742 0.21607844278061275 -0.8927114490515575 -0.39544452872403374 59 46 38
0.5320410132408142 3.9172818660736084 36.75266647338867 0.13517763989542467 -0.8879854603975172 -0.43955526136643214 132 119 83
-10.617280960083008 6.2570648193359375 31.01719093322754 0.13367313340350095 -0.8689631955623031 -0.4764813303417462 97 88 48
-9.916546821594238 6.535665512084961 30.5042724609375 0.1274540425190939 -0.8599925631580833 -0.49413384660265014 193 182 145
1.7984638214111328 6.607853412628174 27.63633918762207 -0.8343454004409175 0.2119549352841188 -0.5088642826646311 92 75 85
-7.2755045890808105 4.834897518157959 34.20400619506836 0.09135731065196187 -0.8381176058446751 -0.5377850133311927 107 97 72
0.4224993586540222 8.498875617980957 28.592504501342773 0.090394712371611 -0.7457028856669495 -0.6601181729684751 126 120 85
-5.594229698181152 7.4906134605407715 29.589651107788086 0.1329569129136962 -0.7969414932097298 -0.5892424931291919 143 139 94
-6.81199312210083 2.3704824447631836 38.454689025878906 0.0522089138622505 -0.8945453150399936 -0.44391768229405243 134 129 105
-10.055862426757812 4.07180118560791 34.78840637207031 -0.13211077781857622 -0.8868882916444264 -0.4426916540078452 124 111 76
3.9980618953704834 3.8043694496154785 27.155044555664062 0.9607684479232197 0.002389753778425758 -0.27734144759138674 140 120 85
-10.765962600708008 5.103257656097412 33.4752082824707 -0.036007153771120036 -0.7819430060644504 -0.6223091033756406 156 146 110
25.506608963012695 12.739005088806152 32.058921813964844 0.3645529714410142 -0.768809342226974 -0.5253887382862854 61 54 46
-9.534003257751465 -4.228990077972412 52.708187103271484 0.11049737579455463 -0.897728321428403 -0.426467104062973 131 114 94
3.9180424213409424 0.6731756329536438 42.519256591796875 -0.047689312409595876 -0.9439226346332709 -0.32670443723476567 109 91 71
-6.090740203857422 7.924403667449951 28.889488220214844 -0.1938482781458632 0.8638987134160121 0.46486757040908216 106 93 61
14.026620864868164 2.2252697944641113 44.83030700683594 0.3049503808483834 -0.9204919478797715 -0.24433550521553396 103 91 67
-12.830103874206543 5.627434730529785 32.188114166259766 0.029184691069669963 -0.8536363757921418 -0.5200511433807496 77 71 37
0.8958667516708374 7.423032283782959 30.652490615844727 0.026369280311166973 -0.8772368483517323 -0.4793330501329856 70 67 48
-4.008013725280762 5.009852886199951 34.46549987792969 -0.07519476022286446 -0.925604644890522 -0.3709471517509158 132 113 106
6.041879653930664 2.838365077972412 38.86034393310547 -0.00972799016493151 -0.8848169371579946 -0.46583726120362723 145 131 102
-1.963291049003601 3.4253010749816895 37.350502014160156 -0.036986995115497516 -0.8580351309018543 -0.5122574316987151 106 92 63
-46.706356048583984 -19.42757797241211 103.81532287597656 -0.06896127543940207 -0.9461870760446083 -0.31618722241090924 116 110 78
13.191927909851074 8.661493301391602 31.094038009643555 0.3186066069165072 -0.7678269896781517 -0.5558161062356298 75 65 40
12.71556568145752 -2.8871171474456787 57.73603057861328 0.30677048954203684 -0.8709662750787155 -0.38380934644904907 127 114 80
-8.287155151367188 0.19038912653923035 42.26021957397461 -0.03580303487255828 -0.919499055227596 -0.3914583376675895 157 143 116
-19.678876876831055 -7.948523044586182 62.9174690246582 0.029021447609690484 -0.9763629469992791 -0.21418018420367688 115 109 75
-16.192602157592773 2.991724967956543 37.01389694213867 0.06070815471256617 -0.8656490694913155 -0.49695694827642245 94 85 54
-30.5611515045166 -11.868684768676758 82.11869812011719 0.0005192250388181467 0.9152243142271936 0.40294439449224473 144 137 104
10.359214782714844 7.278789043426514 33.11167526245117 0.24036733241284877 -0.8661479184029336 -0.43819097315553746 136 133 88
-10.614067077636719 3.679532051086426 35.86977767944336 -0.058808682931177615 -0.8150490987114154 -0.5763996057438011 78 69 50
-5.690963268280029 5.441838264465332 33.588253021240234 0.03547676180790048 -0.7968155445786167 -0.6031802278668525 124 108 92
35.02989196777344 3.8074796199798584 58.154178619384766 0.02752500872880994 0.9246498060102889 0.37982247187286583 93 88 59
4.677221775054932 5.57604455947876 33.8660888671875 0.05387135755120942 -0.8538347939282238 -0.5177489947002673 168 155 113
-3.9601035118103027 5.34478235244751 33.492347717285156 0.17034490294851265 -0.8738084366786582 -0.4554573855243336 107 93 67
-14.030485153198242 4.328558444976807 34.56316375732422 0.06028216825046191 -0.803708023694222 -0.5919623914072165 134 128 94
-27.381956100463867 -12.804582595825195 83.05545806884766 0.05038211003777944 0.8742346660231205 0.4828823787544796 130 125 95
2.7771613597869873 0.5433557629585266 43.85701370239258 -0.13263489620322058 -0.8688114113503839 -0.47704791773627375 69 50 36
-6.898106098175049 3.7827885150909424 36.11903381347656 0.06518797406831216 -0.8902514009524932 -0.4507804023457453 120 107 91
-10.146288871765137 4.807814598083496 33.93352127075195 -0.01998255741180806 -0.8775141470022823 -0.47913423923796167 138 123 92
-7.412471771240234 6.267471790313721 32.17479705810547 0.03697811578110771 -0.8620880580121802 -0.5054075575078658 99 91 45
11.016487121582031 6.025074481964111 34.86534118652344 0.24537242304740034 -0.9008468248333807 -0.3581443454746495 105 101 66
0.13589301705360413 4.115091323852539 36.26734161376953 0.10114065408047566 -0.8409711103069604 -0.5315431870706764 153 149 88
12.64211654663086 8.880744934082031 30.313377380371094 0.22346663351767998 -0.8284559528396723 -0.5135400645604836 61 49 28
-10.748050689697266 7.0395121574401855 29.907367706298828 0.08749018620508858 -0.8733932729475328 -0.47909253603849467 144 140 105
2.2008018493652344 3.3819029331207275 25.33751106262207 -0.7571783672155195 0.5314213048266324 -0.3798319588939287 75 56 62
15.38662052154541 6.030219554901123 37.05399703979492 -0.1094663160807265 0.9547007344671176 0.27670134306081867 115 101 90
-8.50993824005127 4.543031692504883 34.36211395263672 0.026964496609551566 -0.9486725522322553 -0.31510840129030615 131 117 80
-8.989967346191406 1.5258708000183105 39.50887680053711 -0.07960180149154171 -0.8563179878512425 -0.5102774312878241 126 118 89
14.531712532043457 1.6156725883483887 48.17200469970703 0.08747942987844327 -0.9512521666321568 -0.29574763705864143 139 140 83
18.505077362060547 7.152640342712402 34.98429489135742 0.33746514210182194 -0.5361687853446316 -0.7737184962815994 65 52 45
-10.379755973815918 -2.140950918197632 47.3741340637207 -0.19511815248980152 0.8702320198576855 0.4523551018650939 82 69 52
-19.800905227661133 -6.511131286621094 58.280418395996094 -0.1786294025870111 0.8847646539076467 0.4304451692458516 128 123 87
3.5034613609313965 -1.7560231685638428 47.436222076416016 0.0635295654693374 -0.9511845268574837 -0.30201322848210316 124 110 84
3.4687023162841797 2.8369381427764893 24.696666717529297 0.34886962757309037 0.5549543621778609 -0.7551924515358832 194 173 170
-26.53418731689453 -7.687007427215576 61.2313346862793 -0.015849523888889036 -0.9738919484639416 -0.2264580873133104 147 145 106
18.220054626464844 8.187666893005371 34.26216125488281 0.26527645532040744 -0.8939540002495312 -0.3612127457475736 71 57 56
6.081344127655029 8.71335506439209 28.253198623657227 0.022591226176108287 -0.8592717758940669 -0.5110202066960918 127 107 100
-1.437970519065857 -1.3035941123962402 47.35126876831055 0.1427638205191874 -0.9227696938539437 -0.35793097610497954 149 138 108
10.615724563598633 6.435937404632568 33.999813079833984 0.14616017829163058 -0.8427300985308289 -0.5181150290350374 105 93 67
20.574174880981445 1.5926886796951294 54.09919357299805 0.20698606661660462 -0.944661270761087 -0.25450314683837366 93 81 55
-10.679998397827148 5.033702373504639 33.67791748046875 -0.05492626409592943 -0.8040543196605056 -0.592013307745481 128 120 83
-8.87848949432373 8.664237022399902 27.909317016601562 -0.06834222845320734 -0.8293912260719115 -0.5544723022162431 112 102 77
-11.612685203552246 -5.448909282684326 56.060237884521484 0.07543892124510936 -0.9541111535500321 -0.2897945407229084 151 145 109
9.368133544921875 3.3846943378448486 39.03709030151367 0.13775677612060958 -0.9443401992807697 -0.29873844522460086 100 81 64
-7.46077823638916 6.778862953186035 31.216693878173828 -0.06828398846407092 0.9355029864398356 0.3466575533312189 90 76 37
3.864738941192627 8.704572677612305 27.10596466064453 0.5824913984706546 0.2104037132317093 -0.7851331404074152 151 122 114
-8.253329277038574 2.2895777225494385 38.42112350463867 0.010969933164814672 -0.8328184907579567 -0.5534374598976822 123 111 79
-21.770713806152344 -1.6011483669281006 44.21166229248047 0.06316124763353553 -0.8820716117175064 -0.46686221586187077 128 120 95
7.332846164703369 4.076566219329834 37.11490249633789 0.045690918675934805 -0.8376405051977568 -0.5443075637932986 95 80 51
0.9457904100418091 2.0611701011657715 39.58783721923828 0.031213973370407645 -0.8409075045026344 -0.5402779439673465 104 88 62
2.3574323654174805 0.4268427789211273 43.97456359863281 -0.046124886510747205 -0.8438185106087509 -0.5346426993781924 119 101 78
-11.639904022216797 -6.184365272521973 58.38063430786133 0.06368694938817565 -0.9422043150395165 -0.3289300855782935 155 151 113
-4.996152877807617 3.247014284133911 37.07175827026367 0.020528105322257614 -0.6995468036679521 -0.7142918635752685 117 104 88
-11.097007751464844 5.152771472930908 33.55569076538086 0.03168787128501095 -0.7727780063734235 -0.6338848725746193 144 138 104
0.24586592614650726 -0.05064435675740242 44.46692657470703 0.16700273714476138 -0.8244028018422055 -0.540805053693916 93 78 49
-8.688048362731934 -1.056525707244873 44.56229019165039 0.05655804279503818 -0.9389488306581695 -0.33937631207974867 160 154 118
2.6213080883026123 0.35262617468833923 38.95737838745117 -0.4211964242735838 -0.8173015181762201 0.3932070708494358 145 131 105
-7.207580089569092 5.470832824707031 33.31595993041992 -0.11995120293215063 0.9185319656116633 0.37671041539185585 138 125 91
15.57364273071289 3.9516804218292236 41.31616973876953 0.3910464603477151 -0.7823806756784251 -0.48472997036958043 71 53 39
11.685141563415527 9.55321216583252 28.71382713317871 0.13765729059819234 -0.8395296684039201 -0.5255857743649152 68 54 42
14.049415588378906 8.279121398925781 32.0993537902832 0.21223097265490887 -0.8483293190367809 -0.48507255200489685 73 64 57
-8.42733097076416 4.833326816558838 33.89015197753906 0.13161667547334785 -0.8332738870409397 -0.5369652501913206 155 142 107
-5.893682479858398 6.744786739349365 31.093942642211914 -0.16576329985891844 0.9374348853251477 0.3061672160687836 31 29 51
-9.588539123535156 4.7057600021362305 34.153114318847656 0.005704426595215476 -0.8798929322058269 -0.47513775620492604 111 99 61
12.360905647277832 9.222643852233887 29.68572425842285 0.2449995674786169 -0.8703986313789824 -0.42706139421503 81 72 41
47.146705627441406 8.866783142089844 51.75004577636719 -0.1593735131987719 0.9367370197647622 0.31164697831506705 54 47 38
9.821066856384277 0.20866036415100098 48.992034912109375 0.22194794336266485 -0.9435376727031737 -0.24591821938799438 103 90 59
-36.03536605834961 -15.19309139251709 89.71341705322266 0.009217859837833202 0.8971373080986894 0.44165561411290494 127 121 89
-22.394380569458008 -2.1418557167053223 46.33259963989258 -0.06073362481703786 -0.8939708091240249 -0.4439905621189702 148 143 113
-15.579587936401367 2.993291139602661 36.944766998291016 0.06666263160491619 -0.8929371111781207 -0.44521838352473675 142 133 102
-16.452383041381836 -6.608214855194092 58.33094787597656 -0.04283231822651167 -0.9176590942779921 -0.3950533877898506 140 136 101
22.318103790283203 -4.610815048217773 76.15958404541016 -0.20308000564740414 0.8015976027487228 0.5623164541196984 102 84 71
2.5360703468322754 7.340725421905518 26.3546199798584 -0.7619475799936816 0.2763164055503465 -0.585734691960028 78 65 73
6.976736545562744 -3.3938674926757812 60.907310485839844 0.23823706927754676 -0.9131397057276752 -0.3307853936400764 124 108 84
2.4766416549682617 4.326762676239014 25.32789421081543 -0.41036171679909683 0.6770620144336136 -0.6108930266395218 155 137 133
6.88764762878418 3.1690683364868164 38.54568099975586 0.16358538967543912 -0.8001962510648866 -0.576997209756196 125 111 76
26.43897247314453 7.950067520141602 39.30744171142578 0.42183492382271587 -0.7780747801671462 -0.4654620645244152 48 43 40
-6.476325988769531 8.596920013427734 27.82954978942871 -0.12518845671829554 -0.7547055987715963 -0.6440087805979808 81 69 31
-11.941106796264648 -16.584047317504883 93.67606353759766 0.041571595765926055 -0.9601700610534506 -0.27630645356575934 153 147 111
-7.862262725830078 3.8579440116882324 35.97536087036133 0.0673313021714764 -0.8749607329621525 -0.4794895322342566 148 140 119
13.281913757324219 6.182289123535156 36.04231643676758 0.1698363266032302 -0.8476933746929096 -0.5025649855169648 105 96 81
-0.4920077323913574 -0.6380358934402466 45.04732894897461 0.058189356630212255 -0.8924094630381334 -0.44745876799427287 133 118 89
-1.078557014465332 8.571196556091309 28.613929748535156 -0.2820110642933222 -0.8844154352284253 -0.3718589753466535 107 98 55
-17.49303436279297 -4.862594127655029 52.60849380493164 0.026003285857412583 -0.9643408033371268 -0.2633830748998923 149 143 111
-4.675929069519043 7.501567363739014 29.91048240661621 0.19900007592119465 -0.7938143123478407 -0.5746806132932303 98 93 46
-8.025970458984375 5.014218807220459 33.78926086425781 0.17066760544524773 -0.8210160405372582 -0.5447983384997693 126 111 80
2.233478546142578 8.296209335327148 27.18406105041504 -0.7640954838005887 0.29980645265592787 -0.5712041514042185 77 67 75
-2.429868459701538 4.596052646636963 35.04227066040039 0.44743412216939127 -0.6791146642365029 -0.5818985986728685 105 87 67
13.87264633178711 7.859886646270752 32.048641204833984 0.19672409914759637 -0.8543599364935224 -0.48100803291561656 64 63 43
9.294452667236328 4.912906646728516 36.52299880981445 0.16270865811957846 -0.8364920387761308 -0.5232656702260123 104 93 61
-8.988651275634766 -4.39235782623291 53.62995910644531 0.05354672685041757 -0.9661697371423733 -0.25228711238159507 123 107 82
18.296926498413086 -2.2931485176086426 66.9742660522461 0.2272006331171825 -0.9295121249934969 -0.2904945469388802 150 138 102
18.829574584960938 6.166513442993164 38.82361602783203 0.2443816460935896 -0.8421566288956077 -0.48067642282493284 65 54 45
23.962337493896484 13.565299034118652 29.890583038330078 0.3632204737004851 -0.7465980143132409 -0.5573708751884344 57 46 44
-6.789760589599609 -4.622533798217773 55.32590103149414 -0.001282343825379008 -0.9370461708429378 -0.3492031347266249 100 86 59
-16.829883575439453 -2.811823844909668 48.4063835144043 -0.052565861912706784 -0.8451799404400714 -0.5318906827902625 134 127 109
12.293607711791992 -1.6932400465011597 55.450340270996094 0.5310764687979298 -0.671047638260786 -0.517351767633728 123 107 81
-14.555094718933105 -12.172380447387695 82.30419921875 0.02748759572106814 0.9285868085952513 0.3700958943089764 149 138 108
15.581990242004395 10.072497367858887 30.06385040283203 0.17884140410933932 -0.8320735786187077 -0.5250422001523857 53 51 31
23.42593765258789 -5.657649993896484 75.36067962646484 -0.20308000564740425 0.801597602748723 0.5623164541196988 143 129 102
13.368419647216797 7.693386554718018 32.950225830078125 0.19062994994789953 -0.8870752638249904 -0.4204256158854804 66 60 38
12.492966651916504 8.294551849365234 31.36556625366211 0.1812668305628776 -0.8864077505743894 -0.42593853530684656 64 59 30
17.858701705932617 3.8668766021728516 43.19646072387695 0.1705644853606818 -0.8935500832003875 -0.4153023057318936 72 60 44
14.745016098022461 9.152083396911621 30.52625846862793 0.31269608830550993 -0.81426653011542 -0.4890717475915225 83 70 61
-14.676932334899902 2.0108606815338135 38.74565505981445 -0.07302299878744947 -0.8176520439394194 -0.5710628482836001 116 110 78
-2.8555898666381836 -3.6456501483917236 53.97564697265625 0.3312734291585453 -0.8967612465141478 -0.2933891304802049 78 63 42
6.692404747009277 0.2281663417816162 45.5430793762207 0.2613120658426123 -0.9582247575635153 -0.11628120328500337 136 118 98
-0.19273202121257782 7.6696295738220215 30.127792358398438 -0.022842576975046554 -0.8248404942320005 -0.5649038641682745 63 60 29
-11.09386157989502 9.0767183303833 27.03389549255371 -0.1857106496907291 0.909679977481647 0.3714752927994504 144 139 97
-8.92357063293457 -2.208710193634033 48.725120544433594 0.1984819847015063 -0.9499580531625063 -0.24121483988480563 80 68 54
-29.414302825927734 -12.861014366149902 83.79816436767578 0.05424873670202391 0.8637736303232668 0.5009512851809035 135 129 97
-10.380820274353027 5.459270477294922 33.00004196166992 0.05406381494892616 -0.8925221342195916 -0.447751430864574 97 89 52
13.337364196777344 5.725862503051758 37.06847381591797 0.28533113158482276 -0.9092270085767455 -0.30313757969461114 111 95 80
-9.42704963684082 5.614465236663818 32.4310302734375 0.058462050522622426 -0.9341182384684357 -0.352143870043647 141 138 85
-1.7833281755447388 -2.2504019737243652 49.53504180908203 0.1267903452071354 -0.9558673597321077 -0.26503169425754564 112 101 70
-12.038796424865723 7.67527437210083 27.90296745300293 0.03621835775728009 -0.8275260894495119 -0.5602577994475081 140 129 97
-20.08231544494629 -7.352090835571289 58.519718170166016 -0.1730898937602161 0.8791923225304739 0.4439152494356872 153 148 108
-11.01108169555664 5.973419189453125 31.68843650817871 0.02213552766383002 -0.8790067037510494 -0.47629532138764397 141 139 101
-6.0252838134765625 6.442775249481201 31.778024673461914 -0.263812797996369 -0.8131800415511348 -0.5187880372909752 89 75 49
-10.166046142578125 6.169144153594971 31.50087547302246 -0.013201005553016027 -0.8491852957486544 -0.5279299829870056 167 158 117
-8.69354248046875 4.610461711883545 34.429447174072266 -0.08359107879097054 -0.9888607195224344 -0.12315441093251413 163 149 110
6.890556812286377 7.344050884246826 30.936107635498047 0.24717641504390694 0.8519434591861565 0.461623398666021 162 142 133
-7.236751079559326 2.5464417934417725 37.837242126464844 0.1109662690842385 -0.8182079599908652 -0.5641118872467689 98 89 58
-1.8716397285461426 8.038002014160156 29.51214027404785 -0.07368850176261263 -0.8271444195884345 -0.5571374281554715 130 125 83
26.823692321777344 9.631653785705566 37.10041809082031 0.42737999002577853 -0.7767518890241624 -0.46260441742698516 96 92 68
8.822416305541992 8.014153480529785 30.13172149658203 0.4350652599120024 -0.7148010735669001 -0.5475195383228896 127 124 81
14.782975196838379 4.080043315887451 40.80573654174805 0.25175199646936874 -0.8489720224576429 -0.4646153649610245 71 54 46
24.673620223999023 8.064753532409668 37.5640983581543 0.21782093768998473 -0.7620640941079809 -0.609764180298612 50 35 28
2.298935890197754 2.226478338241577 25.013097763061523 -0.6630202924987745 -0.2870515406453767 -0.6913794216983578 177 166 169
-12.408467292785645 6.890982627868652 30.00530242919922 0.05307755742663324 -0.8233430804254849 -0.5650565854966176 154 143 111
-20.99114418029785 -1.8841387033462524 45.47444534301758 -0.005020805244912337 -0.8722074704262375 -0.4891103352489666 103 95 68
14.115248680114746 8.504497528076172 31.719825744628906 0.28141700168355943 -0.8504065676422473 -0.4445369960693568 58 52 40
9.963961601257324 2.232865810394287 41.91288375854492 0.3221336408902659 -0.8641802053968656 -0.38655205342490706 80 65 46
-0.26182615756988525 2.75508975982666 38.60689163208008 0.07437063241932662 -0.8412996421972212 -0.5354287264168566 126 105 86
10.701502799987793 7.1907243728637695 32.891761779785156 0.006431295694068758 -0.837697615140439 -0.5460964603654896 128 124 79
35.67674255371094 10.114577293395996 41.92978286743164 -0.15518193936188646 0.9035584273418948 0.399375429984526 67 55 55
-7.062939643859863 6.791199207305908 30.87864875793457 -0.24739399511705787 0.886944233084445 0.3900335095581742 133 121 81
16.858360290527344 3.198564052581787 44.500267028808594 0.17092248682322256 -0.9465783832528005 -0.27344993665510287 101 96 66
-2.0706305503845215 7.382046222686768 30.282367706298828 0.02364143169381024 -0.881269113304173 -0.4720231272337659 135 126 84
-1.7156791687011719 3.4319498538970947 37.40641784667969 -0.041904635757683856 -0.8802098559925342 -0.47273101327881806 132 111 90
7.231656074523926 2.7244670391082764 39.36044692993164 0.20938515685795805 -0.8912996308282908 -0.4021726298157557 0 0 0
13.573880195617676 5.703022003173828 38.126041412353516 0.09203217121110678 -0.8350865790568698 -0.5423656376848218 93 78 59
-14.00218391418457 2.1716837882995605 38.3804817199707 0.07796530754379966 -0.8786933858908634 -0.47097701049122415 119 113 77
-12.029741287231445 8.773446083068848 27.27935791015625 0.09405738509679215 -0.7148529426775716 -0.6929202541807897 69 57 35
18.371570587158203 5.032100677490234 41.0714111328125 0.25235418724466396 -0.841312425906418 -0.47802799729256756 82 69 53
3.6721012592315674 -12.544027328491211 85.62474060058594 -0.1332636241146561 0.9037364452150188 0.40681844117240923 134 123 92
-10.245152473449707 -1.353468656539917 45.6102180480957 0.17045048237226904 -0.9218626069428156 -0.34801719351155075 146 139 109
1.7957943677902222 2.205106496810913 39.51774597167969 0.20926865646852552 -0.8558655397049677 -0.47297019712174504 124 109 76
-5.129263401031494 -1.1489418745040894 45.99429702758789 0.08195411810495574 -0.9789302056295179 -0.18702720398858552 124 109 88
4.843482971191406 7.963789463043213 27.894514083862305 0.8918165163694938 0.07906692616718612 -0.44543430752138186 134 119 98
11.610431671142578 1.6904772520065308 43.76118850708008 0.20682335487951364 -0.8763067137461271 -0.43509842946147936 157 135 114
-11.304759979248047 4.441456317901611 34.73257827758789 0.06280162444723633 -0.8708280777805132 -0.4875596526743006 129 127 79
-11.069169044494629 3.8553080558776855 35.62023162841797 0.14349456207725922 -0.8667973642037602 -0.47756846636233213 123 118 77
18.662841796875 -6.337993621826172 77.07833862304688 -0.2834919532375152 0.8613189816096088 0.4216182211059722 95 85 60
18.90206527709961 1.8976083993911743 50.383914947509766 0.22876788847243684 -0.9510360026501237 -0.20783593256974764 126 123 82
18.25719451904297 10.311211585998535 30.63288688659668 0.14060722557639058 -0.7908237059391666 -0.5956739663946656 56 44 44
-6.683547496795654 -6.272105693817139 59.997642517089844 0.13049967041814492 -0.9823027166644858 -0.13435478724007643 121 111 84
-9.633896827697754 6.753847122192383 30.642955780029297 -0.22927422002197415 0.8287453375761752 0.510504160099666 136 128 92
1.9986282587051392 4.465524196624756 27.065715789794922 0.9972643569916931 -0.017407634751074187 -0.07183854485106066 0 0 0
9.91369342803955 6.320138454437256 33.91704559326172 0.17805549373433346 -0.852215368267173 -0.49196057488407446 95 85 49
-4.679750442504883 5.130518913269043 34.114830017089844 0.03145125800204601 -0.8910252674202636 -0.4528628834302238 123 107 87
-25.020601272583008 -2.2036209106445312 46.33675765991211 0.05185621639527373 -0.9006937072970571 -0.4313487897938859 149 143 111
-9.24111270904541 5.75984001159668 32.24681854248047 -0.12858867870685314 -0.9473126785123589 -0.29336605263418924 144 139 97
0.8893994688987732 -8.806940078735352 76.57144165039062 -0.059830190735164934 0.8948902082132423 0.4422576890463906 131 121 86
-6.242655277252197 -4.341141700744629 54.02649688720703 0.2012648184018448 -0.917142754933994 -0.34400819749790323 119 107 79
16.0328311920166 6.937834739685059 36.083106994628906 0.2949357137335756 -0.8594001570580878 -0.4176652904096771 128 115 96
5.4378204345703125 0.9262219071388245 42.827064514160156 -0.07982785865003295 -0.9524759091489726 -0.29396794973974333 122 105 77
-2.417445182800293 5.538039207458496 33.60631561279297 0.27677787325460823 -0.8116509916006986 -0.5144090558206165 53 42 33
16.3907413482666 6.90297269821167 35.95534896850586 0.271097389911637 -0.8973405719764046 -0.3482615440558392 97 89 69
-11.088058471679688 5.149847984313965 33.534400939941406 0.03168787128501095 -0.7727780063734235 -0.6338848725746193 104 96 60
-8.64363956451416 6.628363609313965 30.884544372558594 -0.17423126920511625 0.8967006317705509 0.4069047085172019 137 133 88
-2.4746077060699463 1.3351408243179321 40.610595703125 0.0564598545554424 -0.8223987950794296 -0.566102911735561 110 99 71
3.325010061264038 1.8902537822723389 25.036693572998047 0.9432787481294586 -0.18708603631775583 -0.27426997346088217 119 108 82
2.267122268676758 6.077820301055908 33.16612243652344 0.21435411352012299 0.9239091908872392 0.3169292050459986 152 137 104
14.131540298461914 -2.1864216327667236 58.91590118408203 0.5113553613712446 -0.7666658909508863 -0.3882513439118618 118 102 76
-6.15567684173584 8.048467636108398 28.7344970703125 0.24828081093849583 -0.7975660115578197 -0.549768220368798 119 108 76
2.5531513690948486 1.7050701379776 24.681467056274414 0.5623252330701721 0.29412539136372484 -0.7728393018006479 208 201 193
9.201922416687012 -3.7365171909332275 59.666595458984375 0.047831999725598554 0.9140378156044645 0.4027989218546509 95 80 51
11.054469108581543 7.00874137878418 33.09768295288086 0.12074322459668223 0.8328429080433255 0.540179381535368 92 86 50
-3.908952474594116 7.88181734085083 29.450733184814453 0.14122284028541315 -0.862191419710327 -0.48649981003039666 128 114 75
-2.488438844680786 7.363554000854492 30.27420997619629 -0.002041260791778219 -0.873728602209734 -0.4864094601619134 144 136 89
16.004064559936523 1.2173364162445068 49.493377685546875 0.3056707159848881 -0.9331127869173074 -0.18938305172507175 184 171 118
-6.427860736846924 1.07793128490448 40.91927719116211 0.09994911347915832 -0.8605127866198434 -0.49952769570713773 134 122 98
11.354429244995117 -1.187286138534546 54.38688278198242 0.36462652787733435 -0.828403706171224 -0.4251997116296056 135 121 93
-12.156267166137695 3.831901788711548 35.4994010925293 -0.0288760024722122 -0.8396139862878939 -0.5424154593215214 128 120 83
-8.522286415100098 7.222568511962891 30.058917999267578 0.08399124031482605 -0.8146594516293949 -0.5738252777817223 117 113 68
-7.711612224578857 7.900508403778076 29.012067794799805 -0.0268658593539653 -0.8768608251925045 -0.47999304041193414 105 90 57
-0.8299067616462708 8.441123008728027 29.116849899291992 -0.24475030339655313 -0.8715680931808565 -0.42481330950946133 141 133 84
26.699350357055664 8.536983489990234 38.46796798706055 0.41814415534810573 -0.7113100131796992 -0.5649721501972601 58 49 42
1.5406708717346191 6.88283634185791 28.413190841674805 -0.9926959636491592 -0.013366165025808186 -0.11990024765266186 92 85 69
-7.41084623336792 -5.770798206329346 58.40194320678711 0.11258437089448192 -0.9739888684385459 -0.19664801953768657 128 122 86
20.780168533325195 -3.791317939758301 72.42135620117188 0.20919040054712945 -0.9342890663750822 -0.288692425898064 98 86 65
16.85597801208496 8.670835494995117 32.740936279296875 -0.023330944288595636 0.8619135153609526 0.5065182712170685 60 48 48
-9.673628807067871 7.199932098388672 29.92072296142578 0.018494286098327827 -0.8857655367931082 -0.46376435310546477 103 93 58
-10.549363136291504 -3.7813057899475098 51.82065963745117 -0.16807934794439258 0.8633123613191723 0.47585827678848164 101 90 62
13.52017593383789 9.85974407196045 29.236251831054688 0.029390571338745727 0.9016451964381638 0.4314766900498414 90 80 59
6.102262496948242 7.618874549865723 27.37349510192871 -0.09619125080068365 0.4424726170943705 -0.8916082247215188 147 127 117
-4.349376678466797 8.508113861083984 28.244049072265625 0.42044716599398013 -0.6408955069918882 -0.6422438242017132 121 108 74
-7.774387836456299 8.880536079406738 27.298099517822266 0.03955722618265282 0.9368789737367664 0.3474090016488896 126 112 83
24.300413131713867 5.624652862548828 42.18069839477539 0.2118936879244599 -0.9562323471485481 -0.20179386334710647 42 35 28
-13.202439308166504 -0.3516635298728943 43.18946838378906 -0.05277943222137546 -0.935660891140671 -0.3489312659023755 118 113 85
-0.35171768069267273 7.932588577270508 28.754119873046875 0.2807605207943269 -0.8370488308984281 -0.4695985356183224 147 240 245
1.311558485031128 8.287705421447754 29.880918502807617 0.16143354115193687 -0.8734508128564125 -0.45937227747396603 61 53 50
-3.4801201820373535 6.302440166473389 32.10549545288086 -0.2249065978623399 0.8841184529891578 0.4095748812147127 113 104 63
4.144409656524658 3.848134756088257 36.72605514526367 0.020683000428276935 -0.8828738986682815 -0.4691544442329764 143 128 87
11.278182983398438 6.672806739807129 33.076412200927734 0.06868871807649539 0.896346443809152 0.43800104187055827 112 103 88
-0.7217963337898254 -7.345743179321289 72.0716552734375 0.06283935098214491 -0.9623887585638278 -0.2643087084416965 151 141 106
22.451763153076172 8.272000312805176 35.60124206542969 0.19227170220333784 -0.8502600526435653 -0.48998921968793563 59 45 44
18.79148292541504 3.057340621948242 46.593780517578125 -0.03151120613643645 0.9800763451309089 0.19610558789250762 106 97 54
29.889387130737305 9.650522232055664 39.27583694458008 0.30936863575095996 -0.8424115371197246 -0.4411732645357982 85 80 60
-13.006396293640137 -2.2294468879699707 47.278892517089844 -0.009288496196942046 -0.8186477108450697 -0.5742209064171443 125 119 97
9.329107284545898 5.319920063018799 35.799983978271484 0.756145806947066 -0.3405512534057204 -0.5588097730356576 114 103 75
-5.999400615692139 -5.6640944480896 58.645503997802734 0.26252291839296665 -0.9302774729854442 -0.2562528840310996 140 130 94
-5.889775276184082 6.228421688079834 32.25666809082031 0.090490223132078 -0.8830469394958406 -0.46047760223982226 103 90 73
1.333093523979187 6.468360900878906 27.827707290649414 -0.996115705092891 0.013519401101919381 -0.0870099296697711 64 58 40
-6.947521209716797 0.3051188290119171 41.56903839111328 0.10062420424513736 -0.8404889789947473 -0.5324030857427483 137 126 95
6.536367893218994 0.874018132686615 43.755130767822266 0.05546033374725827 -0.9416894007901252 -0.3318813399698415 128 110 90
-5.227931499481201 5.3990159034729 33.60042953491211 -0.007997795864945078 -0.7964189797021888 -0.6046923548643784 104 88 72
-5.80136251449585 0.23070128262043 42.80635452270508 0.18800534692581725 -0.926281030655209 -0.32658450939324596 105 94 66
-6.0587077140808105 1.9658613204956055 39.37831497192383 0.10730726555976722 -0.839680302331824 -0.5323740608200427 90 75 68
9.767735481262207 4.4131364822387695 36.738670349121094 0.21848111945661783 -0.829116836481845 -0.5146175977396427 84 72 46
3.015963315963745 6.261790752410889 25.62980842590332 0.271414265780907 0.04085732461714982 -0.9615950162910272 167 155 149
6.976516246795654 7.7952046394348145 30.103485107421875 0.2542272180751476 0.8769111830665822 0.40791579842234393 180 162 158
16.728450775146484 9.37596607208252 31.280048370361328 0.2382955011887741 -0.7824498685257255 -0.5753150939765671 90 82 80
-11.157601356506348 -3.3493056297302246 50.96302032470703 0.045759780269294316 -0.9400755182518094 -0.33788172855793436 148 138 103
12.492587089538574 5.098400592803955 37.16292953491211 0.28575491120725083 -0.8969658720708832 -0.33733715339561415 115 113 66
-3.3176307678222656 5.902927398681641 32.91597366333008 0.22653250564901542 -0.8566294376118538 -0.4635396752179659 112 100 60
-11.274773597717285 7.812276840209961 28.456233978271484 -0.34948378917494827 0.8243377313454897 0.4453407524402986 117 106 76
-3.513911724090576 -2.6411826610565186 50.761329650878906 0.12305286101734639 -0.9540737485167744 -0.27313234115826845 109 95 66
-2.0587551593780518 -3.8397409915924072 55.19068908691406 -0.25467729384167564 0.6976412904368139 0.6696537208730625 108 93 69
-10.122425079345703 3.2756452560424805 37.004207611083984 0.06313355652151446 -0.9014600921893509 -0.42823341325836733 166 152 113
-1.4609858989715576 3.8322558403015137 36.65129470825195 0.00048096496172763276 -0.8661589808323095 -0.4997683349275345 118 101 83
-16.743364334106445 -6.500115871429443 58.07876205444336 -0.042832318226511686 -0.9176590942779921 -0.3950533877898506 134 130 95
2.5569472312927246 1.6990071535110474 24.655183792114258 0.5623252330701722 0.2941253913637245 -0.7728393018006475 210 201 192
-12.141518592834473 4.287306785583496 34.69051742553711 -0.0731824634367813 -0.7855068282235388 -0.6145106588656701 144 134 99
0.6719350218772888 0.5325038433074951 43.250667572021484 -0.05061703921939354 -0.9172860681730263 -0.3949989676902113 127 111 85
23.0118408203125 5.711434364318848 40.419559478759766 0.1182063906885194 -0.8635263154594741 -0.49025457846855214 64 50 41
-2.933551788330078 7.568701267242432 30.084869384765625 -0.03018779799816723 -0.852850445550778 -0.5212818953079624 149 136 91
41.96393966674805 11.256196975708008 42.269676208496094 -0.11058313360925716 0.9031705501770662 0.4147943199394284 63 59 48
-6.1711812019348145 7.6159868240356445 29.440893173217773 0.028361241392237148 -0.8352470743761496 -0.5491429365227 118 109 67
18.084999084472656 -2.548129081726074 65.90260314941406 0.2716244430752723 -0.9299076553636622 -0.24797563271439574 103 94 65
2.2961578369140625 5.547874927520752 26.06162452697754 -0.8341776974928095 0.1271347628270286 -0.5366417064359702 77 62 67
11.065707206726074 5.357814788818359 36.452388763427734 0.22946138782255995 -0.7522504567416031 -0.6176299230369225 76 71 39
3.075563907623291 1.205917239189148 24.838680267333984 -0.7168933196950548 -0.0777135732983257 -0.6928380537339227 246 238 229
-3.5743231773376465 6.4581499099731445 31.830841064453125 0.16158871645267217 -0.8013078668587971 -0.5760163098605648 110 96 61
-6.962381362915039 7.186626434326172 30.256580352783203 -0.02311941080880032 -0.8139923325158032 -0.5804153473585414 165 158 120
22.81308937072754 -4.0513691902160645 73.77742004394531 -0.27731302502159927 0.8537411924110564 0.4407079106777145 89 70 63
-2.1097986698150635 -0.10470384359359741 44.05729293823242 0.12730796999352717 -0.8843179359757389 -0.44919313094451535 116 100 84
16.078609466552734 0.9883655905723572 51.15767288208008 0.2416874117813497 -0.9446463747529842 -0.2218792952316136 175 163 111
-0.5625561475753784 6.762173175811768 32.170997619628906 0.0660459407378265 0.9861179391604993 -0.1523461314832291 95 88 71
-2.8526062965393066 2.3740453720092773 39.261322021484375 0.12037906334347527 -0.8956734038017186 -0.42810983967994837 107 89 64
13.248954772949219 10.78790283203125 27.342506408691406 0.22465286959913794 -0.7728399635241564 -0.5935060900789926 70 55 50
13.401728630065918 7.554643154144287 33.247039794921875 0.17739434884134983 -0.7746093346709019 -0.6070515823551214 107 102 73
10.148950576782227 6.052542209625244 34.673675537109375 0.1897957002702638 -0.931696104950425 -0.3097094770573337 115 104 76
-1.4410645961761475 6.763556003570557 31.426830291748047 0.09819865064521568 -0.8549832412438949 -0.5092746628328789 62 57 35
27.247333526611328 8.397348403930664 39.08979797363281 0.4085269161619127 -0.7413653899947719 -0.5324313263596888 36 32 21
15.724200248718262 -7.4194231033325195 77.84933471679688 -0.2555257583142535 0.8776826002807034 0.4054378374084352 95 80 61
-7.521885871887207 0.9861764907836914 40.98677444458008 0.09967451584957765 -0.8534121683637252 -0.5116176910339174 97 87 52
32.34623718261719 11.680365562438965 35.30746078491211 0.20906435572858886 -0.844671062005409 -0.4927706283601372 33 25 23
3.6312286853790283 -3.7101824283599854 58.531951904296875 -0.41335399954128765 0.7526776502943959 0.5124595845630452 89 75 48
10.864757537841797 1.4217225313186646 44.86985778808594 0.2244699550819964 -0.9381221394510871 -0.263704551984227 108 90 76
-1.9536890983581543 -2.424114465713501 50.13364791870117 0.14549682108509168 -0.9593042335088405 -0.24200426158675079 115 100 67
-2.335949182510376 3.327437400817871 37.62189483642578 -0.008118279502187747 -0.874940099867748 -0.4841631080342029 89 70 52
-16.10026741027832 0.8907281160354614 40.874671936035156 -0.03149130588677232 -0.8046128511029335 -0.5929641283362377 102 95 66
-3.90555739402771 -2.8396875858306885 50.6829833984375 0.12794836161482703 -0.9509648393482688 -0.28159384063470433 129 115 87
2.0968565940856934 2.4840564727783203 39.51615905761719 0.1431628634235257 -0.8180703075711309 -0.5570146913743416 112 101 56
22.156862258911133 12.047554016113281 30.829404830932617 0.41317756958967666 -0.7736455849215447 -0.48037152800657146 52 42 41
-5.296350955963135 6.642392635345459 31.566177368164062 -0.2316944876037224 -0.7776025784663715 -0.5845099608873227 142 133 90
-26.513139724731445 -10.692658424377441 79.41100311279297 0.009761559580657672 0.9189019174946831 0.3943652849569143 130 120 85
13.260156631469727 8.313342094421387 31.488435745239258 0.08881905276360433 -0.8564714206674536 -0.5084957044519156 49 43 19
15.624499320983887 8.74939250946045 32.311729431152344 0.29876995708606785 -0.8592242147357132 -0.4152953907215753 126 119 114
3.1157755851745605 5.375002384185791 25.84646987915039 0.29374828172870066 0.2598235158813079 -0.9198933022783197 165 144 141
-0.8277732729911804 2.6309070587158203 38.864288330078125 0.041128581328742246 -0.9010768152854692 -0.4317047749943028 108 90 66
-5.2478485107421875 3.917620897293091 36.27756881713867 0.1787455499854012 -0.8539278964901473 -0.4887301668163412 122 109 92
-12.86065673828125 -3.5452659130096436 50.339942932128906 0.183118261427828 -0.9180682568346835 -0.35159405302731644 95 88 62
-4.318276882171631 5.665252685546875 32.80900192260742 -0.14478246720130358 -0.8683849782249464 -0.4742842679072996 109 97 71
-33.42686462402344 -11.502394676208496 80.4312973022461 -0.1431581663151949 0.9385916932255102 0.3139289295769672 140 137 102
24.27610969543457 6.584071159362793 40.07749557495117 -0.049720691740365947 0.8998507001473174 0.43335501642099644 58 47 41
16.930639266967773 5.700820446014404 38.54571533203125 0.2947535782296036 -0.8783739967946649 -0.37627044778431834 72 57 44
-5.946807861328125 6.637165546417236 31.495073318481445 -0.07846102192356169 0.9136200540981012 0.39892639018808157 105 100 113
-9.992945671081543 -5.646250247955322 56.75850296020508 0.10074600794042705 -0.9410547125904329 -0.3229028798190023 142 134 97
-3.9986305236816406 5.723176956176758 32.175411224365234 0.08129456833734687 -0.8537474500856158 -0.5143019391672108 112 96 70
-9.70123291015625 7.225449562072754 29.815677642822266 -0.12497589077416837 -0.8984604125523229 -0.42089180771489587 75 69 33
5.103204250335693 4.884321689605713 35.089454650878906 0.07549959868230777 -0.8759576006950528 -0.476443168051948 124 104 71
-27.04667091369629 -5.010466575622559 52.92964553833008 -0.22326736130138986 -0.9158648490278377 -0.33368138050051566 155 150 118
0.4167081415653229 -2.6553163528442383 55.81513214111328 -0.6100854280524107 0.7486910040230359 0.2593406080294497 53 46 13
6.236775875091553 0.06255941838026047 44.934791564941406 0.19748380690728598 -0.9390140297367869 -0.28151873466411836 82 64 44
-7.349332332611084 -6.060178756713867 58.880802154541016 0.14168788954403425 -0.977129922343939 -0.15856120842338844 165 154 122
35.192787170410156 4.2622222900390625 55.59249496459961 -0.1343671340793203 0.9162527965469734 0.3773940726868411 77 63 54
2.6324985027313232 3.2114176750183105 24.55068016052246 -0.11662536123360752 0.3351354194012782 -0.9349239411737513 83 56 61
9.615574836730957 -0.17189902067184448 49.21969985961914 0.21753007784207418 -0.9393860070546037 -0.2650181031251044 139 129 94
13.371996879577637 -1.856137990951538 56.95669174194336 0.46087190919881865 -0.7747064898496335 -0.43292832882163645 204 188 163
-12.864419937133789 7.913853168487549 28.1562557220459 -0.3846285062462184 0.8090143251692017 0.4444735468549552 120 114 78
-15.437653541564941 -2.6185145378112793 47.740074157714844 -0.03922917579509312 -0.8567256578881596 -0.5142783476703433 144 136 117
22.94660758972168 10.653129577636719 32.62291717529297 0.3332402988277043 -0.7458956545436283 -0.5767066635388864 51 41 40
7.73424768447876 7.6780619621276855 30.731121063232422 0.05381799975163955 0.9812313894649576 0.1851717668312355 50 41 45
8.43266487121582 7.629273414611816 30.394744873046875 0.42637869471129886 -0.7739881826172436 -0.4681276555226639 167 153 127
7.608994483947754 7.877140998840332 29.68498420715332 0.0695423613021311 -0.5939006115640552 -0.8015272444330044 114 108 76
-12.868940353393555 1.1076092720031738 40.8087272644043 0.05585245701943331 -0.8411876529893673 -0.5378511276395468 103 96 56
29.259008407592773 9.84652042388916 37.95270538330078 0.28265845656063365 -0.8865221624885926 -0.36630950349575986 74 72 51
-5.9786577224731445 5.234218120574951 33.65882873535156 -0.018571834060293464 -0.7657389733136851 -0.642883280019119 133 118 97
2.6961967945098877 0.8112846612930298 24.32188606262207 0.5071237718898063 0.24593960623734176 -0.8260382497609157 212 202 201
20.187721252441406 4.677962303161621 42.517478942871094 0.47080213461489023 -0.7391572548325002 -0.4816553774957207 42 33 24
9.790816307067871 -3.7215735912323 59.64736557006836 0.043666062106435546 0.9128029185875207 0.4060592405526816 131 118 83
-3.57468581199646 5.768203258514404 32.90464782714844 0.2032075086940583 -0.8312274680837456 -0.5174626602117678 143 129 102
-6.308466911315918 7.054988861083984 30.375835418701172 -0.10283859621105647 -0.9484948475280585 -0.2996360247734978 115 110 107
1.7963805198669434 1.801093339920044 39.91257095336914 0.17468669233465728 -0.8746170310194088 -0.4522494981445202 129 120 81
-6.858661651611328 -0.5796375274658203 43.97380828857422 0.11011205707120714 -0.9129752590367082 -0.39287594896405054 176 162 135
44.97270584106445 9.424695014953613 45.925575256347656 -0.042869519901461664 0.9415426236589746 0.3341551916352533 63 54 49
-11.774026870727539 6.287674427032471 31.319128036499023 -0.15299648761461898 0.8690278377227494 0.4705132219614159 102 91 59
-19.968061447143555 -15.23894214630127 88.65592193603516 0.0018250861204805657 0.9177725468669229 0.39710228062560304 124 117 89
-5.1173858642578125 -5.54169225692749 59.83262634277344 0.18125611094216368 -0.9484253171153726 -0.26006852962388044 156 152 110
-32.241641998291016 -12.953568458557129 84.18414306640625 -0.013278197284650984 0.866140865480363 0.4996235489063718 107 101 69
2.072957992553711 0.023163698613643646 23.899181365966797 -0.05625677601693747 0.04227286154336409 -0.997521017487409 94 77 59
13.950060844421387 7.639181613922119 33.32468032836914 0.1397081007235597 -0.8656713280053558 -0.4807232035814991 86 77 60
-8.394001960754395 -2.909803628921509 50.37865447998047 0.015950724996428065 -0.90372787565835 -0.42781012275323127 99 86 70
-1.1403707265853882 7.4735517501831055 30.30560874938965 0.09469008010782304 -0.8781483568508707 -0.4689235034515655 125 112 78
-18.474781036376953 -2.0308573246002197 46.04280471801758 0.07849886831463711 -0.8400369741036378 -0.5368200907307081 143 137 105
-4.949733734130859 5.806845188140869 32.88072967529297 -0.19482204648245932 -0.9254585209680967 -0.3249167526797123 119 115 80
26.817577362060547 9.626877784729004 37.08888626098633 0.4273799900257784 -0.7767518890241628 -0.46260441742698505 108 102 81
-12.093241691589355 3.5768775939941406 35.88406753540039 0.10548495583129863 -0.8647871129918264 -0.4909339805885617 162 156 120
-5.2183709144592285 4.95571756362915 34.37834548950195 0.08207853418186026 -0.8622900137862985 -0.4997189673716439 94 77 57
-1.533552646636963 4.916524410247803 34.62289810180664 0.027726232486859022 -0.8581991928979221 -0.5125674602834636 123 103 78
-22.84980010986328 -1.3438727855682373 44.58375549316406 0.01849755438437792 -0.9114257962034545 -0.411048486795288 112 105 77
1.8530075550079346 5.462463855743408 26.828842163085938 -0.6083160894201405 -0.4873952646044981 -0.6264163083714369 97 90 98
18.17082405090332 -3.800414562225342 70.53475952148438 -0.1724672236339068 0.9330125848094792 0.31582047647222855 106 94 70
-9.85538387298584 2.69097638130188 37.70560073852539 0.14595318569806717 -0.8247353457750664 -0.5463600250877326 102 89 54
2.190721035003662 2.4038922786712646 24.942283630371094 -0.620206518984605 -0.30726374183197325 -0.7217567919766417 203 185 184
-2.4869027137756348 6.451910495758057 31.92621612548828 0.032505913386903285 -0.8825121399591491 -0.4691648840435593 103 96 44
10.716293334960938 4.705914497375488 36.71184158325195 0.33210817196891745 -0.7704184892150825 -0.544205396506699 121 112 77
-0.1661694496870041 -1.5541549921035767 48.3563117980957 0.20557123834900415 -0.9300696344906827 -0.3044847138396688 102 87 69
-25.513872146606445 -3.305447578430176 48.535499572753906 0.06861332776899831 -0.9354925174808358 -0.3466207740309746 129 122 104
5.285562992095947 8.300718307495117 28.920291900634766 0.14259469729096838 0.9434253401382143 0.2993582801420278 124 112 90
-5.120465278625488 0.27135515213012695 42.92454528808594 0.0038448081465031303 -0.9463695735121516 -0.323063225670681 154 136 122
-7.894106388092041 3.901109218597412 35.90985107421875 0.06733130217147643 -0.8749607329621524 -0.4794895322342568 147 135 115
-10.353238105773926 6.039106369018555 31.60902214050293 0.06128948529066481 -0.8681391342222323 -0.49252212399513395 134 129 87
8.798710823059082 1.4515119791030884 42.83369827270508 0.32887318923087216 -0.8744533695638539 -0.35661425919827827 135 116 101
-11.199517250061035 8.01284122467041 28.294445037841797 0.18440846306376008 -0.7962620704795783 -0.5761599030356391 149 138 106
26.56951904296875 3.7726047039031982 52.29990768432617 0.21644528868659216 -0.9370993773018512 -0.2738543300111576 78 69 56
-8.904716491699219 4.377945423126221 34.86384582519531 -0.0878690274751762 -0.8834066644443532 -0.4602952305052357 110 101 60
-6.546738624572754 6.304966926574707 32.195037841796875 0.08961562446722116 -0.8728554795852326 -0.47967942587668283 121 107 81
41.65324783325195 7.617821216583252 49.675537109375 0.25052179419133 -0.8839611919292085 -0.39478024494426006 40 32 30
2.2169923782348633 -6.264453411102295 64.69034576416016 0.14737125393405634 -0.9808707003282988 -0.12717854674187914 101 90 58
9.243147850036621 -1.3095921277999878 54.580101013183594 -0.09622648859674778 0.9216351924727132 0.3759375412061493 122 105 84
6.975419044494629 7.801461696624756 30.085607528686523 0.2542272180751476 0.8769111830665822 0.40791579842234393 188 170 168
2.4279873371124268 2.1106040477752686 24.84004020690918 -0.46678491058954835 0.02103851270302136 -0.8841205959761099 53 42 42
-4.957531929016113 0.5172120928764343 42.28071975708008 0.09630352531493988 -0.9253802005644228 -0.36660212140038617 89 73 50
-16.568035125732422 -11.325533866882324 80.77555084228516 0.02094354281663854 0.8972912276791781 0.4409419698149415 147 136 108
-8.328639030456543 -4.210485935211182 52.743953704833984 0.09421045506806132 -0.8986668911129398 -0.4283949217407601 135 130 96
18.22686195373535 6.19179630279541 38.52095031738281 0.2653967160925593 -0.8622791132288218 -0.43132274919902097 82 70 59
32.97031784057617 10.038375854492188 39.73865509033203 0.3333854709309922 -0.8449046313276652 -0.4183184095078571 60 52 50
22.407474517822266 -0.7671069502830505 63.86333084106445 -0.08652926266830412 0.9486533179085562 0.3042524759524033 108 95 78
-5.81491756439209 8.166749000549316 28.678319931030273 0.09401769962508927 -0.7730987958967241 -0.627278984137235 127 114 79
-11.163702011108398 7.325572490692139 29.250375747680664 0.04735072441799817 -0.8735665971494535 -0.4843958187699545 99 88 56
17.690364837646484 9.734771728515625 31.631175994873047 0.12572972815101524 -0.7466596683442254 -0.6532161779435378 39 29 26
20.231752395629883 9.890074729919434 31.985919952392578 0.2577361460683927 -0.8270609687414071 -0.4995420232516355 69 59 58
-4.735715866088867 -2.7135493755340576 49.893497467041016 0.18529036835314933 -0.9287503441598697 -0.32107674724040397 126 112 86
-7.0613112449646 3.923177480697632 35.92976760864258 -0.0037477982811662284 -0.8465356286391569 -0.5323188738458846 149 135 124
3.146151065826416 6.778707504272461 25.886478424072266 0.5169712004597448 0.2958815743553606 -0.8032402329640893 168 149 143
2.568540096282959 0.15300260484218597 23.901975631713867 0.17385770616167404 0.11005317966299692 -0.9786019597641653 220 211 206
10.394115447998047 -3.1853556632995605 58.356666564941406 -0.057611638803888886 0.9267170578848373 0.3713171066616804 136 119 89
-11.217987060546875 6.775454044342041 30.298612594604492 -0.13965573936973433 0.8835181918444363 0.4470926963628813 106 95 63
33.67303466796875 -11.63558578491211 106.17621612548828 -0.162596216804945 0.8625726438046932 0.4790938367799158 140 124 98
21.755826950073242 9.041260719299316 34.23481750488281 0.3035604872333837 -0.8068768773333661 -0.5067551039855311 60 50 48
9.58191204071045 9.404114723205566 28.448467254638672 0.16668818439214617 -0.8355490263324131 -0.5235196976036388 103 94 61
-12.231334686279297 7.76483154296875 28.690523147583008 -0.15419411469576044 -0.8675266178837224 -0.47288660612922917 118 109 78
9.919949531555176 8.632755279541016 29.678932189941406 0.16953077050064688 -0.8825393312432629 -0.43861560239251784 91 89 38
-11.15687370300293 6.524895191192627 30.786619186401367 -0.08262047220317358 -0.8408487453740582 -0.534927326817201 95 84 52
-10.621076583862305 3.934908151626587 35.62346649169922 0.0038216691884907722 -0.8772774212805133 -0.47996845829286156 150 138 96
-3.4630234241485596 6.762258052825928 31.323421478271484 -0.006627140130736498 -0.8745904088747298 -0.48481717968531224 153 140 98
-1.1546489000320435 5.293320655822754 33.90578842163086 0.0490553122310705 -0.8578205125613341 -0.511602916890553 133 119 92
12.008973121643066 4.248652935028076 39.18599319458008 0.17107736529396406 -0.8096072492826354 -0.5614878778683294 101 93 70
-5.678822040557861 7.729220390319824 29.1755313873291 0.041918215059859716 -0.8303189937015042 -0.555709665153232 107 103 56
2.293715476989746 -0.19522550702095032 23.142566680908203 0.7994495836983337 0.5075678437578169 -0.32133354494605915 123 109 86
12.926267623901367 -0.07147885859012604 55.50223159790039 0.4043385496483265 -0.7901419736284221 -0.4606365148127858 114 100 74
-36.25558090209961 -11.742790222167969 79.15308380126953 -0.02896359764662002 0.9385530882360084 0.3439174473242321 120 115 83
-11.712719917297363 4.651360034942627 34.18321228027344 -0.042846587243361656 -0.8431330081146737 -0.535995243065737 143 133 98
33.10504913330078 11.207083702087402 37.660640716552734 0.22545116401837942 -0.9030348948316004 -0.3656497659772784 82 73 66
-8.864962577819824 6.129246234893799 31.78488540649414 0.11552534102487458 -0.8359703630047028 -0.5364768846454351 160 156 109
-4.912964820861816 2.6236510276794434 38.72607421875 0.03699191504168331 -0.9253889698788569 -0.3772092955483695 154 139 116
-6.361129283905029 1.4890649318695068 40.4243278503418 0.11650567286651792 -0.9070271177667172 -0.4046334586088023 130 116 105
15.947375297546387 7.487678527832031 34.70752716064453 0.22599283484142266 -0.7669969904246592 -0.6005354737897276 48 43 15
9.842293739318848 6.118668556213379 34.26822280883789 0.24627622565103038 -0.8718023932165664 -0.42344847131729046 84 78 44
0.9547857642173767 6.623678207397461 32.2064208984375 -0.20325736422769586 -0.8336647061188442 -0.5135071583327645 152 143 100
0.10388687252998352 7.031196594238281 31.16440773010254 0.030606559078596853 -0.9257747351154118 -0.37683468306852747 75 72 45
-10.533698081970215 -4.296504020690918 52.382205963134766 0.14398543793940824 -0.9046337117534863 -0.40113095270809884 130 121 90
-14.715023040771484 5.336904048919678 32.35152053833008 -0.029855615326785434 -0.8536604952281973 -0.5199734619384034 126 117 86
-8.908970832824707 0.9978692531585693 40.950462341308594 0.07908740724171283 -0.8339251253368476 -0.5461813502379098 123 111 87
-1.2273650169372559 -14.590483665466309 93.0215835571289 0.13650456346927495 -0.9615289888759846 -0.2383873060865227 168 158 123
13.707267761230469 8.466720581054688 31.4876708984375 0.2323083022256236 -0.8567678424356322 -0.4604147227068658 73 67 42
-15.485818862915039 0.5447368621826172 42.356536865234375 0.07595638594111405 -0.9206206882590694 -0.38299892399870006 130 119 87
14.964004516601562 7.0555009841918945 35.016204833984375 -0.014599167203858305 0.8722892489968664 0.48877226844557825 106 101 63
-8.5829439163208 3.959160327911377 35.7767448425293 0.03016233447585379 -0.9026323861311761 -0.42935417674235593 121 108 73
-10.612188339233398 5.015336513519287 33.543739318847656 -0.047602813168569465 -0.8010333000361297 -0.5967240772850261 129 123 89
-4.859679222106934 1.297181248664856 40.662418365478516 -0.011466645031132917 -0.8745661222032407 -0.48477068181369665 188 174 148
2.731713056564331 1.4878572225570679 24.895505905151367 0.04828461411864304 -0.3707183624267959 -0.9274893486175506 149 141 129
-22.40874481201172 -8.884026527404785 67.69916534423828 0.02083488648154517 -0.9816206970258632 -0.18970164647614338 146 140 106
-7.381964206695557 1.650758981704712 39.618408203125 0.1389929547399108 -0.8533824520540191 -0.5024135239610281 84 69 48
20.544599533081055 7.092623233795166 37.651832580566406 0.3983129707444171 -0.8785867533303541 -0.26349970438158943 129 113 98
8.259232521057129 3.9000866413116455 37.53323745727539 0.15183877659644246 -0.9436332644861043 -0.29411094518394626 109 93 67
13.131084442138672 4.019069194793701 40.00904846191406 0.25552305644640516 -0.8970872013982869 -0.36047540930232186 48 35 16
19.572906494140625 6.9320149421691895 36.625732421875 0.18853241824773515 -0.9434624290047773 -0.27264293925584543 66 53 45
-2.4231598377227783 2.1136553287506104 39.78538131713867 0.07791183211791002 -0.8880501260382995 -0.4530968109128456 148 129 115
-4.010932922363281 7.144414901733398 30.664777755737305 0.13795858849757292 -0.832467580481902 -0.5366238489914196 96 82 44
27.520505905151367 1.4821027517318726 60.25504684448242 0.32831801063500343 -0.8805253132708001 -0.3418807636911326 120 103 95
-3.20393705368042 6.982903957366943 30.997791290283203 -0.01781808566883874 -0.858022628662214 -0.5133027221111167 108 95 51
-9.427200317382812 -2.2016818523406982 48.040592193603516 -0.28451012765167155 0.9089026878846763 0.30487684598808074 58 49 54
7.58334493637085 3.5756022930145264 36.04170227050781 -0.011319837202723167 -0.854555158313239 -0.5192372701241108 91 72 55
-5.088634490966797 6.315282821655273 32.25204086303711 -0.10529771317616807 -0.9526996268030391 -0.2850891311313346 47 35 44
-20.035612106323242 2.140214204788208 38.46086883544922 0.01668896571388127 -0.9107899627238286 -0.41253257110793984 82 77 47
-9.855319023132324 7.040613174438477 30.167747497558594 0.12421796332425702 -0.8469954793934966 -0.516883502807503 144 135 96
15.689947128295898 6.469566822052002 35.797271728515625 0.38385288021706354 -0.6903026960589796 -0.6133018458824073 73 62 42
27.1729679107666 11.403755187988281 34.898406982421875 0.371221245328545 -0.6984466350733184 -0.6118554445058757 38 32 31
-8.759353637695312 5.889809608459473 32.03071975708008 -0.1531537573082855 -0.7379298949079582 -0.6572696530522955 177 173 126
0.20394761860370636 5.462783336639404 33.899627685546875 0.028068356973075005 -0.8595435819421066 -0.5102910915144071 169 155 126
11.391064643859863 9.001640319824219 29.663484573364258 0.18479609227228397 -0.8596828844244185 -0.4762307660248396 103 95 67
-18.851720809936523 -0.09831584990024567 42.579071044921875 -0.07736002279882871 -0.8218127179309621 -0.5644814288526144 96 90 66
11.942537307739258 9.900164604187012 28.105533599853516 0.13057773402995831 -0.7725485490232399 -0.6213840960128356 66 50 51
-7.435534477233887 6.273591041564941 32.23179626464844 0.03697811578110768 -0.8620880580121804 -0.5054075575078659 116 108 62
13.298991203308105 -0.47805294394493103 54.26641845703125 0.3237002900946321 -0.9334796878682429 -0.15438197605309775 110 104 68
24.262643814086914 8.339630126953125 37.3315315246582 0.2628567989397834 -0.8866883685571824 -0.3803814405521543 65 58 52
-14.386076927185059 6.909314155578613 29.42976951599121 -0.18872387876333002 0.8848353609133491 0.425969108811739 136 127 95
3.9059369564056396 2.331298828125 38.735294342041016 0.3130558042764946 -0.7735581065952339 -0.5510026489315581 144 127 104
16.770233154296875 8.829582214355469 32.60704040527344 0.07658278804986243 -0.8675479168726102 -0.4914221082781122 93 82 78
2.844773769378662 -0.3436029553413391 24.118051528930664 0.6013338404458369 0.10261811194715229 -0.7923806758339468 250 242 231
2.267021417617798 5.335346221923828 28.50187110900879 0.9801888195750269 0.19806498504566072 0.0003737365077209077 165 151 110
18.88877296447754 -0.2534644901752472 58.68513870239258 0.22896470398785793 -0.948112658289071 -0.22058456772808038 125 115 80
-3.172273874282837 1.7835912704467773 40.0180549621582 0.14484808939357335 -0.8490789637184364 -0.5080196299060277 138 120 93
17.84920883178711 -8.628414154052734 80.36509704589844 0.23389066235617725 -0.9251502202515812 -0.2989853307957434 109 93 77
-13.303683280944824 4.904484748840332 33.71990203857422 -0.0005109308971893656 -0.9070709196316858 -0.4209775358711505 139 133 97
-11.161376953125 6.529111385345459 30.800233840942383 -0.08262047220317356 -0.8408487453740584 -0.534927326817201 100 90 55
-2.2421674728393555 7.052868843078613 30.86191749572754 0.029012676008154728 -0.719608781847097 -0.6937733532785642 95 80 54
-10.572257041931152 -0.4395992159843445 43.185760498046875 0.07766397263400192 -0.9254963417409681 -0.370708549643504 99 88 58
-10.890547752380371 1.6136144399642944 39.69707107543945 0.07246223562834822 -0.8724595554067684 -0.48328412821772415 124 113 81
-11.539900779724121 2.4687466621398926 37.98411178588867 0.01331621801884953 -0.8565942282131925 -0.5158187729518187 141 131 96
11.806095123291016 8.668805122375488 30.282394409179688 0.21934051213657285 -0.8729936662033235 -0.4356280506401605 60 49 31
-32.3530158996582 -10.590678215026855 77.61201477050781 0.09458642701281372 -0.9644770607843942 -0.24665240125659807 108 102 70
19.547401428222656 9.85440444946289 32.19537353515625 0.2957671940888906 -0.791937830801558 -0.5341874568408611 67 57 55
31.391695022583008 9.650177955627441 39.839332580566406 0.23520721844984033 -0.8012723833820219 -0.5501273779938454 55 44 40
-5.60864782333374 -3.0291659832000732 51.22681427001953 0.1542016122358326 -0.9572932248167975 -0.24456398856685038 117 101 78
-29.36503791809082 -15.121763229370117 88.01861572265625 -0.0033351939133451558 0.8970542236864948 0.4419079047129398 160 153 124
6.70560884475708 4.000959396362305 36.94252014160156 0.17636312788536826 -0.8533774397020474 -0.4905537611007258 136 121 88
-2.4160711765289307 5.536205291748047 33.59913635253906 0.27677787325460856 -0.8116509916006988 -0.5144090558206166 59 44 39
23.846940994262695 10.622098922729492 33.27448654174805 0.3586604134196326 -0.7034152883656127 -0.6136527030325701 61 50 48
2.3238492012023926 3.573899030685425 24.98106575012207 -0.4815388263371093 0.702401913259096 -0.5241678271125005 116 94 97
20.34075927734375 6.009312152862549 40.06541061401367 0.18297310623521804 -0.924255244049426 -0.3350717628236842 60 49 44
8.277498245239258 8.008337020874023 29.82871437072754 0.34388078955140516 -0.701822165869806 -0.6238522662227948 162 147 124
10.733404159545898 9.65977954864502 28.229726791381836 0.14937298782998143 -0.8624760651523627 -0.48355221801377535 72 59 43
-4.545542240142822 3.5319366455078125 36.871177673339844 0.050752804005367594 -0.8374736541561045 -0.5441158254269164 59 43 28
-0.4568008482456207 7.1433868408203125 30.504920959472656 -0.14578315461029107 -0.8529685922789452 -0.5011904352813875 65 59 35
11.748653411865234 7.207566261291504 32.86200714111328 0.2176871902210059 -0.8248682479043845 -0.5217323651191613 105 101 54
9.049739837646484 -1.7405110597610474 53.70749282836914 0.1820802741177026 -0.9354930688353504 -0.30281923970950086 142 126 100
13.958792686462402 8.093744277954102 32.49631881713867 0.24889606479942739 -0.8815228868118461 -0.40120836102238555 65 62 43
13.895140647888184 5.368623733520508 37.83823013305664 0.11492348338045248 0.7834203443938302 0.6107742274830816 85 75 50
16.499727249145508 9.332660675048828 31.58636474609375 0.211976134745307 -0.8418570896223104 -0.4963292848010203 64 54 52
13.397265434265137 9.79173469543457 29.041475296020508 -0.1932282173324002 0.9429877027101699 0.27099270942949594 78 73 55
20.88115692138672 7.752100944519043 36.0714111328125 0.20823303378977856 -0.8535875533994766 -0.47752203333479903 64 50 39
20.86563491821289 11.995287895202637 29.259553909301758 0.27075320503362255 -0.7780731547834833 -0.5668287817051094 62 51 47
-9.039703369140625 5.732214450836182 32.387481689453125 -0.42250737359615254 0.8470087833250264 0.32258896482542565 100 100 46
-8.366293907165527 7.7596049308776855 29.409793853759766 0.05806541815306216 -0.8390517920159661 -0.5409440798543836 139 126 90
14.951255798339844 7.68413782119751 34.59178924560547 0.30835371272747336 0.8377764600255744 0.45060913314556844 95 98 45
-24.601253509521484 -12.863763809204102 83.9068374633789 0.0028882320373494084 0.9048877294145349 0.4256405235297806 121 110 80
-7.2618608474731445 2.5799739360809326 37.99320983886719 0.1657692544049714 -0.8645118914599103 -0.4744889290788862 102 91 63
7.163991928100586 9.553885459899902 28.025083541870117 0.14507038862198537 -0.7365088827808446 -0.6606884651104311 124 128 78
7.659112930297852 4.645429611206055 35.95851135253906 0.07685101569115384 -0.7950445486226865 -0.6016627685777033 136 121 91
-15.016383171081543 3.5060014724731445 35.565521240234375 0.04901976306793175 -0.8631353668125559 -0.5025877051680817 118 112 80
6.31789493560791 3.904060125350952 37.509822845458984 0.1672912186633994 -0.8566740583535483 -0.4879786941067978 102 91 63
34.74013900756836 7.787642955780029 46.27947998046875 0.25242784512458283 -0.8816338119690904 -0.39875055435523893 64 57 49
-3.406481981277466 3.8681650161743164 36.34923553466797 -0.002664592868520289 -0.8514510504037917 -0.5244273149933409 128 112 96
25.124835968017578 12.684920310974121 31.888158798217773 0.37173767786889983 -0.7738937087058219 -0.5127373854890891 65 55 47
18.617128372192383 4.393743515014648 42.41047286987305 0.2053280617759668 -0.8903950192921327 -0.40624758050613374 67 59 47
13.278437614440918 3.8454864025115967 40.51394271850586 0.2451878271645996 -0.8967284138494039 -0.3684577061284437 92 81 59
-12.044200897216797 -11.631316184997559 81.81806182861328 -0.06215355481895879 0.9107313167303653 0.4082957314863111 156 145 115
22.65492057800293 -8.60975456237793 83.76097869873047 -0.21987292644098413 0.8884511256462202 0.40287776503083583 157 141 118
14.369464874267578 4.515415191650391 39.902610778808594 0.22545953898886856 -0.9002238356443929 -0.3725118011776596 104 88 72
-7.932944297790527 5.775577545166016 32.578880310058594 -0.27385982782940405 0.7918014185031592 0.5459407553550427 102 86 60
-7.115414619445801 5.395636558532715 33.35161209106445 0.09548120867708079 -0.9050416879764905 -0.4144669851920992 111 99 63
-7.222096920013428 -6.180442810058594 60.286094665527344 0.1287739309469186 -0.986824999125463 -0.097947413490651 127 116 86
7.726474285125732 7.094222068786621 31.426530838012695 -0.03111719425435751 0.9732048225064339 0.22782469943348332 163 144 137
17.238433837890625 -7.386764049530029 78.59358978271484 -0.2400117731255475 0.8964574264548697 0.3725029279281462 140 126 97
-23.499530792236328 -3.717182159423828 49.875545501708984 -0.021050507373461407 -0.8386061925554034 -0.5443312685736961 78 73 44
-11.552956581115723 -2.8964648246765137 49.49246597290039 -0.2010495566495186 0.8952796525101975 0.3975593283677949 112 100 77
-10.627315521240234 4.153988838195801 35.141014099121094 -0.1090477404918032 -0.8906257929444227 -0.4414683309544979 158 155 114
14.599234580993652 10.718113899230957 28.513235092163086 0.26741498817481685 -0.8354533981392542 -0.4801112825554455 66 52 49
-1.2307099103927612 7.088135719299316 31.028118133544922 0.0869380134762829 -0.8453910734890188 -0.5270253453847192 150 137 101
-8.940690994262695 8.430508613586426 28.723012924194336 -0.07372866094120677 -0.794666999904369 -0.6025516109171117 152 146 110
23.20471954345703 7.688854217529297 37.36868667602539 0.3524782869954903 -0.7811362444258931 -0.5153496141852988 65 59 61
2.3868703842163086 0.13065053522586823 23.9400634765625 0.056011460777835295 0.004425055066787349 -0.9984203198799536 46 39 32
-11.364580154418945 7.250411510467529 29.74966812133789 -0.00473057579982097 -0.8992051617536908 -0.4375016556861477 93 82 50
14.731494903564453 7.399373531341553 34.16575241088867 0.2388956532795475 -0.9305891255995666 -0.2773675290295739 56 54 6
-10.051894187927246 6.701966285705566 30.643274307250977 0.18455957014035113 -0.8081031790846952 -0.5593809230057979 164 153 115
-2.9345428943634033 7.551056385040283 30.030813217163086 -0.030187797998167194 -0.8528504455507779 -0.5212818953079622 138 126 87
-5.372961044311523 8.24316692352295 28.43381118774414 -0.06095375886945737 0.9313135824312075 0.3590816765846381 109 97 59
-11.498160362243652 8.150019645690918 27.860149383544922 -0.22948243627324474 0.8075634011195885 0.5433039339212071 131 120 88
-10.509811401367188 3.1029701232910156 36.819969177246094 -7.511115618843092e-05 -0.8415129328976626 -0.5402369647888677 136 124 87
15.392498016357422 7.955661296844482 33.50682830810547 0.4452781653738777 -0.7953795540258 -0.4112161481252811 47 37 38
-3.9260220527648926 -5.26948881149292 57.41843795776367 0.06028498015465898 -0.9929888814313417 -0.10167990224958155 0 0 0
15.406217575073242 7.02786111831665 35.01759719848633 0.17749242860185074 -0.8953236580963856 -0.40852415478392823 67 60 41
-4.267772197723389 8.578418731689453 28.149864196777344 0.21544178095067393 -0.7412884204278689 -0.6356699747198671 123 118 78
-7.924205303192139 5.617441654205322 32.93341827392578 0.16444421628459535 -0.8213214004975222 -0.5462501778629769 72 58 32
6.450053691864014 2.6976804733276367 39.0329704284668 0.06484766741398414 -0.845896585697752 -0.529389975666192 98 81 55
-13.111248016357422 3.6862740516662598 35.33865737915039 0.048891628218055296 -0.832457139972599 -0.5519281826459206 110 100 64
3.8155674934387207 5.48160982131958 26.17267608642578 0.864174453474657 -0.2557978061155351 -0.4333243546677901 187 170 162
3.9568264484405518 6.0389556884765625 26.11094093322754 0.5932714795225892 0.1295786825475898 -0.7945050765189035 139 125 124
-21.49167823791504 -3.2135181427001953 50.07624816894531 -0.07036434270276243 0.8345900065714597 0.5463592043766252 122 115 100
2.7225239276885986 -5.047771453857422 59.35950469970703 -0.399356019526536 0.8322735835610136 0.3844937603842616 148 133 103
12.885797500610352 7.126754283905029 34.017112731933594 -0.022924700828853763 0.8945387316547816 0.44640219047554186 84 78 44
3.1967148780822754 3.9684534072875977 25.124380111694336 0.28685901020390003 0.3470363892560004 -0.8929040557624299 200 170 165
-11.60831356048584 -4.411975860595703 52.83624267578125 0.10268117102266218 -0.9004051638309645 -0.422761301521259 141 135 99
1.567186713218689 2.4022507667541504 39.47422409057617 0.1938600780805548 -0.8297108427349781 -0.5234483618988724 112 95 65
-6.699448108673096 -1.1272376775741577 45.210079193115234 0.033617409385584426 -0.9454967380957099 -0.3238916300810726 124 113 84
-15.048211097717285 3.387112617492676 36.09539031982422 0.06607326241165229 -0.8888001183982771 -0.4535070821161339 124 117 88
7.185698509216309 6.331353187561035 32.712039947509766 0.040123587619407076 -0.8804551610069865 -0.47242862653813583 145 137 90
21.040143966674805 -9.376107215881348 84.86190032958984 -0.16875002978207165 0.9156729199225194 0.364782854817927 101 89 63
12.322023391723633 5.448257923126221 36.95219039916992 0.2700413316062996 -0.8394610971851288 -0.47157475074163635 105 102 59
4.659181118011475 7.720726013183594 27.98111915588379 0.873327420388058 0.12033797404732624 -0.4720360037121378 105 92 75
-5.8119025230407715 8.132220268249512 27.8488712310791 0.049699541819791714 -0.9119825096573139 -0.4072073889580717 115 100 71
-11.093849182128906 -0.8168426752090454 44.416221618652344 -0.2845535489428219 -0.7100581816881741 -0.6440859076254724 167 158 117
3.1850569248199463 3.603593111038208 37.933841705322266 0.08125509680408627 -0.8498984001345752 -0.5206441382480438 124 110 75
20.864742279052734 6.6122918128967285 39.080711364746094 0.0767356092758859 0.8786628087788825 0.47123594380932277 62 55 37
-17.37489891052246 2.8899595737457275 37.00007247924805 0.03168788512910219 -0.878937760628809 -0.47588264401726127 152 142 111
-5.725001811981201 1.9751895666122437 39.455413818359375 -0.3130357593975725 0.8087855859987781 0.4978699521150065 116 101 94
0.3440714478492737 5.042731285095215 34.7878532409668 0.06690061254354714 -0.8607890884978633 -0.5045457889669838 142 131 102
7.5740156173706055 -0.5975248217582703 48.44114685058594 0.138474007479725 -0.9226693637164554 -0.35986969101547905 113 104 61
10.521093368530273 1.029118537902832 45.68516540527344 0.24859142275490054 -0.9279882645704748 -0.27756095790325613 131 116 87
39.60520935058594 7.1183929443359375 49.083248138427734 -0.14605303050889845 0.9211213725511913 0.3608378157962055 57 46 41
4.475102424621582 8.965417861938477 27.63959503173828 0.7396056045387799 0.21901127823051308 -0.6364099384380028 166 155 126
2.334968328475952 0.5300787687301636 24.21474838256836 -0.05938954276454056 0.5354461151516674 -0.8424786881454074 66 60 60
15.45248031616211 7.717890739440918 33.6789665222168 0.4304455787504038 -0.8417225598295485 -0.32591369410968585 66 58 47
13.74277114868164 0.9055878520011902 50.1722526550293 0.14656352557078048 -0.9316007805251971 -0.33262459123929267 165 159 107
18.896242141723633 8.291852951049805 36.134010314941406 -0.1095630269983415 0.9287010825124657 0.35427424751897385 61 49 41
34.833152770996094 3.0678908824920654 57.101627349853516 0.02752500872880997 0.9246498060102888 0.37982247187286583 54 46 43
12.52342700958252 6.797604560852051 34.65656661987305 0.0937722168581066 -0.8797318345137125 -0.4661316023277698 142 130 108
6.932079792022705 5.455302715301514 34.43742370605469 0.0639737202520475 -0.8893846947145556 -0.45266127283500807 151 142 99
-6.740489482879639 2.147547721862793 39.57870101928711 0.07647030413773268 -0.8579778113542466 -0.5079629590913685 101 93 79
-0.2537509799003601 -3.735039234161377 56.47040557861328 -0.5858274299375943 0.6015187986868109 0.5431218621627086 146 139 87
18.372045516967773 -4.74946403503418 74.0174331665039 0.33973952809106384 -0.8797111690935553 -0.3326940216242423 87 82 52
-11.367992401123047 -5.323150634765625 54.87732696533203 0.149626755638423 -0.9412909277290428 -0.3026272019698781 151 146 106
3.092076539993286 1.8295433521270752 24.819507598876953 0.45949744791590375 0.13933330686058115 -0.8771820363858727 236 229 214
3.0338809490203857 -10.519158363342285 79.50694274902344 -0.1526610492587066 0.8903582564847924 0.42890182926701503 98 86 60
6.736442565917969 2.82719087600708 39.26664733886719 0.1982243695361704 -0.8767722539440153 -0.43815238677418944 118 104 77
-6.496827125549316 -9.943239212036133 78.86666870117188 -0.07913738646573941 0.9022671156468269 0.42385295337620027 135 124 92
4.418907642364502 6.962039947509766 27.15211296081543 0.6491343457117152 0.1402275120347787 -0.7476368410438048 175 150 145
42.126304626464844 9.540963172912598 47.29936981201172 -0.09298851370347325 0.9193638689962969 0.38226066067982767 55 48 40
2.833571195602417 2.3455514907836914 39.273414611816406 -0.27312418288059137 -0.8110636183152583 -0.517280376363892 130 108 87
20.843690872192383 7.175085067749023 37.93197250366211 0.2729428626899117 -0.9486898709072636 -0.15965501102250385 87 78 71
-10.743486404418945 6.969715118408203 30.02997589111328 0.19269760029785496 -0.7700418110339754 -0.6081967149689018 151 145 109
-8.164422035217285 0.5237887501716614 41.48472595214844 0.09133688528928666 -0.8157499729230298 -0.5711475773053127 107 93 66
-10.768768310546875 -5.721121311187744 56.911224365234375 0.06968509078422228 -0.9696265797075344 -0.23445315960136417 107 101 65
-11.381115913391113 3.702468156814575 35.75857925415039 0.11705931556824024 -0.8746311166421291 -0.4704439673755393 125 115 79
2.0651121139526367 0.12107900530099869 44.220802307128906 -0.09348842229159664 -0.8569569049029473 -0.5068380195255573 114 98 75
-7.381335258483887 6.2758989334106445 32.02935028076172 -0.005673708442444818 -0.8962374174486243 -0.4435383868365066 105 97 50
2.628624200820923 1.7500633001327515 24.687564849853516 -0.1897035691189804 0.05395280770004994 -0.9803579195400022 189 181 170
-2.8939201831817627 5.286337852478027 33.82670974731445 0.052355148717919485 -0.8186870143711835 -0.5718483285826079 111 96 79
4.225597381591797 2.3912479877471924 39.49394989013672 0.43979642811481623 -0.886167940055891 -0.14589545515384572 122 110 75
10.819436073303223 -9.686800003051758 80.37841033935547 0.17128134750748594 -0.9386044824679247 -0.2994734136566043 141 132 99
-5.057743549346924 -14.021617889404297 87.59390258789062 -0.07202532311890777 0.903938045866848 0.42155469640847437 134 128 92
-5.734152317047119 6.616697788238525 31.04810333251953 -0.052589754145803504 0.9332848293080723 0.35526573876787887 96 90 101
7.128876209259033 7.540258407592773 30.440845489501953 0.3293495935185007 0.8891543921561209 0.3177000348735855 53 35 33
-14.834555625915527 5.373307704925537 32.577667236328125 -0.009233843866646958 -0.8754825344059735 -0.48316153414519647 115 109 75
-3.782186508178711 5.344198226928711 33.59446334838867 0.14556838098377767 -0.8420778172192728 -0.5193407322798651 121 106 85
-18.719697952270508 -5.814599990844727 55.86298751831055 0.10242742137012821 -0.9514384639292579 -0.2902989368003272 118 114 79
-8.795182228088379 6.042775630950928 31.956127166748047 -0.22189123037645583 -0.8414184260880244 -0.49272640899547226 105 102 59
-7.293675899505615 7.249250888824463 30.095731735229492 0.10933587686603077 -0.8615624679427676 -0.49573761191007454 129 121 75
-3.356062412261963 7.9845685958862305 29.218769073486328 0.0404751971054859 -0.8358160402987062 -0.5475155753023504 101 87 50
-11.768647193908691 -1.7742353677749634 46.65423583984375 0.03570326898539406 -0.9389856866814664 -0.3420981683538977 118 105 86
3.199397563934326 1.46116042137146 41.228816986083984 -0.10214875623934917 -0.9468423386807573 -0.3050495325030144 84 68 43
-12.059184074401855 8.0055570602417 28.256155014038086 0.030276330665937008 -0.829938692354275 -0.5570324144380495 136 130 96
-11.785388946533203 2.7582035064697266 37.40483093261719 0.04945683154816521 -0.8702885083429718 -0.4900529910727832 157 146 114
-13.354252815246582 5.827829360961914 31.715173721313477 0.09944925540912075 -0.863164912700793 -0.49503149301918536 130 119 87
-9.150425910949707 4.692584037780762 34.61616134643555 -0.08037138862417283 0.9437980168522472 0.320602157317114 127 112 73
38.572601318359375 9.511202812194824 45.293922424316406 0.265568140013815 -0.8953580116221342 -0.3575018797624157 47 46 28
-16.283023834228516 0.9057316184043884 40.71718978881836 -0.009300737313282374 -0.8044984617294741 -0.5938819085982829 124 115 84
2.503959894180298 -3.2570252418518066 58.37717819213867 -0.3235333702562395 0.2840404413356076 0.9025780775182347 201 187 178
21.33587646484375 7.188267707824707 37.28653335571289 0.21228914518871564 -0.93468997536562 -0.2851104501523239 99 90 85
-11.813820838928223 6.30690860748291 31.418846130371094 0.0918580680097992 -0.8770032728890046 -0.4716220464349409 89 78 46
-6.745056629180908 2.9464492797851562 37.4847412109375 0.19226686256196324 -0.8251051975943063 -0.5312578154375142 107 94 79
4.0806355476379395 5.169358730316162 27.09147071838379 0.6814526048266397 -0.6491746513045846 -0.33792694399612183 127 116 70
-9.4323091506958 7.432277202606201 29.404823303222656 0.1363880191711943 -0.8211481389698323 -0.5541787095269348 105 95 60
26.137985229492188 10.611654281616211 34.818214416503906 0.43289572013729727 -0.7004335515224028 -0.5674452708310508 57 43 42
3.0059170722961426 0.8641670942306519 25.09352684020996 -0.9414072575137457 0.09971357453711657 -0.3221949387459073 243 237 229
-8.821094512939453 8.375126838684082 28.427288055419922 -0.17943681225995908 -0.8247818481037859 -0.536225077224562 161 152 109
-11.93437385559082 8.814020156860352 27.3880672454834 0.09405738509679223 -0.7148529426775718 -0.6929202541807897 106 91 67
16.847637176513672 2.007411479949951 47.90842056274414 0.3142758244951888 -0.8719286163574066 -0.37546130841263486 136 135 89
-32.97265625 -12.50688648223877 83.27574157714844 -0.10748400651918359 0.8978046877024578 0.4270760249441257 123 117 85
-14.965425491333008 1.9166288375854492 37.775184631347656 0.00037276865556170685 -0.8765364377222594 -0.4813353658196135 122 115 86
15.255244255065918 9.984734535217285 29.892314910888672 0.20645992561326681 -0.8427756236018047 -0.49709510898655335 94 87 71
6.222199440002441 6.863918781280518 30.82329559326172 -0.139152880325407 0.9888155039191927 0.053669126191656556 158 153 109
29.81682777404785 13.960257530212402 32.93478012084961 -0.09587793129117002 0.8788047204822045 0.46745019579578645 42 33 34
3.959568500518799 6.031815052032471 26.086467742919922 0.620503377555902 0.07544854105357918 -0.7805658691581407 167 148 141
2.1328349113464355 1.4714516401290894 41.53688430786133 0.0323619323418248 -0.9571204835538026 -0.28787685786953804 133 112 93
12.911380767822266 1.8531006574630737 44.025733947753906 0.2392444199921542 -0.8887630167052883 -0.3909762238800879 128 110 85
-0.019130153581500053 8.477954864501953 28.60968017578125 -0.30600334224604187 0.8603424235193232 0.40764306547168144 118 108 73
-10.825311660766602 8.982230186462402 26.241884231567383 -0.17049923853999588 0.9264723698456414 0.3355278789756252 93 80 48
12.624648094177246 8.72892951965332 30.718618392944336 0.5391174717756112 -0.7818075899703466 -0.3132558760678432 62 54 41
7.165065765380859 8.757320404052734 28.41301727294922 0.1787730703274094 -0.7993758826666131 -0.5736186778136535 113 117 67
25.774734497070312 12.082963943481445 33.22225570678711 0.43316046675256703 -0.6944957579323902 -0.5744977391222815 62 50 50
10.984968185424805 9.847928047180176 28.094804763793945 0.3271373936230791 -0.7660524585898104 -0.5533034939181253 116 111 82
9.763236999511719 9.81124496459961 27.725778579711914 0.10277468822963957 -0.909043543923748 -0.40382817968766455 61 51 26
-2.8118278980255127 4.973930835723877 34.49467849731445 -0.007541339062318438 -0.8479796143405907 -0.5299751898607429 96 82 55
5.7232666015625 0.6875529289245605 43.44674301147461 -0.09578681051633371 -0.9387202812607504 -0.3311028850385423 168 153 130
-6.477766990661621 -8.780070304870605 74.79706573486328 0.1619703345882347 -0.9619860138553616 -0.2198829685538365 131 122 81
-3.375865936279297 3.041902542114258 37.77616882324219 0.08754508014764426 -0.8382107689934442 -0.5382736903150307 86 70 55
-8.889673233032227 7.888504505157471 28.95242691040039 0.1256551944411939 -0.7624526970218388 -0.6347256548415781 134 122 100
2.1809728145599365 5.844614505767822 26.112762451171875 -0.7868740869735142 -0.20089421465128277 -0.5834986596122076 178 162 165
-1.1225696802139282 6.498395919799805 31.983684539794922 -0.2580309930552718 0.9468719422879674 0.19197273642557292 71 64 56
-5.333378314971924 7.051337242126465 30.429092407226562 -0.2556139648078968 0.9156214890289839 0.31032046310795125 135 131 83
-0.11016173660755157 7.784595489501953 29.54666519165039 -0.09719799216431536 0.9362469060822968 0.33763039136095613 146 144 102
-1.5579161643981934 -3.33975887298584 54.82371520996094 -0.1481982716666177 0.8310232843509235 0.5361320482321789 94 86 53
2.1310207843780518 2.201724052429199 25.318254470825195 -0.8430587905927788 -0.4786758453563142 -0.24519647362198915 105 92 81
-10.070480346679688 5.756134986877441 32.294010162353516 -0.037896295209038214 -0.9001017474399 -0.43402847264329075 131 127 82
11.483499526977539 -7.306532859802246 76.26185607910156 -0.17874331131994772 0.9013447881997484 0.39449765708243634 114 99 78
13.139524459838867 9.175124168395996 30.10554313659668 0.223974691071261 -0.7758436104535129 -0.5898322048498121 100 92 69
-9.949542999267578 1.202354073524475 40.473472595214844 0.05349640819879675 -0.9152148095228583 -0.3993995327236452 181 167 138
7.708672523498535 3.128801107406616 38.81474685668945 0.2016600747658331 -0.816749439246802 -0.5406048166040265 131 124 70
14.651131629943848 5.763391017913818 37.062198638916016 0.24282403542292813 -0.8983614741986774 -0.3660370875970139 53 40 24
-4.597556114196777 2.771857261657715 38.12944793701172 0.05100201721332271 -0.8787294690352944 -0.4745875203680794 95 84 57
-24.4846134185791 -2.8907885551452637 49.274169921875 -0.012834660782609588 -0.9085517701168182 -0.4175750860626045 0 0 0
-27.461868286132812 -16.017770767211914 89.7809829711914 -0.02019845482792325 0.9197659446829857 0.39194722785597075 142 133 102
0.8641895651817322 1.32020103931427 41.40804672241211 -0.06767147270489753 -0.8993988391826383 -0.43185912038403584 159 144 115
23.06161880493164 11.001969337463379 32.417171478271484 0.3446826021449586 -0.7014790957662308 -0.6237956251702722 49 37 37
23.428152084350586 5.800955295562744 41.21561813354492 0.18859938031570067 -0.913388511659878 -0.36076543697018304 69 52 43
6.870849132537842 5.622101783752441 33.93330764770508 0.06544590085581688 0.9330042059655833 0.3538643606125121 138 134 84
-12.225225448608398 2.3097221851348877 38.362003326416016 -0.07355187701343022 -0.866464577264764 -0.49379070235596256 155 145 109
-2.4529924392700195 6.801286220550537 31.055025100708008 -0.014435412840533932 -0.8117298509175329 -0.5838546634099308 157 146 92
-0.16465091705322266 6.079917907714844 32.85342025756836 0.16713848839356038 -0.8000295262315463 -0.5762095824049123 149 136 94
8.79886531829834 7.089916706085205 31.93650245666504 0.12176672962183495 -0.9130594808579632 -0.38922390467774437 163 143 137
-6.73103666305542 6.483592510223389 31.82919692993164 0.10712730599694802 -0.8724823540981266 -0.47675809599547136 117 104 62
-22.685239791870117 -4.9546895027160645 52.83354187011719 0.06764552239672869 -0.956056301742535 -0.2852725559847295 132 126 94
-7.6303606033325195 7.873116493225098 29.293025970458984 -0.059563146623870473 -0.8679599508940952 -0.49304944499328146 107 93 56
12.680275917053223 7.711203098297119 32.64198303222656 0.23442868594545846 -0.9197758613271309 -0.31473092654809176 95 90 60
-5.481153964996338 -2.8907387256622314 49.95232009887695 0.15557774445344374 -0.9535775291762645 -0.2578477482563485 124 109 86
2.502507448196411 4.34016752243042 25.403562545776367 -0.4103617167990969 0.6770620144336137 -0.6108930266395217 191 172 166
-11.207085609436035 7.14907169342041 29.79030990600586 0.006541224662736159 -0.8245597983041787 -0.5657369984369803 107 97 62
9.286027908325195 4.10803747177124 37.703121185302734 0.24503392439574964 -0.9146483748775978 -0.32152251278718763 119 104 73
20.072364807128906 6.11632776260376 39.54303741455078 0.21966645937702048 -0.9152741598404285 -0.33766826761358854 58 49 40
11.132314682006836 4.363684177398682 38.342777252197266 0.3004072755556886 -0.8867497151181172 -0.3513266450628906 111 104 71
2.5069901943206787 1.0843055248260498 24.352718353271484 0.7297434993698579 0.4807108041530882 -0.4862011393424791 231 222 222
-7.664124488830566 4.190839767456055 35.090370178222656 0.07231228897040352 -0.8503367819698793 -0.521246860991 147 134 105
6.812458038330078 6.420003890991211 32.54273223876953 0.026349445325150954 -0.8710744790910956 -0.49044363448538386 143 141 84
7.013049125671387 6.139974594116211 33.10139083862305 0.03077310336335217 -0.8623913118495645 -0.5053060867986613 137 129 82
-16.02749252319336 1.604803442955017 40.15376281738281 -0.11256176546449928 -0.8732527723527167 -0.47408801348885604 127 122 92
35.798187255859375 2.2092092037200928 61.3511962890625 0.00956338478334313 0.9726521975389927 0.23206948160853474 72 70 55
15.190296173095703 -7.0008955001831055 75.39704132080078 -0.1586685116216673 0.9209228750619038 0.35598505812390907 106 91 72
30.656980514526367 2.849241018295288 58.35641860961914 -0.11331862914820275 0.9369112640585735 0.330690446744592 66 51 42
-3.8431310653686523 -5.40273380279541 58.831390380859375 0.0017412834772266423 -0.9777260598911856 -0.20987786863199798 132 124 87
16.913726806640625 6.9234137535095215 36.20760726928711 0.15055825678082294 -0.9236824110397694 -0.35233934615775975 115 105 93
-7.668674468994141 5.506019592285156 33.137290954589844 0.22676550788046165 -0.7951196337083023 -0.5624608186596569 91 76 51
14.501505851745605 7.626880168914795 33.437744140625 0.1106579672256103 -0.8924593867592334 -0.43734546673634234 78 80 33
22.58855628967285 -7.989494323730469 81.82557678222656 0.23285134357099108 -0.9136308807519613 -0.333254955752468 99 81 67
2.0592827796936035 3.0630691051483154 25.813499450683594 -0.976761978809308 0.0288306576279234 -0.2123789771452586 101 83 81
-4.0657958984375 6.140737533569336 32.139225006103516 -0.12768082027415445 -0.800016946314945 -0.5862341628931476 123 108 75
-7.052419185638428 2.4543871879577637 38.09153366088867 0.09802730593471222 -0.8743000038322686 -0.475384213652576 106 96 71
-5.275163173675537 2.8074400424957275 38.2099609375 0.03859377276950272 -0.8940971402145041 -0.4462071543169846 213 199 189
15.328961372375488 -9.820775032043457 81.81208038330078 0.12296410798373178 -0.9388377650540128 -0.3216573939087243 111 100 68
-0.8253595232963562 0.24006769061088562 43.792869567871094 0.09577901009327909 -0.8477224026986926 -0.5217212945513224 102 85 65
-21.615880966186523 -10.356700897216797 78.74346923828125 -0.11589033154235995 0.9536458162958934 0.2777212417449222 106 97 66
-7.270023345947266 -0.4247199594974518 43.9234733581543 0.0665134674561837 -0.8926841171723695 -0.44574771518779877 112 101 73
31.920068740844727 9.031655311584473 40.550537109375 0.23911215923651982 -0.8541928035800381 -0.4617142293858007 69 55 54
-15.971512794494629 3.819640636444092 34.95016860961914 0.08550698721881668 -0.8463877364744673 -0.5256580206582876 113 107 71
3.144899368286133 4.422846794128418 25.31941795349121 0.27825386471439706 0.5335036087436661 -0.798716899926994 118 99 92
-20.987703323364258 -3.5062146186828613 49.15626525878906 -0.04289238883637808 -0.9448288056280979 -0.32474416243450926 107 102 70
8.912047386169434 -8.557066917419434 77.98432159423828 -0.16280854002756373 0.9026821855804602 0.39831928289975804 146 135 103
15.342572212219238 0.5020566582679749 52.06306457519531 0.2912746946653354 -0.9186838941847726 -0.26679384328188244 155 148 96
6.510726451873779 8.490769386291504 28.790470123291016 0.1760279547112661 -0.8805300997092838 -0.4400919252453145 155 136 127
-6.1419878005981445 -2.1244874000549316 48.18630599975586 -0.10408684732347753 -0.8913320089051777 -0.4412404991785316 81 69 53
-8.95324420928955 -0.08762969076633453 43.3914909362793 -0.09589162545974493 -0.7973467785130308 -0.5958547733815511 157 145 113
19.550254821777344 -4.189177989959717 72.77323913574219 -0.1426407035040642 0.9216858453609366 0.3607614615853002 100 88 66
-3.9280831813812256 3.5300238132476807 36.81522750854492 0.027172701604429184 -0.8718165286527573 -0.48907830114959383 91 76 55
-18.33661460876465 -4.525514602661133 51.821495056152344 -0.04667017667079731 -0.9533008591953698 -0.2983946488576608 138 132 100
2.279076099395752 5.825837135314941 26.807104110717773 -0.8045235178904824 -0.35001946774689585 -0.47982109307459825 0 0 0
20.28195571899414 5.4750518798828125 41.01933288574219 0.28660921589461336 -0.8481178904998337 -0.4455908450343055 92 79 60
29.87932014465332 13.119864463806152 34.09360885620117 0.14209002660310277 -0.7761071275489428 -0.614384367401758 43 35 32
25.80935287475586 13.788479804992676 30.620485305786133 0.362244658926547 -0.7434394128193399 -0.5622069428120084 50 36 34
12.861448287963867 7.008968830108643 34.17366409301758 0.025283228713711272 0.8771711516251086 0.4795117611722266 82 78 40
-3.417919397354126 6.070249557495117 32.590965270996094 0.011437814628594499 -0.8324142737444292 -0.5540357869876787 118 106 67
-2.8486742973327637 8.034150123596191 29.276905059814453 0.036998122601052626 -0.8558628655328385 -0.5158777901072268 116 98 74
-3.68048095703125 -0.9571093916893005 45.810237884521484 0.11911826247520531 -0.9488819624969849 -0.2922907128062035 169 154 131
4.668783664703369 0.6500332951545715 42.894893646240234 0.21124794045058287 -0.9132775512324935 -0.3482792300298244 116 95 74
-21.10675621032715 -1.677638053894043 45.37676239013672 -0.005020805244912312 -0.8722074704262374 -0.4891103352489667 68 62 36
-22.225025177001953 0.03294907882809639 41.919395446777344 0.00951168602937358 -0.8716729569456448 -0.4899956978979657 74 68 47
-6.250194072723389 -5.647610664367676 60.76496124267578 0.1976302077528431 -0.9448530550540172 -0.26114173419554904 150 145 103
-5.221835136413574 -1.9700440168380737 47.87495422363281 -0.26585946810927114 0.8006702572384173 0.5368853531159351 165 150 127
-3.2861597537994385 6.789711952209473 31.307838439941406 0.018287895833898195 -0.8763899270077115 -0.48125486876018886 134 119 78
30.253555297851562 10.779149055480957 36.66630172729492 0.20850711770054456 -0.800062235215764 -0.5625168456586581 56 49 41
35.678749084472656 13.398807525634766 35.75 0.235767414932575 -0.8496679366517793 -0.4716758669700189 58 49 44
-7.372348308563232 5.982973098754883 32.56393051147461 0.04517853640131783 -0.8340227316010332 -0.549877243592955 123 109 80
1.5307095050811768 8.05021858215332 28.22565460205078 -0.8792333177177066 0.025378041899725066 -0.4757149650835573 63 54 57
-16.332969665527344 -15.842212677001953 90.17424774169922 -0.03271852403269703 0.9244561451128345 0.3798820000319043 137 133 98
3.436830520629883 6.569668292999268 25.852325439453125 0.5526785280057782 0.29066805183771055 -0.7810624356107749 168 144 139
0.11833304166793823 -12.477221488952637 84.41989135742188 -0.06307770378822729 0.887934595772638 0.45562413996065554 155 144 114
11.82140064239502 9.747467041015625 28.56298828125 0.10077803756532545 -0.852572506621248 -0.5128000663982442 56 43 35
-13.32815933227539 -5.48173189163208 55.97123336791992 0.035850486770605976 -0.9604885297237767 -0.2760009544682209 169 163 127
-8.361751556396484 5.094645977020264 33.46080017089844 0.02590889613572104 -0.7809015870589898 -0.6241165279254981 123 110 76
-15.801963806152344 -5.51756477355957 55.63888168334961 0.09068179965650235 -0.9327327533553261 -0.3489791140301235 153 147 111
28.398000717163086 12.441899299621582 34.258460998535156 0.15836757464842738 -0.693941408719995 -0.7023994821778299 69 61 59
-15.154869079589844 4.921255111694336 33.43354034423828 -0.0525599541004322 -0.8493430547443287 -0.5252178848654458 120 114 81
2.9539756774902344 7.787905693054199 26.141979217529297 -0.5282162784791996 0.38944740624451624 -0.7545318289634991 144 129 133
18.701175689697266 -7.452713966369629 80.2848129272461 0.23687436332459882 -0.9175272928172774 -0.31942793073706727 127 113 87
-15.812579154968262 0.36418408155441284 41.52510070800781 -0.13450804250630483 0.8847184165038396 0.44629688549222557 117 108 77
11.321114540100098 9.486716270446777 28.686494827270508 0.2601087795633196 -0.776536024181645 -0.5738773614129105 79 67 42
11.406964302062988 2.9776625633239746 40.61310577392578 0.24384384635953774 -0.9368899478098328 -0.2505541943082883 110 90 75
7.270345211029053 9.413028717041016 27.430816650390625 0.12204310310993255 -0.8754115977703851 -0.4677178802145579 112 111 67
-2.1233537197113037 -3.0886762142181396 54.328678131103516 0.43250450870591045 -0.8876252980545676 -0.15830723357635518 209 202 176
-3.0641095638275146 6.457362651824951 31.878921508789062 0.04618090104503645 -0.8460368182435846 -0.5311205386302995 86 71 51
11.286705017089844 8.236896514892578 31.004470825195312 0.37806982916359233 -0.506530148339819 -0.7749131648765898 94 93 49
-16.96046257019043 0.35661935806274414 41.74759292602539 0.07763531931497505 -0.8294473766273044 -0.5531634537828259 130 124 92
-7.512423515319824 0.9991527199745178 40.93248748779297 0.09967451584957751 -0.8534121683637251 -0.5116176910339173 82 69 37
-8.986804962158203 4.833778381347656 33.82902908325195 -0.041412728499883394 -0.8804161632352094 -0.47239005644952775 150 136 100
-17.569942474365234 -3.318652868270874 48.794410705566406 0.017840198572851025 -0.8755627515223794 -0.4827748910842826 95 88 59
3.522056818008423 8.51742935180664 26.830120086669922 0.5860783402405599 0.2448487379397348 -0.7723737920399616 233 222 218
11.402375221252441 7.816471576690674 31.803068161010742 0.24529188297372237 -0.8551802803292734 -0.4566164476704167 108 106 68
21.583545684814453 3.2025365829467773 48.771236419677734 0.3177055111441468 -0.9278117575682638 -0.19552122827643528 119 118 74
7.873225212097168 -3.139281988143921 58.45146179199219 0.08974715152822371 0.9134614889607601 0.3969049722265537 105 91 62
-11.878185272216797 3.4700214862823486 36.271907806396484 0.05938056742054422 -0.868535874635328 -0.4920562799967703 156 145 113
18.96784782409668 3.9999115467071533 43.2883186340332 0.17601996728316133 -0.9059065730357514 -0.3851626306487373 80 75 54
9.595976829528809 7.434974193572998 31.739944458007812 -0.030783498701779946 -0.8616897432596653 -0.5065009008568192 115 115 61
50.52272033691406 7.93550443649292 52.79839324951172 -0.14576762858028666 0.9359382570069686 0.32057975221282586 73 60 51
15.408650398254395 1.9984360933303833 47.67863464355469 0.16907472918332322 -0.8711054680121009 -0.4610737463259038 140 140 76
1.6537984609603882 7.027303695678711 27.40825653076172 -0.815845898557398 0.1295768545054735 -0.5635648219890406 113 102 107
0.00566571531817317 6.539922714233398 32.515926361083984 -0.17921521931939272 -0.8905132721649153 -0.4181722339687768 60 53 35
-11.672965049743652 -0.32945743203163147 43.19868469238281 0.038087479410398264 -0.9319913456571922 -0.3604739595758042 151 140 110
18.97438621520996 -15.32738208770752 108.69131469726562 -0.15118114367996655 0.8984559903630308 0.412214865302553 129 128 84
29.61249351501465 6.028808116912842 47.57438278198242 0.24869803424649145 -0.9458825294987331 -0.2084598957857574 61 52 45
-11.091712951660156 4.485673904418945 34.42192840576172 -0.1518205260434064 0.8885035023044661 0.43302662073433923 171 161 125
-8.998291015625 6.03532075881958 31.94869041442871 -0.11162768463665763 -0.9427751716859315 -0.3141882169579578 111 107 62
-2.4902138710021973 8.756595611572266 27.65687370300293 -0.08732688855377746 0.9948689641329085 0.05108579783686494 81 66 34
-15.509115219116211 -4.565948963165283 51.3904914855957 0.08684090987872593 -0.9507760210454611 -0.29746195416623605 151 145 113
1.7507530450820923 5.424534797668457 27.111064910888672 -0.6908721184000401 -0.7149838636618292 -0.10720909812438718 165 153 132
-9.286225318908691 6.235987663269043 31.448850631713867 -0.14796969294299145 0.8865769523474516 0.43827648526547797 113 110 57
18.625511169433594 10.795536994934082 30.08620262145996 0.5171919001703627 -0.7157477381058033 -0.4692736022776008 66 54 54
2.4192826747894287 1.383603572845459 24.43783187866211 -0.7997905868585999 0.5201698145024269 -0.29959703144872346 105 99 99
-12.71613883972168 7.532917022705078 28.930944442749023 0.017498484532939722 -0.8774832231343451 -0.47928800961093443 148 137 105
10.495500564575195 -8.044231414794922 77.32534790039062 -0.26577448230936196 0.8825937295799129 0.3878043747295931 169 155 129
-12.577796936035156 -0.8374729156494141 44.27104187011719 0.0858786270536302 -0.901814294226126 -0.4235042386385496 119 109 84
20.31455421447754 3.173966407775879 44.981101989746094 0.29547468557366074 -0.9435835310068696 -0.14948187247206438 94 90 52
12.894672393798828 7.846935749053955 32.374664306640625 0.3281698017988641 -0.8693788670618504 -0.36943871845483023 79 72 48
2.160426378250122 8.003628730773926 27.170949935913086 -0.7876349998556743 0.2508593942566672 -0.5627616469834541 137 127 135
-11.32276725769043 6.132387638092041 31.537805557250977 -0.02059045589515457 -0.840491027717153 -0.5414340822787145 102 93 50
-0.633093535900116 4.821320056915283 36.05198287963867 0.03755267114580183 -0.8389395376718828 -0.5429274804434775 123 106 96
10.003173828125 8.099776268005371 30.743741989135742 0.15915454946073873 -0.9249455310869318 -0.3451747295331208 128 128 78
-9.694480895996094 7.223372459411621 29.803207397460938 0.025793427311449818 -0.8537185141678388 -0.5200955659055234 83 72 42
13.482181549072266 8.604299545288086 31.23482322692871 0.11734560950989864 -0.7875833470454591 -0.604931797300673 70 62 50
3.326287031173706 2.9327640533447266 24.626502990722656 0.45172719694870894 0.37206691304393913 -0.8108691335565911 185 159 157
-12.154337882995605 -0.5292631983757019 43.69216537475586 0.09367467534554956 -0.9125324921019758 -0.3981325232344916 125 113 75
25.507980346679688 10.481069564819336 34.73025131225586 0.46447275130491195 -0.7005402638552516 -0.5417641571872948 55 41 39
11.760311126708984 6.856407642364502 34.103416442871094 0.24421397532190742 -0.8970920335964847 -0.36821925196164584 134 118 103
2.882209062576294 2.319155216217041 24.71693992614746 -0.026165223654855668 -0.21920420272727262 -0.9753280979125906 177 159 149
21.609535217285156 7.5279436111450195 37.182064056396484 0.18122098070046921 -0.8890342581290838 -0.42044862233908015 37 33 23
21.825010299682617 8.845953941345215 34.68067169189453 0.3148875659615961 -0.7787990349137278 -0.5425107224933235 46 41 38
-9.464078903198242 4.388803958892822 34.19606399536133 0.0147541077888 -0.8990827837715221 -0.4375299580931656 151 137 100
-13.389486312866211 3.4274771213531494 36.19649887084961 0.005884599256668027 -0.9125811658613345 -0.40885325876988676 99 88 58
34.705101013183594 7.586882591247559 46.41325378417969 0.24122486432084642 -0.8775042399324932 -0.4144838642623941 44 37 29
-1.5257025957107544 4.930925369262695 34.68922424316406 -0.0520291976398576 -0.9088138658206117 -0.41394482710277686 120 99 78
-3.846566915512085 8.834211349487305 27.973134994506836 0.05811971591389829 -0.768011783858176 -0.637793068696321 108 100 54
11.062494277954102 5.373749256134033 36.44235610961914 0.1927014382997325 -0.7915710880357659 -0.5798977222434046 71 66 36
-0.023802775889635086 5.286026477813721 34.129425048828125 0.06102658432425308 -0.8558911457391674 -0.5135426979823684 143 133 98
11.27722454071045 7.0850725173950195 33.12948226928711 -0.05218986819778839 -0.8615762803944079 -0.5049381454388586 122 114 77
14.306624412536621 6.099325180053711 35.86940002441406 0.042668273570757996 0.8719337542220275 0.4877611574108505 120 108 82
-2.098614454269409 2.2571911811828613 39.26230239868164 -0.005666646573237635 -0.9392117818687755 -0.3432915931325638 157 138 124
-8.370190620422363 3.227236747741699 36.675994873046875 -0.01746738501714196 -0.891597626531873 -0.45249150580247766 152 145 115
-8.48351764678955 2.1694576740264893 38.57289123535156 -0.18522791705600136 0.875546024423702 0.4462171868708615 97 86 54
25.614591598510742 4.012786865234375 50.53541564941406 0.24584806041489055 -0.9407306329691291 -0.23363348943107062 92 86 50
-22.83035659790039 -10.737238883972168 78.5363540649414 0.018339907228764857 -0.9515102387223194 -0.3070698835923755 116 112 77
2.803905487060547 7.9937920570373535 26.215065002441406 -0.6156918743760638 0.3226921966871564 -0.7188833438218661 53 43 49
-2.9082469940185547 2.185208559036255 39.48695755004883 0.07667757791562775 -0.8939041678649415 -0.44165131916329586 117 100 74
21.287534713745117 -3.5482969284057617 71.95091247558594 0.3152749091329686 -0.9062385790060115 -0.2816618000232954 91 78 62
-12.097018241882324 -0.4022848308086395 43.4737548828125 0.1449540362937573 -0.897130416764939 -0.417307252126433 117 105 79
2.646791934967041 -0.6722111105918884 23.82383918762207 0.441408390891016 0.2895448555844118 -0.8493070169588887 243 234 225
2.58201003074646 -8.9178466796875 77.76850891113281 -0.08939276142823369 0.922007791245846 0.37671018978279686 112 101 69
4.754483699798584 2.8747398853302 39.21954345703125 0.3499395412820731 -0.8792650282864873 -0.3231645517064871 127 113 76
18.5748233795166 4.226027011871338 42.7685546875 0.166798868302935 -0.8879669183319239 -0.4285940847479891 177 173 164
-9.130711555480957 4.412613868713379 34.663658142089844 0.054067533229232474 -0.9406955763697964 -0.3349157124543453 136 123 88
4.634581089019775 6.702162742614746 28.08977699279785 0.8883593994096617 0.12312333538168331 -0.4423327048331321 138 127 95
-3.7569825649261475 -1.5530019998550415 47.202884674072266 -0.045064589263444636 -0.8730194333822405 -0.4855988588654927 132 121 89
-5.616881370544434 5.971775054931641 32.90432357788086 -0.5154926651874968 0.7843436006150587 0.3450687298381254 92 81 55
-6.7069926261901855 3.362557888031006 36.84342575073242 0.07888833863089087 -0.8489722443624024 -0.5225157972064801 90 77 57
9.239493370056152 6.813476085662842 32.74050521850586 0.18909982204099696 -0.8274357993482094 -0.5287638936813419 105 98 69
-7.151664733886719 7.356732368469238 29.867855072021484 -0.1577611058066604 0.880438882695325 0.44714517478428306 106 99 53
4.465898036956787 5.5359344482421875 33.81452178955078 0.016484313897461838 -0.8870092608114741 -0.46145729881540765 112 96 62
13.033843994140625 -3.015127420425415 59.64051055908203 0.3363316056015399 -0.8913570698704387 -0.30391384480716854 119 104 71
5.811426162719727 3.1063079833984375 38.7300910949707 0.041172273647472356 -0.8751385923425026 -0.4821175044275838 140 124 89
-4.115811347961426 7.677692413330078 29.55006980895996 0.15193530452005044 -0.8850405359668629 -0.4400214914477341 126 113 71
-9.061795234680176 2.6060800552368164 37.842227935791016 -0.08125269627429857 -0.8071964268918673 -0.5846639442971995 163 151 116
-7.905905246734619 2.0520339012145996 38.81161880493164 0.04329361070420276 -0.867197053271767 -0.49607956425250677 145 131 102
-8.486875534057617 8.790234565734863 27.466644287109375 -0.0901699608400952 -0.883129665370905 -0.4603817679969186 143 134 103
21.903945922851562 5.456312656402588 41.4912223815918 -0.11601912288254351 0.9256139043544201 0.3602477802725951 54 47 39
2.7575926780700684 -2.4873404502868652 56.29465866088867 -0.0872537652847424 -0.9955107119501462 0.036677006913709974 131 123 97
1.4997483491897583 6.948695182800293 27.577411651611328 -0.8259735138403952 0.13608380352044427 -0.5470365187568007 63 57 57
-10.657035827636719 7.233523845672607 29.813343048095703 0.15528269619362026 -0.7163193355835495 -0.6802748663091867 112 102 66
2.7945199012756348 2.758671998977661 38.99289321899414 -0.330631539403536 -0.6950918689450664 -0.6383808259010462 116 106 70
-1.555711030960083 5.665881156921387 33.3438606262207 -0.10608624905801209 -0.8694824414729947 -0.48243755215671347 22 16 2
20.36461067199707 -1.3832917213439941 64.32281494140625 -0.18913702668040375 0.9216577744331192 0.33878331122634403 147 137 100
-11.948372840881348 8.524687767028809 27.453121185302734 0.0917337578911202 -0.7248597387621976 -0.6827615079841364 134 125 92
-1.546121597290039 0.42660075426101685 43.55308532714844 0.1489161759338208 -0.8950274099613666 -0.4204163507323371 125 109 86
5.70324182510376 -2.360654354095459 57.079227447509766 -0.021825647028713556 -0.9553045806751824 -0.2948165518976029 82 69 37
-5.8700714111328125 5.606593608856201 32.812442779541016 0.34638015106666376 -0.6897362880092309 -0.6358338178724707 107 92 71
-4.170583248138428 8.095325469970703 28.975648880004883 0.22266483241313045 -0.8206412354184843 -0.526277811747044 135 121 81
-10.022412300109863 3.4874422550201416 36.01072311401367 -0.03855585728095296 -0.8360910574074414 -0.5472341268530657 141 125 89
41.89863204956055 8.552741050720215 48.113521575927734 0.2032440835259684 -0.8974653509482968 -0.3914687552780423 59 52 42
3.2414729595184326 4.787306308746338 35.123207092285156 0.14312780351032162 -0.7555977574021198 -0.6392076821121587 118 104 67
-7.6022515296936035 1.3835458755493164 40.22905349731445 0.13729510158648214 -0.8614877645383819 -0.4888648960919769 106 94 69
-20.778833389282227 -10.01555061340332 76.51053619384766 0.11366225001233754 -0.9580592261113285 -0.26306541427009117 119 108 78
13.276934623718262 3.1441032886505127 41.98854064941406 0.06637717149222194 -0.932477268647608 -0.35507775847015355 71 61 40
-12.399237632751465 7.248880863189697 29.607412338256836 0.017575148998138397 -0.8473845159943756 -0.5306887941069334 104 93 61
22.467103958129883 1.780405879020691 55.902992248535156 0.256114758814878 -0.9311998274321961 -0.2593686791180552 81 69 43
-17.524106979370117 -6.857545852661133 58.84254455566406 -0.029762939638989325 -0.9223908058016295 -0.38510955427860627 108 104 69
-2.1778290271759033 5.796334743499756 33.0968017578125 -0.11287959889167358 -0.9118776603044978 -0.3946356912288214 48 42 28
7.860202789306641 -0.23861819505691528 48.224700927734375 0.22834792671609147 -0.9368936902159755 -0.2647403210656704 102 88 61
-4.186869144439697 0.22467733919620514 42.87196350097656 0.0195728064875793 -0.9117565845519552 -0.41026434864895744 139 123 100
22.615285873413086 8.507107734680176 35.71930694580078 0.19227170220333786 -0.8502600526435655 -0.4899892196879358 76 67 68
-12.068121910095215 2.2652571201324463 38.19668960571289 -0.07262244615663811 -0.8441043384144866 -0.5312380315678351 132 119 85
1.1508841514587402 -0.062000494450330734 45.26382827758789 0.11081938160451842 -0.9350041204390844 -0.33687736555418274 109 94 64
-8.33472728729248 -4.208329677581787 52.78760528564453 0.0942104550680613 -0.8986668911129396 -0.42839492174076 169 159 124
-2.4575233459472656 8.819282531738281 28.10373306274414 0.06393983557044565 -0.8706650952504805 -0.48770276741033136 138 128 93
-4.67545747756958 7.884891986846924 28.913768768310547 0.023816468065345778 -0.8736761434894914 -0.4859246568617627 125 115 72
-5.813819885253906 4.277039051055908 35.42802429199219 0.09838575723349764 -0.83485412940716 -0.5416076304719168 105 92 73
8.161565780639648 8.572367668151855 29.18233299255371 0.2515882390835834 -0.7746434014050845 -0.5801990680916189 101 97 53
19.791955947875977 9.372809410095215 32.6549072265625 0.2450015554505824 -0.765174388537796 -0.5953842397583309 61 51 50
16.106664657592773 3.082298994064331 44.583560943603516 0.17061821724117032 -0.944291272718623 -0.28143101501591594 91 77 50
-6.616917133331299 -4.845878601074219 55.43372344970703 0.004233185583070627 -0.9281298622861406 -0.3722325064694498 139 133 101
-11.721333503723145 7.268679141998291 29.302204132080078 0.024939919419202546 -0.8825910856387894 -0.46947947342807994 127 121 87
-0.5242816805839539 4.797460556030273 34.91269302368164 0.10290712629775355 -0.8644763502725896 -0.4920271975983857 140 125 96
-0.23215000331401825 0.514376163482666 43.65361785888672 -0.016910667454693985 -0.8973337096269319 -0.4410286191319172 66 48 48
21.791759490966797 4.089125156402588 45.253047943115234 0.23033797109678614 -0.9522506235484192 -0.20040750740095348 65 57 34
-25.091800689697266 -13.709671020507812 84.2973861694336 7.067349322546849e-05 0.90972225422903 0.4152173107731774 121 114 85
34.53744888305664 2.5405611991882324 59.7210578918457 -0.008260902258843704 0.953066119132888 0.30264951685876834 73 60 44
-2.3135368824005127 6.217132568359375 32.52141571044922 -0.014623241896369992 -0.9272611994588917 -0.37412942783814523 145 133 94
-12.282808303833008 -1.8883224725723267 46.642459869384766 0.04201511101570347 -0.8820932175720135 -0.46919749142529565 123 116 98
-6.007717609405518 6.398498058319092 32.68144607543945 -0.00353482068008801 -0.6600111083624882 -0.7512475237103142 62 49 52
-20.176780700683594 -5.326657772064209 54.603614807128906 -0.07288695140420388 0.8953823433742947 0.43929255797083444 140 134 102
20.165340423583984 1.3160783052444458 54.47074890136719 0.22220217094596628 -0.9416039821711402 -0.2529982924573822 103 98 66
3.474701166152954 -8.482702255249023 76.71011352539062 -0.0753092227647293 0.9198809632588912 0.38489938217729974 135 122 91
35.93620300292969 9.797816276550293 42.95542907714844 -0.18359918476520692 0.8951608774396735 0.40617526125428394 48 40 37
34.019718170166016 10.264473915100098 41.79204177856445 0.29549611512396273 -0.8669500431218036 -0.4013473167690902 62 53 46
-7.283563137054443 5.6440253257751465 33.06619644165039 0.13350885426489897 -0.8874106984465799 -0.4412228893829365 82 73 40
-6.826347827911377 6.041140079498291 32.496883392333984 0.09067259026810272 -0.8494123600568071 -0.5198818365328782 106 92 66
23.138629913330078 10.033711433410645 33.290077209472656 0.32185226626837027 -0.7368496903070992 -0.5945280923490884 64 56 54
15.367939949035645 9.829050064086914 30.20781898498535 0.30550241568268416 -0.774027983930846 -0.5545709639928819 58 52 36
-7.171664237976074 6.729541301727295 33.998939514160156 -0.9993085796941862 -0.015061638512014584 0.03399278739558413 0 0 0
-15.319514274597168 2.2612481117248535 38.50506591796875 -0.17152057043319643 -0.8802044420115054 -0.4425164789942694 143 134 103
-13.930755615234375 6.879241943359375 30.142580032348633 -0.13158948825582065 0.8813795039360175 0.45371177703699755 165 154 124
7.152049541473389 1.2460733652114868 42.22480392456055 0.037655805260957825 -0.865261997574405 -0.4999037066112828 94 80 53
22.321992874145508 0.1887558102607727 58.25046920776367 -0.15718958602055993 0.9185395205477809 0.36273486631221213 129 115 89
-4.834203720092773 5.240213871002197 33.93296813964844 0.012800921351581254 -0.8597099685590414 -0.5106220778352251 141 125 110
7.397034168243408 3.9139010906219482 37.60820770263672 0.020263570305026405 -0.9309852452035305 -0.3644939792806124 137 121 95
2.737388849258423 2.325085163116455 24.728609085083008 -0.2257393894800764 -0.19070985422641065 -0.9553384110031917 187 170 162
-32.95901870727539 -8.01044750213623 64.50182342529297 -0.0011970104657593806 -0.9785418543477066 -0.20604467101989518 130 124 88
5.284051418304443 8.286506652832031 28.861501693725586 0.15998297362513264 0.9082826464642344 0.3865592868913977 121 107 94
-15.050631523132324 1.692834496498108 39.22469711303711 0.040967244980308314 -0.7933433000232964 -0.6073945119499099 133 127 93
-27.58309555053711 -15.601402282714844 89.70877838134766 -0.028155499303557364 0.905088094641063 0.4242909482866418 102 95 66
35.3732795715332 9.36529541015625 43.02184295654297 -0.17201233027643906 0.8829341791293281 0.4368512258859854 56 49 41
16.705432891845703 8.8028564453125 32.47919464111328 0.06709895325087246 -0.8713211919147406 -0.48610401252500823 126 111 106
-4.914556503295898 8.432330131530762 28.02960968017578 0.08237967374462925 -0.7301172961226851 -0.6783379122946231 116 112 66
-8.466227531433105 5.235820770263672 33.45966720581055 0.0021186049086804543 -0.7885634683429658 -0.6149497279519303 140 125 92
0.2910301983356476 -9.780353546142578 79.38082885742188 -0.011327835572283047 0.8858734297079092 0.4637886875278367 138 128 93
39.920963287353516 10.999756813049316 41.396244049072266 0.22163629603675594 -0.8653063292072661 -0.44958014737413976 57 49 46
-9.804977416992188 6.606194496154785 30.879444122314453 -0.17899557791699477 0.8896575418030171 0.420083374342729 119 110 79
-20.290714263916016 -0.04589563235640526 42.69305419921875 0.03477961631074979 -0.8765145285914495 -0.4801173392592546 85 79 57
-6.681216239929199 7.881444454193115 28.939619064331055 -0.15891449200822652 -0.8687593913586897 -0.4690450982110846 115 103 65
-8.29254150390625 7.761430263519287 29.533729553222656 0.10333035109112809 -0.8576297206080684 -0.5037798138801418 144 134 99
-8.398680686950684 7.032942771911621 30.498186111450195 0.14740619175681594 -0.6949403110581915 -0.7037964042946632 82 79 34
-9.397309303283691 2.8477463722229004 37.658233642578125 0.032106727592131866 -0.9094430899532702 -0.4145870525951974 123 108 77
-1.24686861038208 7.250855445861816 30.696170806884766 0.043426326336185754 -0.864854163799364 -0.5001414095431874 123 108 78
-5.940163612365723 -1.4767826795578003 46.866390228271484 0.058295290186907336 -0.9344669078636649 -0.3512452949859183 127 110 90
-8.642050743103027 7.456882476806641 29.824506759643555 0.04205357867147938 -0.8375880460073998 -0.544681339598143 172 161 129
10.58421516418457 6.3944292068481445 33.762393951416016 0.25416629778664246 -0.7943408560782445 -0.5517445943861288 97 85 63
-4.842464447021484 5.753927230834961 32.43062973022461 -0.11649375160497445 -0.8029650536896704 -0.5845308617944335 109 101 69
26.560203552246094 9.404441833496094 37.41672134399414 0.45030190607838566 -0.7384332851805704 -0.5019407103628908 34 26 24
3.838228225708008 2.460702657699585 25.532438278198242 0.9166524359559722 -0.21904563174774652 -0.3343162019229895 199 180 165
36.47454071044922 9.578266143798828 43.279327392578125 0.21101782485126325 -0.8791735331799173 -0.4272298867717261 60 53 45
-7.056015968322754 6.763575077056885 30.731647491455078 -0.2510761969710404 0.8464300695316188 0.46959224941139954 126 114 79
-7.820699691772461 3.947783946990967 35.435508728027344 0.021768758240728842 -0.9227094421042535 -0.3848810291717607 103 92 68
3.307976007461548 5.607888698577881 25.90033721923828 0.5309294060287719 -0.31012541338528193 -0.788629313293986 146 126 123
5.076313018798828 1.3924754858016968 41.4315071105957 0.22969954096177814 -0.8747440249691981 -0.4266860809337882 121 101 74
30.543598175048828 5.623262405395508 49.814666748046875 -0.19185383910544757 0.9115479440267057 0.36369279641090796 54 49 45
1.4545602798461914 -0.03190299868583679 44.84516525268555 0.044691159292378026 -0.9188919231288473 -0.3919698124724304 137 122 93
36.01580047607422 4.934706211090088 53.801124572753906 0.21437668702404716 -0.9260638021740382 -0.31056154038057865 58 47 45
38.20938491821289 9.146987915039062 44.45136642456055 0.23904194815699226 -0.8878179584321785 -0.39324066385183065 59 55 43
-12.401968955993652 7.030672073364258 29.90518569946289 0.0518266069649536 -0.8459011043317026 -0.530815716139703 103 92 60
-13.359477996826172 -4.0620551109313965 51.59162521362305 0.18387246643471378 -0.9183708468269074 -0.35040819594530814 137 131 99
5.7104172706604 8.177367210388184 29.57979965209961 0.3377617917273339 0.8786336213192021 0.33752026833457877 117 110 84
19.909635543823242 5.804209232330322 40.08857345581055 0.2043691101997572 -0.912665048216795 -0.35394318267144886 46 37 30
2.3499255180358887 -10.629448890686035 80.55420684814453 -0.3415732965698431 0.830983011925466 0.4390841798125855 89 76 60
2.4239754676818848 2.5259883403778076 24.729713439941406 -0.29303578161594973 -0.25963082071656146 -0.9201749114308511 181 167 158
-7.72565221786499 4.780926704406738 34.17601776123047 0.2749129022880001 -0.7565234189083544 -0.5933761141121225 86 72 57
-3.3281030654907227 -0.10087572783231735 43.63107681274414 0.09007950969645939 -0.9335414190621757 -0.34696700250632617 133 117 101
-2.3644537925720215 5.306267261505127 35.29591751098633 0.21479289926773773 -0.8275120120529479 -0.5187368122007933 141 125 99
-4.317214488983154 2.937751054763794 37.92725372314453 0.023961431073260053 -0.8827624621036049 -0.4692081471177833 79 65 39
-3.528210163116455 4.897270202636719 34.57893371582031 -0.024224747998767747 -0.8701802990151706 -0.4921375913200132 85 70 52
-10.856998443603516 7.774046421051025 28.688316345214844 0.09079427845348656 -0.848923577983009 -0.5206583887201248 121 110 80
5.701643466949463 -13.109814643859863 87.5131607055664 -0.13574012091241253 0.9149627432142444 0.38002341783704313 165 154 124
6.705539226531982 7.30620813369751 31.11000633239746 0.19123924456191743 -0.8836331267046962 -0.4273406705773147 157 134 126
10.476024627685547 -7.529608249664307 76.26904296875 0.3221875677494973 -0.9009814962051078 -0.290564131791362 110 96 70
-10.23843765258789 6.38368558883667 31.077497482299805 0.1254965343853783 -0.8262471169843278 -0.5491505454175082 124 112 76
5.9093170166015625 -1.3217042684555054 49.96992874145508 0.06793624022387053 -0.9279763175056652 -0.3663940793911243 146 130 99
13.070476531982422 5.690613269805908 36.65725326538086 0.22549581374413272 -0.8083673619899406 -0.5437773864857707 89 80 65
-18.18183708190918 -1.5012726783752441 45.41651916503906 0.045967858899060084 -0.8824862775797727 -0.4680864512369831 67 60 34
-16.492984771728516 0.5672878623008728 41.1383056640625 -0.06720150137018345 -0.8418195884767408 -0.5355592765235647 127 122 92
0.3306789994239807 1.9860341548919678 39.73750686645508 0.1359355100666153 -0.8715983441448101 -0.4709966704627056 146 130 105
20.764644622802734 -1.0223017930984497 62.731719970703125 0.15934710569146862 -0.9418369170430657 -0.29589140170435047 93 82 52
-8.621657371520996 0.9826300144195557 41.07687759399414 -0.005960864910454635 -0.8079721285649446 -0.5891905528364758 96 82 81
1.5981016159057617 7.2560224533081055 30.595548629760742 -0.17386786533428555 -0.8754945476325633 -0.45086501579713684 66 58 44
-7.996543884277344 0.6990789771080017 41.374549865722656 -0.07794129677333964 -0.8744430117489672 -0.47882624558464437 148 137 111
5.105982780456543 7.238640308380127 30.835420608520508 0.37988173192099395 -0.7562133970391528 -0.5327580763265917 150 144 110
-22.37407112121582 -11.538209915161133 80.85509490966797 -0.02667067025102668 0.9099573580756235 0.41384330589293367 115 106 77
-1.7035149335861206 -2.9589109420776367 55.02800750732422 -0.2028606442805248 0.8542348466945725 0.4786756581389849 148 135 103
2.9960334300994873 1.341315507888794 42.22648620605469 0.03664568982470782 -0.9293376207741165 -0.36740805656813746 156 144 105
14.203287124633789 8.74074935913086 31.163496017456055 0.18972245268185198 -0.8804553871172329 -0.43451547986766303 65 59 35
5.6909685134887695 8.234403610229492 29.068157196044922 0.08738648628381551 0.9640621233035414 0.2508940502013471 135 130 90
-7.151790618896484 4.472787380218506 34.74420928955078 0.11797097760624563 -0.8518205890267925 -0.5103768534648446 130 117 101
14.757055282592773 10.948765754699707 27.878612518310547 0.21296808570739761 -0.8699253463413217 -0.44483085129412836 90 82 59
5.948558330535889 2.029721736907959 41.18430709838867 0.04880294080020456 -0.9400528386040471 -0.3375187899980163 100 80 53
-8.572854995727539 8.45537281036377 28.30211067199707 -0.04500609682544521 -0.8453213294036303 -0.5323591844833875 126 113 78
-39.14506530761719 -16.772188186645508 91.12498474121094 -0.011721344627133198 0.9073031916062301 0.4203136074186516 126 123 86
17.24142837524414 3.645768165588379 43.35995864868164 0.21557134692486135 -0.8904701517753453 -0.4007391959644012 91 83 51
9.94714069366455 8.844087600708008 29.315946578979492 0.19394613974505456 -0.8221495200320112 -0.5352149676430249 95 90 48
10.175747871398926 8.612081527709961 30.004343032836914 0.26755139087036334 -0.8685171770226404 -0.417245930429474 95 92 47
-12.355334281921387 5.055693626403809 32.86507797241211 0.08055840181234716 -0.8820207131669847 -0.46427341668659444 134 128 92
-9.62063980102539 -1.2853548526763916 45.52412796020508 0.03681687051885932 -0.934056666528887 -0.3552219894068237 122 113 84
10.500357627868652 -15.474127769470215 105.06085968017578 -0.1752213931037616 0.9277305628273261 0.32956557191986796 103 86 68
21.92287254333496 4.441666126251221 43.67409896850586 0.15316901886666895 -0.8982950867776504 -0.41183150526708795 69 53 38
2.36442494392395 5.149116039276123 25.566452026367188 -0.7209723674523859 0.13968031975441514 -0.6787401959832692 80 62 62
6.425028324127197 8.908906936645508 28.008472442626953 0.12254419046950435 -0.8739322911013784 -0.4703459067032153 147 148 108
1.5709704160690308 7.073078155517578 31.278282165527344 -0.3868039387852676 -0.7591522450752456 -0.5235175085299603 102 92 67
-10.558634757995605 6.455446720123291 30.914182662963867 0.11945329143604252 -0.863427319821673 -0.49012669234664036 99 93 59
1.05655837059021 8.596872329711914 28.492082595825195 -0.011015290120632723 0.986442532322275 0.16373696531075738 161 144 134
-10.101425170898438 5.065980911254883 33.53474807739258 0.04065554592827168 -0.8471792331246897 -0.5297494441219707 125 115 80
-31.934953689575195 -10.791690826416016 78.95298767089844 0.05713190976770927 -0.9635189449621232 -0.2614711983859247 122 119 84
-7.851881504058838 2.1212527751922607 38.868247985839844 0.11012751217042122 -0.8791463876684056 -0.46365241303453564 145 134 104
6.5749616622924805 5.003810882568359 35.3399543762207 0.26029846424212116 -0.8819197444250495 -0.39301688755885317 98 85 62
-19.796245574951172 -17.189748764038086 94.30218505859375 -0.03798027887844904 0.9373118475769451 0.34641593324818193 143 137 105
0.3287033438682556 7.051877975463867 30.144634246826172 -0.05506690185744153 -0.7917929221760451 -0.6083022313881005 71 70 40
-2.420480966567993 2.1101796627044678 39.40327453613281 0.011634361657096295 -0.9253958466402202 -0.3788234003462056 165 143 130
5.097123146057129 4.825050354003906 35.22258377075195 0.07549959868230777 -0.8759576006950528 -0.476443168051948 109 89 56
-2.1329185962677 -0.9177341461181641 45.565879821777344 0.13883956201073314 -0.8357562599734338 -0.531257988114895 115 104 72
1.9005299806594849 3.2821412086486816 25.38321876525879 -0.8369682508473555 0.42689659504261074 -0.342408300446329 157 150 96
1.6397820711135864 5.715977191925049 33.65778732299805 0.0899818336091296 -0.8779829103109358 -0.4701587804372886 161 153 104
2.5723421573638916 2.752528429031372 24.655982971191406 0.17633453096030563 -0.7775214524542551 -0.603627802676811 189 170 164
5.686176776885986 8.233057975769043 29.05282974243164 0.08738648628381546 0.9640621233035412 0.2508940502013471 126 122 85
6.187341690063477 -4.27645206451416 60.451454162597656 0.4290140192515118 -0.8888336682838476 0.16100211616852117 200 192 171
-11.490679740905762 6.200835227966309 31.299087524414062 -0.15299648761461887 0.8690278377227492 0.47051322196141565 104 94 59
-5.968825340270996 8.896794319152832 27.517419815063477 -0.30483852471902834 -0.8229768929630136 -0.47935634709062824 123 117 83
-8.640639305114746 7.455697059631348 29.822040557861328 0.04205357867147936 -0.8375880460073999 -0.544681339598143 150 140 105
7.5607075691223145 -1.1119744777679443 51.390628814697266 0.27239036298618363 -0.9385422870055158 -0.21199496610700788 120 106 74
1.9538371562957764 6.040044784545898 32.89204406738281 -0.11846397631010319 -0.9322509455894352 -0.3418690696222803 154 139 106
-7.925459861755371 3.0396389961242676 37.19340515136719 0.10086423816863242 -0.81781592914037 -0.5665717178812709 157 144 111
-6.33802604675293 -0.29315152764320374 43.620994567871094 0.09277977905930815 -0.8822574789467548 -0.46153402197478594 156 145 117
3.4918246269226074 7.21425724029541 26.336679458618164 0.6782850655833844 0.28280120504779555 -0.6781982366757223 161 147 135
-5.816678047180176 8.523738861083984 27.93172836303711 0.07489435026087272 -0.7943279404704431 -0.6028548409749945 89 78 50
-19.867198944091797 -0.2126891016960144 43.68539047241211 -0.017354997171928527 -0.8580116823660674 -0.5133368845081298 49 42 16
-11.570085525512695 1.6158276796340942 39.618377685546875 -0.10400670291717184 -0.8791909359268059 -0.4649794661406526 122 111 79
7.616265773773193 7.889491081237793 29.715679168701172 0.0695423613021311 -0.5939006115640552 -0.8015272444330044 124 118 83
8.784082412719727 5.120960712432861 35.66777420043945 0.774308736552965 -0.5297723954490595 -0.34610285973669186 144 136 89
25.857593536376953 11.874593734741211 33.379119873046875 0.41600364025304143 -0.6863954176351826 -0.5964916612540712 57 47 48
26.96704864501953 13.22445297241211 32.21392059326172 0.37100757185666056 -0.7703183834014316 -0.5186163994888994 75 66 57
0.793225109577179 5.394906520843506 34.203311920166016 0.04735947507693076 -0.8748606613331587 -0.48205383866550205 159 146 114
18.595048904418945 0.4723672866821289 57.381134033203125 0.18433195691960996 -0.9459481633389588 -0.26684040536215325 143 134 93
1.1788815259933472 6.019598960876465 33.07541275024414 -0.03139563237183983 -0.8021072552239313 -0.596354144267568 150 130 105
-11.524885177612305 0.6293628215789795 41.208648681640625 0.009130022262688995 -0.8481759638438148 -0.5296358910148541 103 92 61
-5.3102335929870605 -4.741288185119629 59.078487396240234 0.15377939758535109 -0.9627057654324008 -0.22259718345365792 124 110 84
6.850001811981201 7.974472522735596 29.72836685180664 0.05065310404969372 -0.9157647165790549 -0.3985087789735805 138 121 110
9.260244369506836 7.987414836883545 30.76145362854004 0.3199844351243874 -0.8219399003453879 -0.47119503551962505 99 98 50
19.25857162475586 -8.263919830322266 81.1606674194336 -0.20125533452655206 0.9112234208994117 0.3593997322327603 67 51 35
-29.82464027404785 -14.502425193786621 87.88182067871094 0.0010662777156125339 0.9006143798466689 0.4346177652434756 103 96 67
-8.036300659179688 5.810607433319092 32.519081115722656 -0.34303398161435766 0.750886009422784 0.5643561715007007 124 109 78
-8.48471450805664 2.166145086288452 38.56531524658203 -0.18522791705600136 0.875546024423702 0.4462171868708615 99 86 51
9.711902618408203 8.034746170043945 30.495691299438477 0.11339034008724057 -0.929073173715927 -0.3520875866262756 92 92 42
-17.257078170776367 2.108572006225586 38.6982536315918 -0.016494735581247845 -0.8961005719253158 -0.44354446078519205 102 95 67
17.059955596923828 -2.2344038486480713 65.02323913574219 0.31771998708122756 -0.9277773353189948 -0.19566099733337308 96 86 61
-8.942419052124023 5.614943027496338 32.1010627746582 -0.8018055377340227 0.44700252513363814 -0.39660638192445435 136 133 82
9.458114624023438 8.464458465576172 29.81412696838379 0.1574942563946192 -0.8545591489784707 -0.4948981916514725 117 116 72
11.005560874938965 3.330018997192383 41.143150329589844 0.25258426459616673 -0.9426333037480334 -0.2182742402196876 123 106 86
-29.954317092895508 -13.971453666687012 85.24900817871094 0.014470761722808406 0.8970652555156644 0.4416610967719227 148 139 108
-7.148490905761719 6.971343994140625 30.60573387145996 -0.13595429740661008 -0.7677448573822306 -0.6261663221379877 149 140 99
-0.3555143475532532 7.919378280639648 28.70977020263672 0.28076052079432673 -0.8370488308984279 -0.4695985356183226 137 235 251
-6.79456901550293 8.214948654174805 28.50714111328125 0.057605175892788865 -0.8067643815393714 -0.5880585654420456 123 109 74
-8.462077140808105 7.475215435028076 29.85022735595703 -0.014847808203930534 -0.8210157754454727 -0.570712396099128 106 93 60
19.32992172241211 -5.483221054077148 75.70845794677734 -0.26997158637093216 0.8620673290998515 0.42890006137911707 105 89 74
-0.4693470895290375 -3.1721584796905518 64.79850006103516 0.028571489841842154 -0.9963825273400679 -0.08003454991212106 160 156 66
-3.878385305404663 6.801535129547119 31.327482223510742 0.05832975323086372 -0.8044505808137067 -0.5911487993022709 107 90 60
-5.2195000648498535 6.908365249633789 30.95389747619629 0.06503464173842101 -0.8130277971915632 -0.5785812789641485 151 142 99
-8.222220420837402 4.510009765625 34.16647720336914 0.11203224421188665 -0.85386060953837 -0.5083019139602086 116 101 68
-10.43563461303711 1.3696095943450928 40.32511901855469 -0.012477038226035898 -0.9391842693788867 -0.34318687572276557 110 99 69
-17.620849609375 2.5991082191467285 37.57857894897461 0.03428894064659357 -0.8819802196934408 -0.4700374034253496 116 107 76
-10.404091835021973 7.620444297790527 29.54149055480957 0.09192608323862714 -0.8606839264778644 -0.5007721776647054 138 132 96
-13.493901252746582 5.046132564544678 33.942848205566406 0.07352002674462826 -0.8697605925418395 -0.48796651250750595 106 97 66
-4.646912097930908 5.197525501251221 33.915550231933594 0.03172493927930652 -0.8542117049388653 -0.5189565409291624 78 65 46
36.30372619628906 12.065629959106445 37.057682037353516 0.23764989121656055 -0.8602616357355728 -0.45107920289713443 62 55 48
-0.23957054316997528 8.498502731323242 28.476999282836914 -0.329890074769765 0.8487497236401146 0.4132752656392928 93 83 48
-1.888079047203064 8.208355903625488 28.851173400878906 0.00020573032210671497 -0.8842245164187549 -0.46706205394899464 111 103 60
-12.194196701049805 7.930112361907959 28.205951690673828 -0.027819324401641598 -0.8752259640208632 -0.48291365386949575 112 103 72
2.246269702911377 -4.839130401611328 58.28678512573242 -0.45673043558035525 0.5882403054522644 0.6673609609918799 126 115 87
-3.6744885444641113 0.9459623098373413 42.00416564941406 0.15217069397008884 -0.9188314211641498 -0.3641330792143577 149 127 114
8.884941101074219 7.791963577270508 30.713951110839844 0.363157903190663 -0.7825823694510862 -0.5056492582556454 127 122 80
1.6266318559646606 6.074973106384277 26.87427520751953 -0.9004646315617845 0.14980020138148809 -0.4083177034765523 124 114 115
-3.708233594894409 -0.7595047950744629 44.811546325683594 0.1634236128293901 -0.8635644641770726 -0.47702110957520005 131 117 90
-10.25373649597168 3.1257169246673584 36.95565414428711 0.08853900480802722 -0.8867986548270103 -0.4535956243446455 128 118 83
-3.6288669109344482 1.477237582206726 40.521488189697266 0.1563093236056126 -0.8378784055919025 -0.5229982531488294 98 82 57
-8.931947708129883 5.463956832885742 32.938255310058594 0.1497617787012438 -0.8391375600797651 -0.5228953670703327 124 114 77
23.371335983276367 7.989802837371826 37.41716766357422 0.34489801204764425 -0.8189233422465382 -0.4587046117158002 33 26 18
23.897005081176758 7.4124579429626465 39.309120178222656 0.3494989825735981 -0.8886755235071642 -0.2968270120782257 44 36 33
-10.0186767578125 6.815126419067383 30.35057830810547 0.1401774587858246 -0.7487705264868063 -0.6478371544709515 149 139 104
-6.317990303039551 -3.9194960594177246 53.60159683227539 0.19639488383187267 -0.9170795645879236 -0.3469785610378394 156 142 113
10.147579193115234 6.834725379943848 33.27444076538086 0.27000968773371686 -0.802896044240496 -0.5314628027180307 151 139 118
23.064716339111328 -6.652597904205322 78.03045654296875 0.24243338577957813 -0.897651551551295 -0.3680322614350583 123 103 94
34.59300994873047 3.7522003650665283 56.62004089355469 -0.12823370957403443 0.908962037167683 0.3966662712115287 57 53 42
7.4011993408203125 3.9187982082366943 37.517337799072266 -0.027257259689731854 -0.9578004976096097 -0.28613851291462 126 110 81
-0.6779206395149231 -0.024800918996334076 44.48844528198242 0.06871537653687042 -0.8375058726784931 -0.5420905000610432 101 88 62
-6.827489376068115 4.8124566078186035 34.39869689941406 0.16287239709503837 -0.840622862717297 -0.5165518221258077 112 100 78
-0.4221879839897156 5.232562065124512 34.20652389526367 0.1032081316449916 -0.8445259995792589 -0.5254749447851954 115 99 73
18.66966438293457 4.683382034301758 41.7639045715332 0.22335274078569323 -0.8657419254314443 -0.44788890557120814 68 59 42
-15.388325691223145 1.160700798034668 39.48778533935547 -0.18532093317895637 -0.880268162894833 -0.4367884077209891 151 142 111
9.498517036437988 5.030447483062744 36.59149932861328 0.20976096007820266 -0.7997268254579879 -0.5625276386720564 97 85 59
1.1107267141342163 7.804099082946777 29.924072265625 0.07396993683470073 -0.8400714940844076 -0.53740890695211 66 60 48
-3.973971366882324 3.23757266998291 37.572628021240234 0.0254723211844531 -0.8636065455817181 -0.5035224873646539 108 92 77
12.49764347076416 6.781898021697998 34.60856628417969 0.06142516923372507 -0.8968442930331939 -0.4380607978790146 142 129 116
37.45932388305664 7.895443439483643 49.021305084228516 -0.13079931655264473 0.9274559912601126 0.3503097530259223 63 49 36
-2.2221603393554688 7.039025783538818 30.90997886657715 0.029012676008154766 -0.719608781847097 -0.693773353278564 75 60 30
-8.602521896362305 4.8427557945251465 33.78175354003906 0.0988105512733314 -0.7784662350324049 -0.619860303513246 113 103 68
36.19679641723633 2.0750930309295654 63.05243682861328 -0.1194571351130918 0.9508316532707038 0.2857431714128498 72 65 54
-14.155726432800293 3.5735690593719482 36.037261962890625 0.054725932400149974 -0.9109955915945862 -0.40876901107858415 122 116 82
0.9311606884002686 2.058387517929077 40.12940216064453 0.08742280887503097 -0.9223581061871774 -0.3763147305636644 110 95 66
-0.6094533205032349 8.360583305358887 28.2457332611084 0.04604901925656581 -0.6613789468065948 -0.74863701254113 141 134 80
2.8989052772521973 -1.9847406148910522 51.91827392578125 0.028954464842255105 -0.9903539688912432 -0.13550149544215867 136 126 99
-10.711411476135254 4.055291652679443 35.183467864990234 0.054567800583524007 -0.909464993187565 -0.4121841594552354 165 155 120
5.8314528465271 5.972257614135742 33.255306243896484 -0.044875813747288204 -0.894979099906374 -0.44384521183774817 113 104 65
13.91696834564209 7.628457069396973 33.251468658447266 0.1397081007235598 -0.8656713280053562 -0.4807232035814989 67 60 44
2.1531102657318115 0.3614400625228882 24.1567440032959 -0.07648286373105556 0.5145709497073011 -0.8540299229376117 100 88 74
5.913315296173096 8.20891284942627 28.766006469726562 -0.34140022438449635 0.939405460693255 0.03103654635925108 149 133 117
-15.148314476013184 -5.3249311447143555 54.73699951171875 0.08286462627896712 -0.9468664376101452 -0.31076905096730606 174 162 127
-8.961780548095703 6.0168776512146 32.23502731323242 0.056126636574300254 -0.8119282938668383 -0.5810527052560218 135 131 84
-8.690927505493164 6.3699421882629395 31.44955825805664 0.09344580582727291 -0.8039739550239117 -0.5872765626316968 148 143 105
-4.410107612609863 7.926925182342529 29.155046463012695 0.07378984779360184 -0.8972132828972414 -0.43538877265652093 118 104 67
10.478981018066406 -17.807472229003906 110.26333618164062 -0.2058008324239899 0.8994550388652903 0.3855212710518481 107 91 66
-4.7377119064331055 1.6087005138397217 40.05320739746094 0.05146610786545008 -0.8355911551741857 -0.5469357010982658 111 94 74
22.195289611816406 7.920542240142822 36.35433578491211 0.1885760968775116 -0.8854821505589067 -0.42468861148848497 68 53 50
-12.222232818603516 2.3099896907806396 38.35075378417969 -0.07355187701343019 -0.8664645772647642 -0.49379070235596256 136 128 91
6.488313674926758 1.070258617401123 42.670066833496094 -0.015422416241313616 -0.8968214302307823 -0.44212381903273845 83 62 41
29.738731384277344 4.035843849182129 53.100318908691406 -0.0779747354948793 0.9798176360382792 0.18405798198627973 64 59 40
2.9001643657684326 3.2140097618103027 24.636438369750977 -0.033691690854757164 0.1659475072328698 -0.985558874350256 74 53 53
19.45551300048828 3.7956607341766357 43.93764877319336 0.18948720683385725 -0.8912020160850149 -0.4121329457496789 72 68 33
-9.290993690490723 -11.235937118530273 81.28506469726562 -0.07630229173788446 0.9136236183243601 0.39933675552777725 147 136 105
-0.060914214700460434 0.19525906443595886 44.23292922973633 0.10057708709993846 -0.8517835481616062 -0.5141488467668837 106 91 59
20.053726196289062 10.341261863708496 31.44319725036621 0.22597632468837756 -0.8620904333031768 -0.45357996592384264 42 33 26
-8.879191398620605 1.1711220741271973 40.74082565307617 -0.023874674925582096 -0.9281763023484613 -0.3713741397242621 94 84 88
5.083375930786133 1.3959459066390991 41.558284759521484 0.22969954096177805 -0.874744024969198 -0.4266860809337883 130 112 88
11.72612476348877 3.4955689907073975 40.16997528076172 0.328658828724008 -0.8355807042541448 -0.4402138809486943 71 57 30
-2.0879344940185547 8.62289047241211 28.15520668029785 -0.06586625948424177 -0.9202523140780947 -0.38574254924167484 86 76 41
-0.7999914288520813 -2.0490670204162598 49.64344024658203 0.2032582225249312 -0.9454242630977948 -0.25467441513037353 133 116 96
-11.402522087097168 6.154067516326904 31.336423873901367 -0.023169151733678728 -0.851094713139595 -0.5245006955894079 120 111 70
7.920738697052002 -11.366503715515137 84.45756530761719 -0.15338832361699395 0.8943117452742874 0.420331445935736 143 132 102
-1.240591049194336 -1.6703191995620728 47.55368423461914 0.1350600533693056 -0.9274914635267385 -0.3485948465897187 154 145 114
-27.717592239379883 -4.334417343139648 51.67293930053711 -0.1832204342378261 -0.922292761947474 -0.34030329668841247 130 126 94
-5.504415512084961 -1.4875174760818481 47.11792755126953 0.03970714821224042 -0.918632125778123 -0.39311367296141925 108 92 75
28.210357666015625 11.880324363708496 34.6083984375 0.16253162427323598 -0.7288776642936851 -0.6650720424171247 51 43 40
-4.011394023895264 -0.29790717363357544 44.07294464111328 0.03554747464071059 -0.8920810977036006 -0.4504749628632065 139 124 103
-3.024890899658203 5.625303268432617 33.28483581542969 0.07003470854220264 -0.7979968380717354 -0.5985784710686824 105 90 65
-12.735321998596191 6.362992286682129 30.87428092956543 -0.07259513862463786 -0.8600188075541115 -0.505071872609507 114 106 69
2.671952486038208 2.7835500240325928 25.034090042114258 -0.14144388225128668 0.00794061304915557 -0.989914428038145 169 151 149
0.6392262578010559 1.6302443742752075 40.77838897705078 -0.013002788722303656 -0.9133097443023586 -0.4070580283544396 86 70 44
-1.7451934814453125 7.580173015594482 29.588769912719727 -0.04203770973778831 -0.8324848169986601 -0.5524507764739848 125 108 64
31.998878479003906 3.761945962905884 56.055824279785156 -0.07750764159051911 0.9760078200806901 0.20347309560827648 59 45 34
6.226463794708252 -0.46231165528297424 47.26655960083008 0.16825671891218075 -0.9509268942326236 -0.2596684778058441 111 97 70
-9.04665470123291 9.105198860168457 27.227401733398438 -0.03449038030015776 -0.873238458546759 -0.48607099088675376 126 120 84
-10.31209945678711 -3.8141746520996094 51.862159729003906 -0.15658565972581426 0.8745010256353386 0.4590521618846509 80 69 40
12.141318321228027 -1.7203059196472168 55.64985656738281 0.5331178298314383 -0.7001242866290929 -0.4749856448230001 116 104 78
-12.555171012878418 -2.939044952392578 48.24907302856445 0.0861005817397802 -0.9573245087920641 -0.2758921432192372 143 134 103
13.705586433410645 -7.624266624450684 77.51396942138672 -0.013081923129353705 0.8915800754162574 0.452674090718674 139 125 98
-9.680028915405273 -0.7437982559204102 43.53022384643555 -0.1526040028225299 -0.3673135654478455 -0.9174926500852921 102 90 64
8.256006240844727 9.46191692352295 27.151065826416016 0.13531647364241273 -0.8450933630749322 -0.5172104597237791 103 104 60
4.336510181427002 5.641119956970215 33.734771728515625 0.036103810641551395 -0.8953953588168838 -0.4438058880483035 101 87 52
-8.829972267150879 7.977599620819092 28.86945343017578 0.10673075594250025 -0.7867828874056327 -0.6079319318982985 100 85 62
14.15175724029541 7.967062473297119 32.80388259887695 0.14357867181475245 -0.8697087067004633 -0.47222021397788455 51 51 27
3.298525094985962 1.8651492595672607 25.056655883789062 0.9432787481294586 -0.18708603631775583 -0.27426997346088217 67 62 46
-11.096939086914062 3.142181873321533 36.61845397949219 -0.02715060938395395 -0.8584777671988533 -0.51213159210827 149 137 99
-3.0388526916503906 5.9791998863220215 32.820858001708984 0.029784017370177107 -0.933385654550087 -0.35763687196568344 149 140 99
5.0135602951049805 5.212242603302002 34.5034065246582 0.18997604893098588 -0.8162608490278803 -0.5455523138772812 123 107 71
19.035905838012695 2.670168161392212 46.85635757446289 -0.031511206136436536 0.980076345130909 0.19610558789250784 106 101 61
-9.797533988952637 7.680495738983154 28.96810531616211 0.17815938036861684 -0.827522763186922 -0.5324146049782563 166 160 126
0.2645605802536011 3.6168720722198486 36.997154235839844 0.24144776212507887 -0.7962666248899665 -0.5546732734242135 106 89 59
6.7655839920043945 6.330949783325195 32.418785095214844 0.026349445325150968 -0.8710744790910956 -0.49044363448538386 155 148 93
11.85784912109375 8.199538230895996 31.24571990966797 0.3453474292289395 -0.7158691003005212 -0.6068497213972216 124 119 79
21.631025314331055 11.842226028442383 30.113750457763672 0.38811538296921416 -0.7321154450672143 -0.5597976639793124 52 38 37
-3.973519802093506 4.51633358001709 35.279624938964844 -0.012360807850026159 -0.8725483324893561 -0.48837139340806923 191 179 155
22.251934051513672 8.606422424316406 35.28728103637695 0.1988425125933734 -0.855540675969219 -0.47802908588043685 39 31 29
-24.71344566345215 -2.4353420734405518 46.69111251831055 0.08854783749425509 -0.8991316791405132 -0.4286274653368029 118 112 80
44.236907958984375 -5.163825511932373 95.53711700439453 -0.240001466924607 0.9056490428063031 0.3495698887748534 126 111 88
2.04013729095459 6.130112171173096 26.329553604125977 -0.7251498776893701 0.13038590708551875 -0.6761339882897305 79 60 66
10.137670516967773 9.762359619140625 27.71041488647461 0.09240056118672446 -0.895321922223257 -0.43573018242810624 104 97 69
12.982282638549805 -2.9991698265075684 59.27534103393555 0.31613430221542543 -0.8893407598442614 -0.3303515034662281 141 122 89
18.381879806518555 7.7747626304626465 35.176822662353516 0.04806034883657502 0.9713230932542387 0.2328554302152384 102 94 82
34.1949577331543 7.162612438201904 47.266510009765625 0.26080913974795433 -0.8684163371158053 -0.4217009106633515 68 61 53
1.5686964988708496 7.976502895355225 27.976381301879883 -0.8056980648778346 0.19662667209656973 -0.5587383824942949 52 44 41
17.819774627685547 9.831403732299805 31.429977416992188 -0.004294409498406544 -0.8073254381914314 -0.5900908361397194 63 49 45
19.023845672607422 11.987582206726074 28.58503532409668 0.33547558802407557 -0.8060201052486232 -0.48763482215167786 82 68 67
